entity_type	item_const	item_name	method	map	region	x	y	flag	quantity	price	pocket	hold_effect	earliest_gate	prerequisites	missable	source_file	confidence	earliest_gate_confidence	access_wave
item	ITEM_STORAGE_KEY	Storage Key	ground	AbandonedShip_CaptainsOffice	ABANDONED_SHIP	0	6	FLAG_ITEM_ABANDONED_SHIP_CAPTAINS_OFFICE_STORAGE_KEY	1	0	KEY_ITEMS	NONE	UNK	UNK	UNK	data/maps/AbandonedShip_CaptainsOffice/map.json	Measured	NA	9
item	ITEM_LUXURY_BALL	Luxury Ball	ground	AbandonedShip_HiddenFloorRooms	ABANDONED_SHIP	41	4	FLAG_ITEM_ABANDONED_SHIP_HIDDEN_FLOOR_ROOM_6_LUXURY_BALL	1	100	POKE_BALLS	NONE	UNK	UNK	UNK	data/maps/AbandonedShip_HiddenFloorRooms/map.json	Measured	NA	UNK
item	ITEM_SCANNER	Scanner	ground	AbandonedShip_HiddenFloorRooms	ABANDONED_SHIP	16	10	FLAG_ITEM_ABANDONED_SHIP_HIDDEN_FLOOR_ROOM_2_SCANNER	1	0	KEY_ITEMS	NONE	UNK	UNK	UNK	data/maps/AbandonedShip_HiddenFloorRooms/map.json	Measured	NA	UNK
item	ITEM_HEAL_BALL	Heal Ball	ground	AbandonedShip_HiddenFloorRooms	ABANDONED_SHIP	5	11	FLAG_ITEM_ABANDONED_SHIP_HIDDEN_FLOOR_ROOM_1_TM_RAIN_DANCE	1	100	POKE_BALLS	NONE	UNK	UNK	UNK	data/maps/AbandonedShip_HiddenFloorRooms/map.json	Measured	NA	UNK
item	ITEM_WATER_STONE	Water Stone	ground	AbandonedShip_HiddenFloorRooms	ABANDONED_SHIP	31	11	FLAG_ITEM_ABANDONED_SHIP_HIDDEN_FLOOR_ROOM_3_WATER_STONE	1	500	ITEMS	NONE	UNK	UNK	UNK	data/maps/AbandonedShip_HiddenFloorRooms/map.json	Measured	NA	UNK
item	ITEM_OLD_SEA_MAP	Old Sea Map	ground	AbandonedShip_HiddenFloorRooms	ABANDONED_SHIP	9	2	FLAG_ENABLE_SHIP_FARAWAY_ISLAND	1	0	KEY_ITEMS	NONE	UNK	UNK	UNK	data/maps/AbandonedShip_HiddenFloorRooms/map.json	Measured	NA	UNK
item	ITEM_KEY_TO_ROOM_1	Key to Room 1	hidden	AbandonedShip_HiddenFloorRooms	ABANDONED_SHIP	42	10	FLAG_HIDDEN_ITEM_ABANDONED_SHIP_RM_1_KEY	1	0	KEY_ITEMS	NONE	UNK	UNK	UNK	data/maps/AbandonedShip_HiddenFloorRooms/map.json	Measured	NA	UNK
item	ITEM_KEY_TO_ROOM_2	Key to Room 2	hidden	AbandonedShip_HiddenFloorRooms	ABANDONED_SHIP	20	5	FLAG_HIDDEN_ITEM_ABANDONED_SHIP_RM_2_KEY	1	0	KEY_ITEMS	NONE	UNK	UNK	UNK	data/maps/AbandonedShip_HiddenFloorRooms/map.json	Measured	NA	UNK
item	ITEM_KEY_TO_ROOM_4	Key to Room 4	hidden	AbandonedShip_HiddenFloorRooms	ABANDONED_SHIP	1	12	FLAG_HIDDEN_ITEM_ABANDONED_SHIP_RM_4_KEY	1	0	KEY_ITEMS	NONE	UNK	UNK	UNK	data/maps/AbandonedShip_HiddenFloorRooms/map.json	Measured	NA	UNK
item	ITEM_KEY_TO_ROOM_6	Key to Room 6	hidden	AbandonedShip_HiddenFloorRooms	ABANDONED_SHIP	1	2	FLAG_HIDDEN_ITEM_ABANDONED_SHIP_RM_6_KEY	1	0	KEY_ITEMS	NONE	UNK	UNK	UNK	data/maps/AbandonedShip_HiddenFloorRooms/map.json	Measured	NA	UNK
item	ITEM_FULL_RESTORE	Full Restore	ground	AbandonedShip_Room_B1F	ABANDONED_SHIP	4	4	FLAG_ITEM_ABANDONED_SHIP_ROOMS_B1F_TM_ICE_BEAM	1	3000	ITEMS	NONE	UNK	UNK	UNK	data/maps/AbandonedShip_Room_B1F/map.json	Measured	NA	11
item	ITEM_REVIVE	Revive	ground	AbandonedShip_Rooms2_1F	ABANDONED_SHIP	4	4	FLAG_ITEM_ABANDONED_SHIP_ROOMS_2_1F_REVIVE	1	7	ITEMS	NONE	UNK	UNK	UNK	data/maps/AbandonedShip_Rooms2_1F/map.json	Measured	NA	10
item	ITEM_DIVE_BALL	Dive Ball	ground	AbandonedShip_Rooms2_B1F	ABANDONED_SHIP	13	3	FLAG_ITEM_ABANDONED_SHIP_ROOMS_2_B1F_DIVE_BALL	1	100	POKE_BALLS	NONE	UNK	UNK	UNK	data/maps/AbandonedShip_Rooms2_B1F/map.json	Measured	NA	11
item	ITEM_HARBOR_MAIL	Harbor Mail	ground	AbandonedShip_Rooms_1F	ABANDONED_SHIP	4	5	FLAG_ITEM_ABANDONED_SHIP_ROOMS_1F_HARBOR_MAIL	1	50	ITEMS	NONE	UNK	UNK	UNK	data/maps/AbandonedShip_Rooms_1F/map.json	Measured	NA	10
item	ITEM_REVIVE	Revive	ground	AbandonedShip_Rooms_B1F	ABANDONED_SHIP	6	7	FLAG_ITEM_ABANDONED_SHIP_ROOMS_B1F_ESCAPE_ROPE	1	7	ITEMS	NONE	UNK	UNK	UNK	data/maps/AbandonedShip_Rooms_B1F/map.json	Measured	NA	11
item	ITEM_MASTER_BALL	Master Ball	ground	AncientTomb	ANCIENT_TOMB	8	7	FLAG_ITEM_ANCIENT_TOMB_MASTER_BALL	1	0	POKE_BALLS	NONE	UNK	UNK	UNK	data/maps/AncientTomb/map.json	Measured	NA	10
item	ITEM_MAX_ELIXIR	Max Elixir	ground	AquaHideout_B1F	AQUA_HIDEOUT	29	12	FLAG_ITEM_AQUA_HIDEOUT_B1F_MAX_ELIXIR	1	100	ITEMS	NONE	14	UNK	UNK	data/maps/AquaHideout_B1F/map.json	Measured	Inferred	10
item	ITEM_MASTER_BALL	Master Ball	ground	AquaHideout_B1F	AQUA_HIDEOUT	15	9	FLAG_ITEM_AQUA_HIDEOUT_B1F_MASTER_BALL	1	0	POKE_BALLS	NONE	14	UNK	UNK	data/maps/AquaHideout_B1F/map.json	Measured	Inferred	10
item	ITEM_NUGGET	Nugget	ground	AquaHideout_B1F	AQUA_HIDEOUT	15	10	FLAG_ITEM_AQUA_HIDEOUT_B1F_NUGGET	1	10000	ITEMS	NONE	14	UNK	UNK	data/maps/AquaHideout_B1F/map.json	Measured	Inferred	10
item	ITEM_NEST_BALL	Nest Ball	ground	AquaHideout_B2F	AQUA_HIDEOUT	3	13	FLAG_ITEM_AQUA_HIDEOUT_B2F_NEST_BALL	1	100	POKE_BALLS	NONE	14	UNK	UNK	data/maps/AquaHideout_B2F/map.json	Measured	Measured	11
item	ITEM_CARBOS	Carbos	ground	ArtisanCave_1F	ARTISAN_CAVE	14	5	FLAG_ITEM_ARTISAN_CAVE_1F_CARBOS	1	7	ITEMS	NONE	UNK	UNK	UNK	data/maps/ArtisanCave_1F/map.json	Measured	NA	9
item	ITEM_HP_UP	HP Up	ground	ArtisanCave_B1F	ARTISAN_CAVE	32	38	FLAG_ITEM_ARTISAN_CAVE_B1F_HP_UP	1	7	ITEMS	NONE	UNK	UNK	UNK	data/maps/ArtisanCave_B1F/map.json	Measured	NA	10
item	ITEM_ZINC	Zinc	hidden	ArtisanCave_B1F	ARTISAN_CAVE	32	29	FLAG_HIDDEN_ITEM_ARTISAN_CAVE_B1F_ZINC	1	7	ITEMS	NONE	UNK	UNK	UNK	data/maps/ArtisanCave_B1F/map.json	Measured	NA	10
item	ITEM_CALCIUM	Calcium	hidden	ArtisanCave_B1F	ARTISAN_CAVE	27	8	FLAG_HIDDEN_ITEM_ARTISAN_CAVE_B1F_CALCIUM	1	7	ITEMS	NONE	UNK	UNK	UNK	data/maps/ArtisanCave_B1F/map.json	Measured	NA	10
item	ITEM_PROTEIN	Protein	hidden	ArtisanCave_B1F	ARTISAN_CAVE	7	5	FLAG_HIDDEN_ITEM_ARTISAN_CAVE_B1F_PROTEIN	1	7	ITEMS	NONE	UNK	UNK	UNK	data/maps/ArtisanCave_B1F/map.json	Measured	NA	10
item	ITEM_IRON	Iron	hidden	ArtisanCave_B1F	ARTISAN_CAVE	19	43	FLAG_HIDDEN_ITEM_ARTISAN_CAVE_B1F_IRON	1	7	ITEMS	NONE	UNK	UNK	UNK	data/maps/ArtisanCave_B1F/map.json	Measured	NA	10
item	ITEM_MASTER_BALL	Master Ball	ground	DesertRuins	DESERT_RUINS	8	7	FLAG_ITEM_DESERT_RUINS_MASTER_BALL	1	0	POKE_BALLS	NONE	UNK	UNK	UNK	data/maps/DesertRuins/map.json	Measured	NA	7
item	ITEM_NUGGET	Nugget	hidden	FallarborTown	FALLARBOR_TOWN	2	15	FLAG_HIDDEN_ITEM_FALLARBOR_TOWN_NUGGET	1	10000	ITEMS	NONE	UNK	UNK	UNK	data/maps/FallarborTown/map.json	Measured	NA	8
item	ITEM_TM_TEMPER_FLARE	TM164	ground	FieryPath	FIERY_PATH	18	5	FLAG_ITEM_FIERY_PATH_TM_TOXIC	1	100	TM_HM	NONE	UNK	UNK	UNK	data/maps/FieryPath/map.json	Measured	NA	8
item	ITEM_FIRE_STONE	Fire Stone	ground	FieryPath	FIERY_PATH	7	32	FLAG_ITEM_FIERY_PATH_FIRE_STONE	1	500	ITEMS	NONE	UNK	UNK	UNK	data/maps/FieryPath/map.json	Measured	NA	8
item	ITEM_ESCAPE_ROPE	Escape Rope	ground	GraniteCave_1F	GRANITE_CAVE	17	7	FLAG_ITEM_GRANITE_CAVE_1F_ESCAPE_ROPE	1	0	KEY_ITEMS	NONE	UNK	UNK	UNK	data/maps/GraniteCave_1F/map.json	Measured	NA	8
item	ITEM_POKE_BALL	Poké Ball	ground	GraniteCave_B1F	GRANITE_CAVE	15	21	FLAG_ITEM_GRANITE_CAVE_B1F_POKE_BALL	1	200	POKE_BALLS	NONE	UNK	UNK	UNK	data/maps/GraniteCave_B1F/map.json	Measured	NA	9
item	ITEM_REPEL	Repel	ground	GraniteCave_B2F	GRANITE_CAVE	4	4	FLAG_ITEM_GRANITE_CAVE_B2F_REPEL	1	7	ITEMS	NONE	UNK	UNK	UNK	data/maps/GraniteCave_B2F/map.json	Measured	NA	10
item	ITEM_TM_PSYCHIC_NOISE	TM166	ground	GraniteCave_B2F	GRANITE_CAVE	18	2	FLAG_ITEM_GRANITE_CAVE_B2F_RARE_CANDY	1	100	TM_HM	NONE	UNK	UNK	UNK	data/maps/GraniteCave_B2F/map.json	Measured	NA	10
item	ITEM_EVERSTONE	Everstone	hidden	GraniteCave_B2F	GRANITE_CAVE	28	6	FLAG_HIDDEN_ITEM_GRANITE_CAVE_B2F_EVERSTONE_1	1	7	ITEMS	PREVENT_EVOLVE	UNK	UNK	UNK	data/maps/GraniteCave_B2F/map.json	Measured	NA	10
item	ITEM_EVERSTONE	Everstone	hidden	GraniteCave_B2F	GRANITE_CAVE	15	11	FLAG_HIDDEN_ITEM_GRANITE_CAVE_B2F_EVERSTONE_2	1	7	ITEMS	PREVENT_EVOLVE	UNK	UNK	UNK	data/maps/GraniteCave_B2F/map.json	Measured	NA	10
item	ITEM_MASTER_BALL	Master Ball	ground	IslandCave	ISLAND_CAVE	8	7	FLAG_ITEM_ISLAND_CAVE_MASTER_BALL	1	0	POKE_BALLS	NONE	UNK	UNK	UNK	data/maps/IslandCave/map.json	Measured	NA	7
item	ITEM_TM_EARTH_POWER	TM142	ground	JaggedPass	JAGGED_PASS	23	24	FLAG_ITEM_JAGGED_PASS_BURN_HEAL	1	100	TM_HM	NONE	UNK	UNK	UNK	data/maps/JaggedPass/map.json	Measured	NA	8
item	ITEM_FULL_HEAL	Full Heal	hidden	JaggedPass	JAGGED_PASS	8	10	FLAG_HIDDEN_ITEM_JAGGED_PASS_FULL_HEAL	1	100	ITEMS	NONE	UNK	UNK	UNK	data/maps/JaggedPass/map.json	Measured	NA	8
item	ITEM_GREAT_BALL	Great Ball	hidden	JaggedPass	JAGGED_PASS	7	29	FLAG_HIDDEN_ITEM_JAGGED_PASS_GREAT_BALL	1	600	POKE_BALLS	NONE	UNK	UNK	UNK	data/maps/JaggedPass/map.json	Measured	NA	8
item	ITEM_ICE_HEAL	Ice Heal	hidden	LavaridgeTown	LAVARIDGE_TOWN	4	5	FLAG_HIDDEN_ITEM_LAVARIDGE_TOWN_ICE_HEAL	1	7	ITEMS	NONE	8	UNK	UNK	data/maps/LavaridgeTown/map.json	Measured	Inferred	8
item	ITEM_MAX_REPEL	Max Repel	ground	LilycoveCity	LILYCOVE_CITY	61	36	FLAG_ITEM_LILYCOVE_CITY_MAX_REPEL	1	7	ITEMS	NONE	13	UNK	UNK	data/maps/LilycoveCity/map.json	Measured	Measured	8
item	ITEM_HEART_SCALE	Heart Scale	hidden	LilycoveCity	LILYCOVE_CITY	36	31	FLAG_HIDDEN_ITEM_LILYCOVE_CITY_HEART_SCALE	1	100	ITEMS	NONE	13	UNK	UNK	data/maps/LilycoveCity/map.json	Measured	Measured	8
item	ITEM_PP_UP	PP Up	hidden	LilycoveCity	LILYCOVE_CITY	61	7	FLAG_HIDDEN_ITEM_LILYCOVE_CITY_PP_UP	1	1	ITEMS	NONE	13	UNK	UNK	data/maps/LilycoveCity/map.json	Measured	Measured	8
item	ITEM_POKE_BALL	Poké Ball	hidden	LilycoveCity	LILYCOVE_CITY	64	31	FLAG_HIDDEN_ITEM_LILYCOVE_CITY_POKE_BALL	1	200	POKE_BALLS	NONE	13	UNK	UNK	data/maps/LilycoveCity/map.json	Measured	Measured	8
item	ITEM_MASTER_BALL	Master Ball	ground	MagmaHideout_1F	MAGMA_HIDEOUT	3	20	FLAG_ITEM_MAGMA_HIDEOUT_1F_RARE_CANDY	1	0	POKE_BALLS	NONE	UNK	UNK	UNK	data/maps/MagmaHideout_1F/map.json	Measured	NA	9
item	ITEM_MAX_ELIXIR	Max Elixir	ground	MagmaHideout_2F_2R	MAGMA_HIDEOUT	21	7	FLAG_ITEM_MAGMA_HIDEOUT_2F_2R_MAX_ELIXIR	1	100	ITEMS	NONE	UNK	UNK	UNK	data/maps/MagmaHideout_2F_2R/map.json	Measured	NA	10
item	ITEM_FULL_RESTORE	Full Restore	ground	MagmaHideout_2F_2R	MAGMA_HIDEOUT	14	6	FLAG_ITEM_MAGMA_HIDEOUT_2F_2R_FULL_RESTORE	1	3000	ITEMS	NONE	UNK	UNK	UNK	data/maps/MagmaHideout_2F_2R/map.json	Measured	NA	10
item	ITEM_NUGGET	Nugget	ground	MagmaHideout_3F_1R	MAGMA_HIDEOUT	9	16	FLAG_ITEM_MAGMA_HIDEOUT_3F_1R_NUGGET	1	10000	ITEMS	NONE	UNK	UNK	UNK	data/maps/MagmaHideout_3F_1R/map.json	Measured	NA	11
item	ITEM_PP_MAX	PP Max	ground	MagmaHideout_3F_2R	MAGMA_HIDEOUT	5	9	FLAG_ITEM_MAGMA_HIDEOUT_3F_2R_PP_MAX	1	7	ITEMS	NONE	UNK	UNK	UNK	data/maps/MagmaHideout_3F_2R/map.json	Measured	NA	12
item	ITEM_ESCAPE_ROPE	Escape Rope	ground	MagmaHideout_3F_3R	MAGMA_HIDEOUT	9	19	FLAG_ITEM_MAGMA_HIDEOUT_3F_3R_ECAPE_ROPE	1	0	KEY_ITEMS	NONE	UNK	UNK	UNK	data/maps/MagmaHideout_3F_3R/map.json	Measured	NA	11
item	ITEM_MAX_REVIVE	Max Revive	ground	MagmaHideout_4F	MAGMA_HIDEOUT	3	7	FLAG_ITEM_MAGMA_HIDEOUT_4F_MAX_REVIVE	1	4000	ITEMS	NONE	UNK	UNK	UNK	data/maps/MagmaHideout_4F/map.json	Measured	NA	12
item	ITEM_X_SPEED	X Speed	ground	MauvilleCity	MAUVILLE_CITY	28	19	FLAG_ITEM_MAUVILLE_CITY_X_SPEED	1	7	ITEMS	NONE	6	UNK	UNK	data/maps/MauvilleCity/map.json	Measured	Inferred	5
item	ITEM_TM_IRON_TAIL	TM23	ground	MeteorFalls_1F_1R	METEOR_FALLS	3	39	FLAG_ITEM_METEOR_FALLS_1F_1R_TM_IRON_TAIL	1	100	TM_HM	NONE	UNK	UNK	UNK	data/maps/MeteorFalls_1F_1R/map.json	Measured	NA	8
item	ITEM_MOON_STONE	Moon Stone	ground	MeteorFalls_1F_1R	METEOR_FALLS	2	14	FLAG_ITEM_METEOR_FALLS_1F_1R_MOON_STONE	1	500	ITEMS	NONE	UNK	UNK	UNK	data/maps/MeteorFalls_1F_1R/map.json	Measured	NA	8
item	ITEM_FULL_HEAL	Full Heal	ground	MeteorFalls_1F_1R	METEOR_FALLS	27	5	FLAG_ITEM_METEOR_FALLS_1F_1R_FULL_HEAL	1	100	ITEMS	NONE	UNK	UNK	UNK	data/maps/MeteorFalls_1F_1R/map.json	Measured	NA	8
item	ITEM_PP_UP	PP Up	ground	MeteorFalls_1F_1R	METEOR_FALLS	26	32	FLAG_ITEM_METEOR_FALLS_1F_1R_PP_UP	1	1	ITEMS	NONE	UNK	UNK	UNK	data/maps/MeteorFalls_1F_1R/map.json	Measured	NA	8
item	ITEM_MEWTWONITE_X	Mewtwonite X	ground	MeteorFalls_StevensCave	METEOR_FALLS	3	17	FLAG_ITEM_STEVENS_CAVE_MEWTWONITE_X	1	0	MEGA_STONES	MEGA_STONE	UNK	UNK	UNK	data/maps/MeteorFalls_StevensCave/map.json	Measured	NA	9
item	ITEM_MEWTWONITE_Y	Mewtwonite Y	ground	MeteorFalls_StevensCave	METEOR_FALLS	23	15	FLAG_ITEM_STEVENS_CAVE_MEWTWONITE_Y	1	0	MEGA_STONES	MEGA_STONE	UNK	UNK	UNK	data/maps/MeteorFalls_StevensCave/map.json	Measured	NA	9
item	ITEM_TM_DARK_HOLE	TM161	ground	MeteorFalls_StevensCave	METEOR_FALLS	14	21	FLAG_ITEM_STEVENS_CAVE_DARK_HOLE	1	100	TM_HM	NONE	UNK	UNK	UNK	data/maps/MeteorFalls_StevensCave/map.json	Measured	NA	9
item	ITEM_NET_BALL	Net Ball	ground	MossdeepCity	MOSSDEEP_CITY	62	35	FLAG_ITEM_MOSSDEEP_CITY_NET_BALL	1	100	POKE_BALLS	NONE	15	UNK	UNK	data/maps/MossdeepCity/map.json	Measured	Inferred	8
item	ITEM_ULTRA_BALL	Ultra Ball	ground	MtPyre_2F	MT_PYRE	0	10	FLAG_ITEM_MT_PYRE_2F_ULTRA_BALL	1	7	POKE_BALLS	NONE	UNK	UNK	UNK	data/maps/MtPyre_2F/map.json	Measured	NA	10
item	ITEM_SUPER_REPEL	Super Repel	ground	MtPyre_3F	MT_PYRE	0	7	FLAG_ITEM_MT_PYRE_3F_SUPER_REPEL	1	7	ITEMS	NONE	UNK	UNK	UNK	data/maps/MtPyre_3F/map.json	Measured	NA	11
item	ITEM_SEA_INCENSE	Sea Incense	ground	MtPyre_4F	MT_PYRE	3	11	FLAG_ITEM_MT_PYRE_4F_SEA_INCENSE	1	7	ITEMS	WATER_POWER	UNK	UNK	UNK	data/maps/MtPyre_4F/map.json	Measured	NA	12
item	ITEM_LAX_INCENSE	Lax Incense	ground	MtPyre_5F	MT_PYRE	6	11	FLAG_ITEM_MT_PYRE_5F_LAX_INCENSE	1	7	ITEMS	EVASION_UP	UNK	UNK	UNK	data/maps/MtPyre_5F/map.json	Measured	NA	13
item	ITEM_MAX_REPEL	Max Repel	ground	MtPyre_6F	MT_PYRE	6	9	FLAG_ITEM_MT_PYRE_6F_TM_SHADOW_BALL	1	7	ITEMS	NONE	UNK	UNK	UNK	data/maps/MtPyre_6F/map.json	Measured	NA	14
item	ITEM_MAX_POTION	Max Potion	ground	MtPyre_Exterior	MT_PYRE	27	15	FLAG_ITEM_MT_PYRE_EXTERIOR_MAX_POTION	1	2500	ITEMS	NONE	UNK	UNK	UNK	data/maps/MtPyre_Exterior/map.json	Measured	NA	10
item	ITEM_TM_SLUDGE_WAVE	TM162	ground	MtPyre_Exterior	MT_PYRE	19	40	FLAG_ITEM_MT_PYRE_EXTERIOR_TM_SKILL_SWAP	1	100	TM_HM	NONE	UNK	UNK	UNK	data/maps/MtPyre_Exterior/map.json	Measured	NA	10
item	ITEM_ULTRA_BALL	Ultra Ball	hidden	MtPyre_Exterior	MT_PYRE	9	8	FLAG_HIDDEN_ITEM_MT_PYRE_EXTERIOR_ULTRA_BALL	1	7	POKE_BALLS	NONE	UNK	UNK	UNK	data/maps/MtPyre_Exterior/map.json	Measured	NA	10
item	ITEM_MAX_ETHER	Max Ether	hidden	MtPyre_Exterior	MT_PYRE	16	22	FLAG_HIDDEN_ITEM_MT_PYRE_EXTERIOR_MAX_ETHER	1	2	ITEMS	NONE	UNK	UNK	UNK	data/maps/MtPyre_Exterior/map.json	Measured	NA	10
item	ITEM_ZINC	Zinc	hidden	MtPyre_Summit	MT_PYRE	9	25	FLAG_HIDDEN_ITEM_MT_PYRE_SUMMIT_ZINC	1	7	ITEMS	NONE	UNK	UNK	UNK	data/maps/MtPyre_Summit/map.json	Measured	NA	11
item	ITEM_RARE_CANDY	Rare Candy	hidden	MtPyre_Summit	MT_PYRE	37	7	FLAG_HIDDEN_ITEM_MT_PYRE_SUMMIT_RARE_CANDY	1	7	ITEMS	NONE	UNK	UNK	UNK	data/maps/MtPyre_Summit/map.json	Measured	NA	11
item	ITEM_DIANCITE	Diancite	ground	NavelRock_Entrance	NAVEL_ROCK	10	14	FLAG_ITEM_NAVEL_ROCK_DIANCITE	1	0	MEGA_STONES	MEGA_STONE	UNK	UNK	UNK	data/maps/NavelRock_Entrance/map.json	Measured	NA	UNK
item	ITEM_SACRED_ASH	Sacred Ash	hidden	NavelRock_Top	NAVEL_ROCK	12	9	FLAG_HIDDEN_ITEM_NAVEL_ROCK_TOP_SACRED_ASH	1	7	ITEMS	NONE	UNK	UNK	UNK	data/maps/NavelRock_Top/map.json	Measured	NA	UNK
item	ITEM_TM_SUPERPOWER	TM101	ground	NewMauville_Inside	NEW_MAUVILLE	32	25	FLAG_ITEM_NEW_MAUVILLE_TM_SUPERPOWER	1	100	TM_HM	NONE	UNK	UNK	UNK	data/maps/NewMauville_Inside/map.json	Measured	NA	6
item	ITEM_ESCAPE_ROPE	Escape Rope	ground	NewMauville_Inside	NEW_MAUVILLE	16	22	FLAG_ITEM_NEW_MAUVILLE_ESCAPE_ROPE	1	0	KEY_ITEMS	NONE	UNK	UNK	UNK	data/maps/NewMauville_Inside/map.json	Measured	NA	6
item	ITEM_TM_WILD_CHARGE	TM99	ground	NewMauville_Inside	NEW_MAUVILLE	39	4	FLAG_ITEM_NEW_MAUVILLE_TM_WILD_CHARGE	1	100	TM_HM	NONE	UNK	UNK	UNK	data/maps/NewMauville_Inside/map.json	Measured	NA	6
item	ITEM_FULL_HEAL	Full Heal	ground	NewMauville_Inside	NEW_MAUVILLE	17	10	FLAG_ITEM_NEW_MAUVILLE_FULL_HEAL	1	100	ITEMS	NONE	UNK	UNK	UNK	data/maps/NewMauville_Inside/map.json	Measured	NA	6
item	ITEM_PARALYZE_HEAL	Paralyze Heal	ground	NewMauville_Inside	NEW_MAUVILLE	2	11	FLAG_ITEM_NEW_MAUVILLE_PARALYZE_HEAL	1	7	ITEMS	NONE	UNK	UNK	UNK	data/maps/NewMauville_Inside/map.json	Measured	NA	6
item	ITEM_MAX_REVIVE	Max Revive	ground	PetalburgCity	PETALBURG_CITY	19	2	FLAG_ITEM_PETALBURG_CITY_MAX_REVIVE	1	4000	ITEMS	NONE	10	UNK	UNK	data/maps/PetalburgCity/map.json	Measured	Inferred	4
item	ITEM_ETHER	Ether	ground	PetalburgCity	PETALBURG_CITY	3	28	FLAG_ITEM_PETALBURG_CITY_ETHER	1	2	ITEMS	NONE	10	UNK	UNK	data/maps/PetalburgCity/map.json	Measured	Inferred	4
item	ITEM_RARE_CANDY	Rare Candy	hidden	PetalburgCity	PETALBURG_CITY	11	29	FLAG_HIDDEN_ITEM_PETALBURG_CITY_RARE_CANDY	1	7	ITEMS	NONE	10	UNK	UNK	data/maps/PetalburgCity/map.json	Measured	Inferred	4
item	ITEM_GREAT_BALL	Great Ball	ground	PetalburgWoods	PETALBURG_WOODS	45	7	FLAG_ITEM_PETALBURG_WOODS_GREAT_BALL	1	600	POKE_BALLS	NONE	UNK	UNK	UNK	data/maps/PetalburgWoods/map.json	Measured	NA	6
item	ITEM_X_ATTACK	X Attack	ground	PetalburgWoods	PETALBURG_WOODS	35	20	FLAG_ITEM_PETALBURG_WOODS_X_ATTACK	1	7	ITEMS	NONE	UNK	UNK	UNK	data/maps/PetalburgWoods/map.json	Measured	NA	6
item	ITEM_ETHER	Ether	ground	PetalburgWoods	PETALBURG_WOODS	4	8	FLAG_ITEM_PETALBURG_WOODS_ETHER	1	2	ITEMS	NONE	UNK	UNK	UNK	data/maps/PetalburgWoods/map.json	Measured	NA	6
item	ITEM_PARALYZE_HEAL	Paralyze Heal	ground	PetalburgWoods	PETALBURG_WOODS	4	26	FLAG_ITEM_PETALBURG_WOODS_PARALYZE_HEAL	1	7	ITEMS	NONE	UNK	UNK	UNK	data/maps/PetalburgWoods/map.json	Measured	NA	6
item	ITEM_POTION	Potion	hidden	PetalburgWoods	PETALBURG_WOODS	39	35	FLAG_HIDDEN_ITEM_PETALBURG_WOODS_POTION	1	7	ITEMS	NONE	UNK	UNK	UNK	data/maps/PetalburgWoods/map.json	Measured	NA	6
item	ITEM_TINY_MUSHROOM	Tiny Mushroom	hidden	PetalburgWoods	PETALBURG_WOODS	26	6	FLAG_HIDDEN_ITEM_PETALBURG_WOODS_TINY_MUSHROOM_1	1	500	ITEMS	NONE	UNK	UNK	UNK	data/maps/PetalburgWoods/map.json	Measured	NA	6
item	ITEM_TINY_MUSHROOM	Tiny Mushroom	hidden	PetalburgWoods	PETALBURG_WOODS	40	29	FLAG_HIDDEN_ITEM_PETALBURG_WOODS_TINY_MUSHROOM_2	1	500	ITEMS	NONE	UNK	UNK	UNK	data/maps/PetalburgWoods/map.json	Measured	NA	6
item	ITEM_POKE_BALL	Poké Ball	hidden	PetalburgWoods	PETALBURG_WOODS	4	19	FLAG_HIDDEN_ITEM_PETALBURG_WOODS_POKE_BALL	1	200	POKE_BALLS	NONE	UNK	UNK	UNK	data/maps/PetalburgWoods/map.json	Measured	NA	6
item	ITEM_POTION	Potion	ground	Route102	ROUTE_102	11	15	FLAG_ITEM_ROUTE_102_POTION	1	7	ITEMS	NONE	UNK	UNK	UNK	data/maps/Route102/map.json	Measured	NA	3
item	ITEM_TM_BULLET_SEED	TM09	ground	Route103	ROUTE_103	50	5	FLAG_ITEM_ROUTE_103_GUARD_SPEC	1	1000	TM_HM	NONE	UNK	UNK	UNK	data/maps/Route103/map.json	Measured	NA	3
item	ITEM_PP_UP	PP Up	ground	Route103	ROUTE_103	64	7	FLAG_ITEM_ROUTE_103_PP_UP	1	1	ITEMS	NONE	UNK	UNK	UNK	data/maps/Route103/map.json	Measured	NA	3
item	ITEM_PP_UP	PP Up	ground	Route104	ROUTE_104	39	15	FLAG_ITEM_ROUTE_104_PP_UP	1	1	ITEMS	NONE	UNK	UNK	UNK	data/maps/Route104/map.json	Measured	NA	5
item	ITEM_POKE_BALL	Poké Ball	ground	Route104	ROUTE_104	29	53	FLAG_ITEM_ROUTE_104_POKE_BALL	1	200	POKE_BALLS	NONE	UNK	UNK	UNK	data/maps/Route104/map.json	Measured	NA	5
item	ITEM_TM_STOMPING_TANTRUM	TM110	ground	Route104	ROUTE_104	37	22	FLAG_ITEM_ROUTE_104_X_ACCURACY	1	100	TM_HM	NONE	UNK	UNK	UNK	data/maps/Route104/map.json	Measured	NA	5
item	ITEM_POTION	Potion	ground	Route104	ROUTE_104	5	8	FLAG_ITEM_ROUTE_104_POTION	1	7	ITEMS	NONE	UNK	UNK	UNK	data/maps/Route104/map.json	Measured	NA	5
item	ITEM_SUPER_POTION	Super Potion	hidden	Route104	ROUTE_104	7	6	FLAG_HIDDEN_ITEM_ROUTE_104_SUPER_POTION	1	700	ITEMS	NONE	UNK	UNK	UNK	data/maps/Route104/map.json	Measured	NA	5
item	ITEM_POKE_BALL	Poké Ball	hidden	Route104	ROUTE_104	3	9	FLAG_HIDDEN_ITEM_ROUTE_104_POKE_BALL	1	200	POKE_BALLS	NONE	UNK	UNK	UNK	data/maps/Route104/map.json	Measured	NA	5
item	ITEM_POTION	Potion	hidden	Route104	ROUTE_104	14	55	FLAG_HIDDEN_ITEM_ROUTE_104_POTION	1	7	ITEMS	NONE	UNK	UNK	UNK	data/maps/Route104/map.json	Measured	NA	5
item	ITEM_ANTIDOTE	Antidote	hidden	Route104	ROUTE_104	16	72	FLAG_HIDDEN_ITEM_ROUTE_104_ANTIDOTE	1	7	ITEMS	NONE	UNK	UNK	UNK	data/maps/Route104/map.json	Measured	NA	5
item	ITEM_HEART_SCALE	Heart Scale	hidden	Route104	ROUTE_104	16	64	FLAG_HIDDEN_ITEM_ROUTE_104_HEART_SCALE	1	100	ITEMS	NONE	UNK	UNK	UNK	data/maps/Route104/map.json	Measured	NA	5
item	ITEM_IRON	Iron	ground	Route105	ROUTE_105	9	76	FLAG_ITEM_ROUTE_105_IRON	1	7	ITEMS	NONE	UNK	UNK	UNK	data/maps/Route105/map.json	Measured	NA	6
item	ITEM_HEART_SCALE	Heart Scale	hidden	Route105	ROUTE_105	15	68	FLAG_HIDDEN_ITEM_ROUTE_105_HEART_SCALE	1	100	ITEMS	NONE	UNK	UNK	UNK	data/maps/Route105/map.json	Measured	NA	6
item	ITEM_BIG_PEARL	Big Pearl	hidden	Route105	ROUTE_105	5	56	FLAG_HIDDEN_ITEM_ROUTE_105_BIG_PEARL	1	7	ITEMS	NONE	UNK	UNK	UNK	data/maps/Route105/map.json	Measured	NA	6
item	ITEM_PROTEIN	Protein	ground	Route106	ROUTE_106	29	14	FLAG_ITEM_ROUTE_106_PROTEIN	1	7	ITEMS	NONE	UNK	UNK	UNK	data/maps/Route106/map.json	Measured	NA	7
item	ITEM_POKE_BALL	Poké Ball	hidden	Route106	ROUTE_106	41	11	FLAG_HIDDEN_ITEM_ROUTE_106_POKE_BALL	1	200	POKE_BALLS	NONE	UNK	UNK	UNK	data/maps/Route106/map.json	Measured	NA	7
item	ITEM_STARDUST	Stardust	hidden	Route106	ROUTE_106	53	12	FLAG_HIDDEN_ITEM_ROUTE_106_STARDUST	1	7	ITEMS	NONE	UNK	UNK	UNK	data/maps/Route106/map.json	Measured	NA	7
item	ITEM_HEART_SCALE	Heart Scale	hidden	Route106	ROUTE_106	68	15	FLAG_HIDDEN_ITEM_ROUTE_106_HEART_SCALE	1	100	ITEMS	NONE	UNK	UNK	UNK	data/maps/Route106/map.json	Measured	NA	7
item	ITEM_STAR_PIECE	Star Piece	ground	Route108	ROUTE_108	42	4	FLAG_ITEM_ROUTE_108_STAR_PIECE	1	7	ITEMS	NONE	UNK	UNK	UNK	data/maps/Route108/map.json	Measured	NA	7
item	ITEM_RARE_CANDY	Rare Candy	hidden	Route108	ROUTE_108	38	14	FLAG_HIDDEN_ITEM_ROUTE_108_RARE_CANDY	1	7	ITEMS	NONE	UNK	UNK	UNK	data/maps/Route108/map.json	Measured	NA	7
item	ITEM_PP_UP	PP Up	ground	Route109	ROUTE_109	10	24	FLAG_ITEM_ROUTE_109_PP_UP	1	1	ITEMS	NONE	UNK	UNK	UNK	data/maps/Route109/map.json	Measured	NA	6
item	ITEM_POTION	Potion	ground	Route109	ROUTE_109	25	6	FLAG_ITEM_ROUTE_109_POTION	1	7	ITEMS	NONE	UNK	UNK	UNK	data/maps/Route109/map.json	Measured	NA	6
item	ITEM_REVIVE	Revive	hidden	Route109	ROUTE_109	16	23	FLAG_HIDDEN_ITEM_ROUTE_109_REVIVE	1	7	ITEMS	NONE	UNK	UNK	UNK	data/maps/Route109/map.json	Measured	NA	6
item	ITEM_HEART_SCALE	Heart Scale	hidden	Route109	ROUTE_109	33	5	FLAG_HIDDEN_ITEM_ROUTE_109_HEART_SCALE_1	1	100	ITEMS	NONE	UNK	UNK	UNK	data/maps/Route109/map.json	Measured	NA	6
item	ITEM_GREAT_BALL	Great Ball	hidden	Route109	ROUTE_109	9	10	FLAG_HIDDEN_ITEM_ROUTE_109_GREAT_BALL	1	600	POKE_BALLS	NONE	UNK	UNK	UNK	data/maps/Route109/map.json	Measured	NA	6
item	ITEM_ETHER	Ether	hidden	Route109	ROUTE_109	28	20	FLAG_HIDDEN_ITEM_ROUTE_109_ETHER	1	2	ITEMS	NONE	UNK	UNK	UNK	data/maps/Route109/map.json	Measured	NA	6
item	ITEM_HEART_SCALE	Heart Scale	hidden	Route109	ROUTE_109	13	16	FLAG_HIDDEN_ITEM_ROUTE_109_HEART_SCALE_2	1	100	ITEMS	NONE	UNK	UNK	UNK	data/maps/Route109/map.json	Measured	NA	6
item	ITEM_HEART_SCALE	Heart Scale	hidden	Route109	ROUTE_109	8	42	FLAG_HIDDEN_ITEM_ROUTE_109_HEART_SCALE_3	1	100	ITEMS	NONE	UNK	UNK	UNK	data/maps/Route109/map.json	Measured	NA	6
item	ITEM_DIRE_HIT	Dire Hit	ground	Route110	ROUTE_110	30	69	FLAG_ITEM_ROUTE_110_DIRE_HIT	1	7	ITEMS	NONE	5	UNK	UNK	data/maps/Route110/map.json	Measured	Measured	4
item	ITEM_RARE_CANDY	Rare Candy	ground	Route110	ROUTE_110	26	47	FLAG_ITEM_ROUTE_110_RARE_CANDY	1	7	ITEMS	NONE	5	UNK	UNK	data/maps/Route110/map.json	Measured	Measured	4
item	ITEM_TM_VACUUM_WAVE	TM168	ground	Route110	ROUTE_110	6	38	FLAG_ITEM_ROUTE_110_ELIXIR	1	100	TM_HM	NONE	5	UNK	UNK	data/maps/Route110/map.json	Measured	Measured	4
item	ITEM_REVIVE	Revive	hidden	Route110	ROUTE_110	35	39	FLAG_HIDDEN_ITEM_ROUTE_110_REVIVE	1	7	ITEMS	NONE	5	UNK	UNK	data/maps/Route110/map.json	Measured	Measured	4
item	ITEM_GREAT_BALL	Great Ball	hidden	Route110	ROUTE_110	33	45	FLAG_HIDDEN_ITEM_ROUTE_110_GREAT_BALL	1	600	POKE_BALLS	NONE	5	UNK	UNK	data/maps/Route110/map.json	Measured	Measured	4
item	ITEM_POKE_BALL	Poké Ball	hidden	Route110	ROUTE_110	4	35	FLAG_HIDDEN_ITEM_ROUTE_110_POKE_BALL	1	200	POKE_BALLS	NONE	5	UNK	UNK	data/maps/Route110/map.json	Measured	Measured	4
item	ITEM_FULL_HEAL	Full Heal	hidden	Route110	ROUTE_110	37	67	FLAG_HIDDEN_ITEM_ROUTE_110_FULL_HEAL	1	100	ITEMS	NONE	5	UNK	UNK	data/maps/Route110/map.json	Measured	Measured	4
item	ITEM_NUGGET	Nugget	hidden	Route110_TrickHouseEnd	ROUTE_110	4	5	FLAG_HIDDEN_ITEM_TRICK_HOUSE_NUGGET	1	10000	ITEMS	NONE	9	UNK	UNK	data/maps/Route110_TrickHouseEnd/map.json	Measured	Measured	7
item	ITEM_ORANGE_MAIL	Orange Mail	ground	Route110_TrickHousePuzzle1	TRICK_HOUSE	9	4	FLAG_ITEM_TRICK_HOUSE_PUZZLE_1_ORANGE_MAIL	1	50	ITEMS	NONE	UNK	UNK	UNK	data/maps/Route110_TrickHousePuzzle1/map.json	Measured	NA	6
item	ITEM_WAVE_MAIL	Wave Mail	ground	Route110_TrickHousePuzzle2	TRICK_HOUSE	8	17	FLAG_ITEM_TRICK_HOUSE_PUZZLE_2_WAVE_MAIL	1	50	ITEMS	NONE	UNK	UNK	UNK	data/maps/Route110_TrickHousePuzzle2/map.json	Measured	NA	6
item	ITEM_HARBOR_MAIL	Harbor Mail	ground	Route110_TrickHousePuzzle2	TRICK_HOUSE	3	13	FLAG_ITEM_TRICK_HOUSE_PUZZLE_2_HARBOR_MAIL	1	50	ITEMS	NONE	UNK	UNK	UNK	data/maps/Route110_TrickHousePuzzle2/map.json	Measured	NA	6
item	ITEM_WOOD_MAIL	Wood Mail	ground	Route110_TrickHousePuzzle3	TRICK_HOUSE	1	2	FLAG_ITEM_TRICK_HOUSE_PUZZLE_3_WOOD_MAIL	1	50	ITEMS	NONE	UNK	UNK	UNK	data/maps/Route110_TrickHousePuzzle3/map.json	Measured	NA	6
item	ITEM_SHADOW_MAIL	Shadow Mail	ground	Route110_TrickHousePuzzle3	TRICK_HOUSE	4	2	FLAG_ITEM_TRICK_HOUSE_PUZZLE_3_SHADOW_MAIL	1	50	ITEMS	NONE	UNK	UNK	UNK	data/maps/Route110_TrickHousePuzzle3/map.json	Measured	NA	6
item	ITEM_MECH_MAIL	Mech Mail	ground	Route110_TrickHousePuzzle4	ROUTE_110	2	5	FLAG_ITEM_TRICK_HOUSE_PUZZLE_4_MECH_MAIL	1	50	ITEMS	NONE	5	UNK	UNK	data/maps/Route110_TrickHousePuzzle4/map.json	Measured	Inferred	6
item	ITEM_GLITTER_MAIL	Glitter Mail	ground	Route110_TrickHousePuzzle6	ROUTE_110	11	21	FLAG_ITEM_TRICK_HOUSE_PUZZLE_6_GLITTER_MAIL	1	50	ITEMS	NONE	5	UNK	UNK	data/maps/Route110_TrickHousePuzzle6/map.json	Measured	Inferred	6
item	ITEM_TROPIC_MAIL	Tropic Mail	ground	Route110_TrickHousePuzzle7	ROUTE_110	5	12	FLAG_ITEM_TRICK_HOUSE_PUZZLE_7_TROPIC_MAIL	1	50	ITEMS	NONE	5	UNK	UNK	data/maps/Route110_TrickHousePuzzle7/map.json	Measured	Inferred	6
item	ITEM_BEAD_MAIL	Bead Mail	ground	Route110_TrickHousePuzzle8	ROUTE_110	2	2	FLAG_ITEM_TRICK_HOUSE_PUZZLE_8_BEAD_MAIL	1	50	ITEMS	NONE	5	UNK	UNK	data/maps/Route110_TrickHousePuzzle8/map.json	Measured	Inferred	6
item	ITEM_HM_SURF	HM03	ground	Route111	ROUTE_111	33	104	FLAG_ITEM_ROUTE_111_HM_SURF	1	0	TM_HM	NONE	UNK	UNK	UNK	data/maps/Route111/map.json	Measured	NA	6
item	ITEM_TM_SANDSTORM	TM37	ground	Route111	ROUTE_111	12	54	FLAG_ITEM_ROUTE_111_TM_SANDSTORM	1	100	TM_HM	NONE	UNK	UNK	UNK	data/maps/Route111/map.json	Measured	NA	6
item	ITEM_HP_UP	HP Up	ground	Route111	ROUTE_111	3	114	FLAG_ITEM_ROUTE_111_HP_UP	1	7	ITEMS	NONE	UNK	UNK	UNK	data/maps/Route111/map.json	Measured	NA	6
item	ITEM_ELIXIR	Elixir	ground	Route111	ROUTE_111	19	118	FLAG_ITEM_ROUTE_111_ELIXIR	1	2	ITEMS	NONE	UNK	UNK	UNK	data/maps/Route111/map.json	Measured	NA	6
item	ITEM_STARDUST	Stardust	hidden	Route111	ROUTE_111	26	70	FLAG_HIDDEN_ITEM_ROUTE_111_STARDUST	1	7	ITEMS	NONE	UNK	UNK	UNK	data/maps/Route111/map.json	Measured	NA	6
item	ITEM_PROTEIN	Protein	hidden	Route111	ROUTE_111	19	55	FLAG_HIDDEN_ITEM_ROUTE_111_PROTEIN	1	7	ITEMS	NONE	UNK	UNK	UNK	data/maps/Route111/map.json	Measured	NA	6
item	ITEM_RARE_CANDY	Rare Candy	hidden	Route111	ROUTE_111	35	66	FLAG_HIDDEN_ITEM_ROUTE_111_RARE_CANDY	1	7	ITEMS	NONE	UNK	UNK	UNK	data/maps/Route111/map.json	Measured	NA	6
item	ITEM_NUGGET	Nugget	ground	Route112	ROUTE_112	14	43	FLAG_ITEM_ROUTE_112_NUGGET	1	10000	ITEMS	NONE	UNK	UNK	UNK	data/maps/Route112/map.json	Measured	NA	7
item	ITEM_TM_X_SCISSOR	TM81	ground	Route113	ROUTE_113	53	7	FLAG_ITEM_ROUTE_113_MAX_ETHER	1	100	TM_HM	NONE	UNK	UNK	UNK	data/maps/Route113/map.json	Measured	NA	7
item	ITEM_SUPER_REPEL	Super Repel	ground	Route113	ROUTE_113	79	5	FLAG_ITEM_ROUTE_113_SUPER_REPEL	1	7	ITEMS	NONE	UNK	UNK	UNK	data/maps/Route113/map.json	Measured	NA	7
item	ITEM_HYPER_POTION	Hyper Potion	ground	Route113	ROUTE_113	15	15	FLAG_ITEM_ROUTE_113_HYPER_POTION	1	2	ITEMS	NONE	UNK	UNK	UNK	data/maps/Route113/map.json	Measured	NA	7
item	ITEM_ETHER	Ether	hidden	Route113	ROUTE_113	66	3	FLAG_HIDDEN_ITEM_ROUTE_113_ETHER	1	2	ITEMS	NONE	UNK	UNK	UNK	data/maps/Route113/map.json	Measured	NA	7
item	ITEM_SUPER_POTION	Super Potion	hidden	Route113	ROUTE_113	22	5	FLAG_HIDDEN_ITEM_ROUTE_113_TM_DOUBLE_TEAM	1	700	ITEMS	NONE	UNK	UNK	UNK	data/maps/Route113/map.json	Measured	NA	7
item	ITEM_NUGGET	Nugget	hidden	Route113	ROUTE_113	73	3	FLAG_HIDDEN_ITEM_ROUTE_113_NUGGET	1	10000	ITEMS	NONE	UNK	UNK	UNK	data/maps/Route113/map.json	Measured	NA	7
item	ITEM_RARE_CANDY	Rare Candy	ground	Route114	ROUTE_114	15	29	FLAG_ITEM_ROUTE_114_RARE_CANDY	1	7	ITEMS	NONE	UNK	UNK	UNK	data/maps/Route114/map.json	Measured	NA	8
item	ITEM_TM_SNOWSCAPE	TM07	ground	Route114	ROUTE_114	11	37	FLAG_ITEM_ROUTE_114_PROTEIN	1	100	TM_HM	NONE	UNK	UNK	UNK	data/maps/Route114/map.json	Measured	NA	8
item	ITEM_ENERGY_POWDER	Energy Powder	ground	Route114	ROUTE_114	31	19	FLAG_ITEM_ROUTE_114_ENERGY_POWDER	1	500	ITEMS	NONE	UNK	UNK	UNK	data/maps/Route114/map.json	Measured	NA	8
item	ITEM_CARBOS	Carbos	hidden	Route114	ROUTE_114	20	57	FLAG_HIDDEN_ITEM_ROUTE_114_CARBOS	1	7	ITEMS	NONE	UNK	UNK	UNK	data/maps/Route114/map.json	Measured	NA	8
item	ITEM_REVIVE	Revive	hidden	Route114	ROUTE_114	7	31	FLAG_HIDDEN_ITEM_ROUTE_114_REVIVE	1	7	ITEMS	NONE	UNK	UNK	UNK	data/maps/Route114/map.json	Measured	NA	8
item	ITEM_SUPER_POTION	Super Potion	ground	Route115	ROUTE_115	20	60	FLAG_ITEM_ROUTE_115_SUPER_POTION	1	700	ITEMS	NONE	UNK	UNK	UNK	data/maps/Route115/map.json	Measured	NA	7
item	ITEM_TM_PHANTOM_FORCE	TM149	ground	Route115	ROUTE_115	18	7	FLAG_ITEM_ROUTE_115_TM_PHANTOM_FORCE	1	100	TM_HM	NONE	UNK	UNK	UNK	data/maps/Route115/map.json	Measured	NA	7
item	ITEM_IRON	Iron	ground	Route115	ROUTE_115	23	29	FLAG_ITEM_ROUTE_115_IRON	1	7	ITEMS	NONE	UNK	UNK	UNK	data/maps/Route115/map.json	Measured	NA	7
item	ITEM_GREAT_BALL	Great Ball	ground	Route115	ROUTE_115	31	56	FLAG_ITEM_ROUTE_115_GREAT_BALL	1	600	POKE_BALLS	NONE	UNK	UNK	UNK	data/maps/Route115/map.json	Measured	NA	7
item	ITEM_PP_UP	PP Up	ground	Route115	ROUTE_115	26	67	FLAG_ITEM_ROUTE_115_PP_UP	1	1	ITEMS	NONE	UNK	UNK	UNK	data/maps/Route115/map.json	Measured	NA	7
item	ITEM_HEAL_POWDER	Heal Powder	ground	Route115	ROUTE_115	12	14	FLAG_ITEM_ROUTE_115_HEAL_POWDER	1	7	ITEMS	NONE	UNK	UNK	UNK	data/maps/Route115/map.json	Measured	NA	7
item	ITEM_HEART_SCALE	Heart Scale	hidden	Route115	ROUTE_115	15	49	FLAG_HIDDEN_ITEM_ROUTE_115_HEART_SCALE	1	100	ITEMS	NONE	UNK	UNK	UNK	data/maps/Route115/map.json	Measured	NA	7
item	ITEM_ETHER	Ether	ground	Route116	ROUTE_116	19	6	FLAG_ITEM_ROUTE_116_ETHER	1	2	ITEMS	NONE	UNK	UNK	UNK	data/maps/Route116/map.json	Measured	NA	7
item	ITEM_REPEL	Repel	ground	Route116	ROUTE_116	10	17	FLAG_ITEM_ROUTE_116_REPEL	1	7	ITEMS	NONE	UNK	UNK	UNK	data/maps/Route116/map.json	Measured	NA	7
item	ITEM_HP_UP	HP Up	ground	Route116	ROUTE_116	80	8	FLAG_ITEM_ROUTE_116_HP_UP	1	7	ITEMS	NONE	UNK	UNK	UNK	data/maps/Route116/map.json	Measured	NA	7
item	ITEM_X_SPECIAL	X Sp. Atk	ground	Route116	ROUTE_116	55	12	FLAG_ITEM_ROUTE_116_X_SPECIAL	1	7	ITEMS	NONE	UNK	UNK	UNK	data/maps/Route116/map.json	Measured	NA	7
item	ITEM_POTION	Potion	ground	Route116	ROUTE_116	34	7	FLAG_ITEM_ROUTE_116_POTION	1	7	ITEMS	NONE	UNK	UNK	UNK	data/maps/Route116/map.json	Measured	NA	7
item	ITEM_SUPER_POTION	Super Potion	hidden	Route116	ROUTE_116	22	9	FLAG_HIDDEN_ITEM_ROUTE_116_SUPER_POTION	1	700	ITEMS	NONE	UNK	UNK	UNK	data/maps/Route116/map.json	Measured	NA	7
item	ITEM_BLACK_GLASSES	Black Glasses	hidden	Route116	ROUTE_116	70	13	FLAG_HIDDEN_ITEM_ROUTE_116_BLACK_GLASSES	1	9	ITEMS	DARK_POWER	UNK	UNK	UNK	data/maps/Route116/map.json	Measured	NA	7
item	ITEM_GREAT_BALL	Great Ball	ground	Route117	ROUTE_117	16	18	FLAG_ITEM_ROUTE_117_GREAT_BALL	1	600	POKE_BALLS	NONE	UNK	UNK	UNK	data/maps/Route117/map.json	Measured	NA	6
item	ITEM_REVIVE	Revive	ground	Route117	ROUTE_117	9	1	FLAG_ITEM_ROUTE_117_REVIVE	1	7	ITEMS	NONE	UNK	UNK	UNK	data/maps/Route117/map.json	Measured	NA	6
item	ITEM_REPEL	Repel	hidden	Route117	ROUTE_117	3	18	FLAG_HIDDEN_ITEM_ROUTE_117_REPEL	1	7	ITEMS	NONE	UNK	UNK	UNK	data/maps/Route117/map.json	Measured	NA	6
item	ITEM_HYPER_POTION	Hyper Potion	ground	Route118	ROUTE_118	69	7	FLAG_ITEM_ROUTE_118_HYPER_POTION	1	2	ITEMS	NONE	UNK	UNK	UNK	data/maps/Route118/map.json	Measured	NA	6
item	ITEM_TM_WATER_PULSE	TM160	ground	Route118	ROUTE_118	9	7	FLAG_ITEM_ROUTE_118_TM_WATER_PULSE	1	100	TM_HM	NONE	UNK	UNK	UNK	data/maps/Route118/map.json	Measured	NA	6
item	ITEM_IRON	Iron	hidden	Route118	ROUTE_118	31	13	FLAG_HIDDEN_ITEM_ROUTE_118_IRON	1	7	ITEMS	NONE	UNK	UNK	UNK	data/maps/Route118/map.json	Measured	NA	6
item	ITEM_HEART_SCALE	Heart Scale	hidden	Route118	ROUTE_118	12	14	FLAG_HIDDEN_ITEM_ROUTE_118_HEART_SCALE	1	100	ITEMS	NONE	UNK	UNK	UNK	data/maps/Route118/map.json	Measured	NA	6
item	ITEM_SUPER_REPEL	Super Repel	ground	Route119	ROUTE_119	12	121	FLAG_ITEM_ROUTE_119_SUPER_REPEL	1	7	ITEMS	NONE	11	UNK	UNK	data/maps/Route119/map.json	Measured	Measured	7
item	ITEM_ZINC	Zinc	ground	Route119	ROUTE_119	4	96	FLAG_ITEM_ROUTE_119_ZINC	1	7	ITEMS	NONE	11	UNK	UNK	data/maps/Route119/map.json	Measured	Measured	7
item	ITEM_ELIXIR	Elixir	ground	Route119	ROUTE_119	29	53	FLAG_ITEM_ROUTE_119_ELIXIR_1	1	2	ITEMS	NONE	11	UNK	UNK	data/maps/Route119/map.json	Measured	Measured	7
item	ITEM_LEAF_STONE	Leaf Stone	ground	Route119	ROUTE_119	25	76	FLAG_ITEM_ROUTE_119_LEAF_STONE	1	500	ITEMS	NONE	11	UNK	UNK	data/maps/Route119/map.json	Measured	Measured	7
item	ITEM_RARE_CANDY	Rare Candy	ground	Route119	ROUTE_119	8	18	FLAG_ITEM_ROUTE_119_RARE_CANDY	1	7	ITEMS	NONE	11	UNK	UNK	data/maps/Route119/map.json	Measured	Measured	7
item	ITEM_HYPER_POTION	Hyper Potion	ground	Route119	ROUTE_119	33	117	FLAG_ITEM_ROUTE_119_HYPER_POTION_1	1	2	ITEMS	NONE	11	UNK	UNK	data/maps/Route119/map.json	Measured	Measured	7
item	ITEM_HYPER_POTION	Hyper Potion	ground	Route119	ROUTE_119	3	56	FLAG_ITEM_ROUTE_119_HYPER_POTION_2	1	2	ITEMS	NONE	11	UNK	UNK	data/maps/Route119/map.json	Measured	Measured	7
item	ITEM_NUGGET	Nugget	ground	Route119	ROUTE_119	19	5	FLAG_ITEM_ROUTE_119_NUGGET	1	10000	ITEMS	NONE	11	UNK	UNK	data/maps/Route119/map.json	Measured	Measured	7
item	ITEM_ELIXIR	Elixir	ground	Route119	ROUTE_119	24	42	FLAG_ITEM_ROUTE_119_ELIXIR_2	1	2	ITEMS	NONE	11	UNK	UNK	data/maps/Route119/map.json	Measured	Measured	7
item	ITEM_CALCIUM	Calcium	hidden	Route119	ROUTE_119	17	82	FLAG_HIDDEN_ITEM_ROUTE_119_CALCIUM	1	7	ITEMS	NONE	11	UNK	UNK	data/maps/Route119/map.json	Measured	Measured	7
item	ITEM_ULTRA_BALL	Ultra Ball	hidden	Route119	ROUTE_119	38	63	FLAG_HIDDEN_ITEM_ROUTE_119_ULTRA_BALL	1	7	POKE_BALLS	NONE	11	UNK	UNK	data/maps/Route119/map.json	Measured	Measured	7
item	ITEM_FULL_HEAL	Full Heal	hidden	Route119	ROUTE_119	26	120	FLAG_HIDDEN_ITEM_ROUTE_119_FULL_HEAL	1	100	ITEMS	NONE	11	UNK	UNK	data/maps/Route119/map.json	Measured	Measured	7
item	ITEM_MAX_ETHER	Max Ether	hidden	Route119	ROUTE_119	20	29	FLAG_HIDDEN_ITEM_ROUTE_119_MAX_ETHER	1	2	ITEMS	NONE	11	UNK	UNK	data/maps/Route119/map.json	Measured	Measured	7
item	ITEM_NUGGET	Nugget	ground	Route120	ROUTE_120	20	55	FLAG_ITEM_ROUTE_120_NUGGET	1	10000	ITEMS	NONE	UNK	UNK	UNK	data/maps/Route120/map.json	Measured	NA	9
item	ITEM_FULL_HEAL	Full Heal	ground	Route120	ROUTE_120	7	89	FLAG_ITEM_ROUTE_120_FULL_HEAL	1	100	ITEMS	NONE	UNK	UNK	UNK	data/maps/Route120/map.json	Measured	NA	9
item	ITEM_NEST_BALL	Nest Ball	ground	Route120	ROUTE_120	22	13	FLAG_ITEM_ROUTE_120_NEST_BALL	1	100	POKE_BALLS	NONE	UNK	UNK	UNK	data/maps/Route120/map.json	Measured	NA	9
item	ITEM_HYPER_POTION	Hyper Potion	ground	Route120	ROUTE_120	23	82	FLAG_ITEM_ROUTE_120_HYPER_POTION	1	2	ITEMS	NONE	UNK	UNK	UNK	data/maps/Route120/map.json	Measured	NA	9
item	ITEM_REVIVE	Revive	ground	Route120	ROUTE_120	24	33	FLAG_ITEM_ROUTE_120_REVIVE	1	7	ITEMS	NONE	UNK	UNK	UNK	data/maps/Route120/map.json	Measured	NA	9
item	ITEM_TM_PAIN_SPLIT	TM124	ground	Route120	ROUTE_120	25	63	FLAG_ITEM_SCORCHED_SLAB_TM_SUNNY_DAY	1	100	TM_HM	NONE	UNK	UNK	UNK	data/maps/Route120/map.json	Measured	NA	9
item	ITEM_RARE_CANDY	Rare Candy	hidden	Route120	ROUTE_120	9	1	FLAG_HIDDEN_ITEM_ROUTE_120_RARE_CANDY_1	1	7	ITEMS	NONE	UNK	UNK	UNK	data/maps/Route120/map.json	Measured	NA	9
item	ITEM_REVIVE	Revive	hidden	Route120	ROUTE_120	31	11	FLAG_HIDDEN_ITEM_ROUTE_120_REVIVE	1	7	ITEMS	NONE	UNK	UNK	UNK	data/maps/Route120/map.json	Measured	NA	9
item	ITEM_RARE_CANDY	Rare Candy	hidden	Route120	ROUTE_120	0	86	FLAG_HIDDEN_ITEM_ROUTE_120_RARE_CANDY_2	1	7	ITEMS	NONE	UNK	UNK	UNK	data/maps/Route120/map.json	Measured	NA	9
item	ITEM_ZINC	Zinc	hidden	Route120	ROUTE_120	24	42	FLAG_HIDDEN_ITEM_ROUTE_120_ZINC	1	7	ITEMS	NONE	UNK	UNK	UNK	data/maps/Route120/map.json	Measured	NA	9
item	ITEM_CARBOS	Carbos	ground	Route121	ROUTE_121	55	10	FLAG_ITEM_ROUTE_121_CARBOS	1	7	ITEMS	NONE	UNK	UNK	UNK	data/maps/Route121/map.json	Measured	NA	9
item	ITEM_REVIVE	Revive	ground	Route121	ROUTE_121	60	10	FLAG_ITEM_ROUTE_121_REVIVE	1	7	ITEMS	NONE	UNK	UNK	UNK	data/maps/Route121/map.json	Measured	NA	9
item	ITEM_TM_RAIN_DANCE	TM18	ground	Route121	ROUTE_121	38	13	FLAG_ITEM_ROUTE_121_ZINC	1	100	TM_HM	NONE	UNK	UNK	UNK	data/maps/Route121/map.json	Measured	NA	9
item	ITEM_HP_UP	HP Up	hidden	Route121	ROUTE_121	23	10	FLAG_HIDDEN_ITEM_ROUTE_121_HP_UP	1	7	ITEMS	NONE	UNK	UNK	UNK	data/maps/Route121/map.json	Measured	NA	9
item	ITEM_NUGGET	Nugget	hidden	Route121	ROUTE_121	58	3	FLAG_HIDDEN_ITEM_ROUTE_121_NUGGET	1	10000	ITEMS	NONE	UNK	UNK	UNK	data/maps/Route121/map.json	Measured	NA	9
item	ITEM_FULL_HEAL	Full Heal	hidden	Route121	ROUTE_121	72	5	FLAG_HIDDEN_ITEM_ROUTE_121_FULL_HEAL	1	100	ITEMS	NONE	UNK	UNK	UNK	data/maps/Route121/map.json	Measured	NA	9
item	ITEM_MAX_REVIVE	Max Revive	hidden	Route121	ROUTE_121	68	8	FLAG_HIDDEN_ITEM_ROUTE_121_MAX_REVIVE	1	4000	ITEMS	NONE	UNK	UNK	UNK	data/maps/Route121/map.json	Measured	NA	9
item	ITEM_CALCIUM	Calcium	ground	Route123	ROUTE_123	31	8	FLAG_ITEM_ROUTE_123_CALCIUM	1	7	ITEMS	NONE	UNK	UNK	UNK	data/maps/Route123/map.json	Measured	NA	7
item	ITEM_ULTRA_BALL	Ultra Ball	ground	Route123	ROUTE_123	27	18	FLAG_ITEM_ROUTE_123_ULTRA_BALL	1	7	POKE_BALLS	NONE	UNK	UNK	UNK	data/maps/Route123/map.json	Measured	NA	7
item	ITEM_ELIXIR	Elixir	ground	Route123	ROUTE_123	75	9	FLAG_ITEM_ROUTE_123_ELIXIR	1	2	ITEMS	NONE	UNK	UNK	UNK	data/maps/Route123/map.json	Measured	NA	7
item	ITEM_PP_UP	PP Up	ground	Route123	ROUTE_123	43	15	FLAG_ITEM_ROUTE_123_PP_UP	1	1	ITEMS	NONE	UNK	UNK	UNK	data/maps/Route123/map.json	Measured	NA	7
item	ITEM_REVIVAL_HERB	Revival Herb	ground	Route123	ROUTE_123	57	16	FLAG_ITEM_ROUTE_123_REVIVAL_HERB	1	2800	ITEMS	NONE	UNK	UNK	UNK	data/maps/Route123/map.json	Measured	NA	7
item	ITEM_SUPER_REPEL	Super Repel	hidden	Route123	ROUTE_123	75	1	FLAG_HIDDEN_ITEM_ROUTE_123_SUPER_REPEL	1	7	ITEMS	NONE	UNK	UNK	UNK	data/maps/Route123/map.json	Measured	NA	7
item	ITEM_REVIVE	Revive	hidden	Route123	ROUTE_123	12	1	FLAG_HIDDEN_ITEM_ROUTE_123_REVIVE	1	7	ITEMS	NONE	UNK	UNK	UNK	data/maps/Route123/map.json	Measured	NA	7
item	ITEM_HYPER_POTION	Hyper Potion	hidden	Route123	ROUTE_123	91	15	FLAG_HIDDEN_ITEM_ROUTE_123_HYPER_POTION	1	2	ITEMS	NONE	UNK	UNK	UNK	data/maps/Route123/map.json	Measured	NA	7
item	ITEM_PP_UP	PP Up	hidden	Route123	ROUTE_123	139	15	FLAG_HIDDEN_ITEM_ROUTE_123_PP_UP	1	1	ITEMS	NONE	UNK	UNK	UNK	data/maps/Route123/map.json	Measured	NA	7
item	ITEM_RARE_CANDY	Rare Candy	hidden	Route123	ROUTE_123	138	18	FLAG_HIDDEN_ITEM_ROUTE_123_RARE_CANDY	1	7	ITEMS	NONE	UNK	UNK	UNK	data/maps/Route123/map.json	Measured	NA	7
item	ITEM_RED_SHARD	Red Shard	ground	Route124	ROUTE_124	25	7	FLAG_ITEM_ROUTE_124_RED_SHARD	1	100	ITEMS	NONE	UNK	UNK	UNK	data/maps/Route124/map.json	Measured	NA	9
item	ITEM_BLUE_SHARD	Blue Shard	ground	Route124	ROUTE_124	31	53	FLAG_ITEM_ROUTE_124_BLUE_SHARD	1	100	ITEMS	NONE	UNK	UNK	UNK	data/maps/Route124/map.json	Measured	NA	9
item	ITEM_TM_SUNNY_DAY	TM11	ground	Route124	ROUTE_124	37	12	FLAG_ITEM_ROUTE_124_YELLOW_SHARD	1	100	TM_HM	NONE	UNK	UNK	UNK	data/maps/Route124/map.json	Measured	NA	9
item	ITEM_BIG_PEARL	Big Pearl	ground	Route125	ROUTE_125	46	17	FLAG_ITEM_ROUTE_125_BIG_PEARL	1	7	ITEMS	NONE	UNK	UNK	UNK	data/maps/Route125/map.json	Measured	NA	9
item	ITEM_ZINC	Zinc	ground	Route127	ROUTE_127	4	21	FLAG_ITEM_ROUTE_127_ZINC	1	7	ITEMS	NONE	UNK	UNK	UNK	data/maps/Route127/map.json	Measured	NA	9
item	ITEM_CARBOS	Carbos	ground	Route127	ROUTE_127	64	39	FLAG_ITEM_ROUTE_127_CARBOS	1	7	ITEMS	NONE	UNK	UNK	UNK	data/maps/Route127/map.json	Measured	NA	9
item	ITEM_RARE_CANDY	Rare Candy	ground	Route127	ROUTE_127	13	20	FLAG_ITEM_ROUTE_127_RARE_CANDY	1	7	ITEMS	NONE	UNK	UNK	UNK	data/maps/Route127/map.json	Measured	NA	9
item	ITEM_HEART_SCALE	Heart Scale	hidden	Route128	ROUTE_128	49	9	FLAG_HIDDEN_ITEM_ROUTE_128_HEART_SCALE_1	1	100	ITEMS	NONE	UNK	UNK	UNK	data/maps/Route128/map.json	Measured	NA	9
item	ITEM_HEART_SCALE	Heart Scale	hidden	Route128	ROUTE_128	57	21	FLAG_HIDDEN_ITEM_ROUTE_128_HEART_SCALE_2	1	100	ITEMS	NONE	UNK	UNK	UNK	data/maps/Route128/map.json	Measured	NA	9
item	ITEM_HEART_SCALE	Heart Scale	hidden	Route128	ROUTE_128	31	33	FLAG_HIDDEN_ITEM_ROUTE_128_HEART_SCALE_3	1	100	ITEMS	NONE	UNK	UNK	UNK	data/maps/Route128/map.json	Measured	NA	9
item	ITEM_RARE_CANDY	Rare Candy	ground	Route132	ROUTE_132	10	11	FLAG_ITEM_ROUTE_132_RARE_CANDY	1	7	ITEMS	NONE	UNK	UNK	UNK	data/maps/Route132/map.json	Measured	NA	9
item	ITEM_PROTEIN	Protein	ground	Route132	ROUTE_132	20	27	FLAG_ITEM_ROUTE_132_PROTEIN	1	7	ITEMS	NONE	UNK	UNK	UNK	data/maps/Route132/map.json	Measured	NA	9
item	ITEM_BIG_PEARL	Big Pearl	ground	Route133	ROUTE_133	53	12	FLAG_ITEM_ROUTE_133_BIG_PEARL	1	7	ITEMS	NONE	UNK	UNK	UNK	data/maps/Route133/map.json	Measured	NA	8
item	ITEM_STAR_PIECE	Star Piece	ground	Route133	ROUTE_133	8	10	FLAG_ITEM_ROUTE_133_STAR_PIECE	1	7	ITEMS	NONE	UNK	UNK	UNK	data/maps/Route133/map.json	Measured	NA	8
item	ITEM_MAX_REVIVE	Max Revive	ground	Route133	ROUTE_133	42	30	FLAG_ITEM_ROUTE_133_MAX_REVIVE	1	4000	ITEMS	NONE	UNK	UNK	UNK	data/maps/Route133/map.json	Measured	NA	8
item	ITEM_CARBOS	Carbos	ground	Route134	ROUTE_134	50	17	FLAG_ITEM_ROUTE_134_CARBOS	1	7	ITEMS	NONE	UNK	UNK	UNK	data/maps/Route134/map.json	Measured	NA	7
item	ITEM_STAR_PIECE	Star Piece	ground	Route134	ROUTE_134	22	27	FLAG_ITEM_ROUTE_134_STAR_PIECE	1	7	ITEMS	NONE	UNK	UNK	UNK	data/maps/Route134/map.json	Measured	NA	7
item	ITEM_X_DEFEND	X Defense	ground	RustboroCity	RUSTBORO_CITY	36	51	FLAG_ITEM_RUSTBORO_CITY_X_DEFEND	1	7	ITEMS	NONE	2	UNK	UNK	data/maps/RustboroCity/map.json	Measured	Measured	6
item	ITEM_POKE_BALL	Poké Ball	ground	RusturfTunnel	RUSTURF_TUNNEL	3	1	FLAG_ITEM_RUSTURF_TUNNEL_POKE_BALL	1	200	POKE_BALLS	NONE	UNK	UNK	UNK	data/maps/RusturfTunnel/map.json	Measured	NA	8
item	ITEM_TM_ALLURING_VOICE	TM167	ground	RusturfTunnel	RUSTURF_TUNNEL	30	2	FLAG_ITEM_RUSTURF_TUNNEL_MAX_ETHER	1	100	TM_HM	NONE	UNK	UNK	UNK	data/maps/RusturfTunnel/map.json	Measured	NA	8
item	ITEM_LEFTOVERS	Leftovers	hidden	SSTidalLowerDeck	DYNAMIC	0	2	FLAG_HIDDEN_ITEM_SS_TIDAL_LOWER_DECK_LEFTOVERS	1	9	ITEMS	LEFTOVERS	UNK	UNK	UNK	data/maps/SSTidalLowerDeck/map.json	Measured	NA	UNK
item	ITEM_CALCIUM	Calcium	ground	SafariZone_North	SAFARI_ZONE	7	6	FLAG_ITEM_SAFARI_ZONE_NORTH_CALCIUM	1	7	ITEMS	NONE	UNK	UNK	UNK	data/maps/SafariZone_North/map.json	Measured	NA	12
item	ITEM_CORNERSTONE_MASK	CornrstneMask	ground	SafariZone_Northeast	SAFARI_ZONE	8	17	FLAG_ITEM_SAFARI_ZONE_NORTH_EAST_CORNERSTONE_MASK	1	0	ITEMS	OGERPON_MASK	UNK	UNK	UNK	data/maps/SafariZone_Northeast/map.json	Measured	NA	13
item	ITEM_RARE_CANDY	Rare Candy	hidden	SafariZone_Northeast	SAFARI_ZONE	31	35	FLAG_HIDDEN_ITEM_SAFARI_ZONE_NORTH_EAST_RARE_CANDY	1	7	ITEMS	NONE	UNK	UNK	UNK	data/maps/SafariZone_Northeast/map.json	Measured	NA	13
item	ITEM_ZINC	Zinc	hidden	SafariZone_Northeast	SAFARI_ZONE	21	5	FLAG_HIDDEN_ITEM_SAFARI_ZONE_NORTH_EAST_ZINC	1	7	ITEMS	NONE	UNK	UNK	UNK	data/maps/SafariZone_Northeast/map.json	Measured	NA	13
item	ITEM_WELLSPRING_MASK	WellsprngMask	ground	SafariZone_Northwest	SAFARI_ZONE	33	7	FLAG_ITEM_SAFARI_ZONE_NORTH_WEST_WELLSPRING_MASK	1	0	ITEMS	OGERPON_MASK	UNK	UNK	UNK	data/maps/SafariZone_Northwest/map.json	Measured	NA	13
item	ITEM_HEARTHFLAME_MASK	HrthflameMask	ground	SafariZone_Southeast	SAFARI_ZONE	31	15	FLAG_ITEM_SAFARI_ZONE_SOUTH_EAST_HEARTHFLAME_MASK	1	0	ITEMS	OGERPON_MASK	UNK	UNK	UNK	data/maps/SafariZone_Southeast/map.json	Measured	NA	12
item	ITEM_PP_UP	PP Up	hidden	SafariZone_Southeast	SAFARI_ZONE	19	36	FLAG_HIDDEN_ITEM_SAFARI_ZONE_SOUTH_EAST_PP_UP	1	1	ITEMS	NONE	UNK	UNK	UNK	data/maps/SafariZone_Southeast/map.json	Measured	NA	12
item	ITEM_FULL_RESTORE	Full Restore	hidden	SafariZone_Southeast	SAFARI_ZONE	32	33	FLAG_HIDDEN_ITEM_SAFARI_ZONE_SOUTH_EAST_FULL_RESTORE	1	3000	ITEMS	NONE	UNK	UNK	UNK	data/maps/SafariZone_Southeast/map.json	Measured	NA	12
item	ITEM_MAX_REVIVE	Max Revive	ground	SafariZone_Southwest	SAFARI_ZONE	0	37	FLAG_ITEM_SAFARI_ZONE_SOUTH_WEST_MAX_REVIVE	1	4000	ITEMS	NONE	UNK	UNK	UNK	data/maps/SafariZone_Southwest/map.json	Measured	NA	12
item	ITEM_FULL_RESTORE	Full Restore	ground	SeafloorCavern_Room9	SEAFLOOR_CAVERN	14	5	FLAG_ITEM_SEAFLOOR_CAVERN_ROOM_9_TM_EARTHQUAKE	1	3000	ITEMS	NONE	16	UNK	UNK	data/maps/SeafloorCavern_Room9/map.json	Measured	Measured	15
item	ITEM_BIG_PEARL	Big Pearl	ground	ShoalCave_LowTideEntranceRoom	SHOAL_CAVE	30	3	FLAG_ITEM_SHOAL_CAVE_ENTRANCE_BIG_PEARL	1	7	ITEMS	NONE	UNK	UNK	UNK	data/maps/ShoalCave_LowTideEntranceRoom/map.json	Measured	NA	10
item	ITEM_TM_TRIPLE_AXEL	TM70	ground	ShoalCave_LowTideIceRoom	SHOAL_CAVE	12	8	FLAG_ITEM_SHOAL_CAVE_ICE_ROOM_TM_HAIL	1	100	TM_HM	NONE	UNK	UNK	UNK	data/maps/ShoalCave_LowTideIceRoom/map.json	Measured	NA	13
item	ITEM_RARE_CANDY	Rare Candy	ground	ShoalCave_LowTideInnerRoom	SHOAL_CAVE	26	14	FLAG_ITEM_SHOAL_CAVE_INNER_ROOM_RARE_CANDY	1	7	ITEMS	NONE	UNK	UNK	UNK	data/maps/ShoalCave_LowTideInnerRoom/map.json	Measured	NA	11
item	ITEM_ICE_HEAL	Ice Heal	ground	ShoalCave_LowTideStairsRoom	SHOAL_CAVE	13	12	FLAG_ITEM_SHOAL_CAVE_STAIRS_ROOM_ICE_HEAL	1	7	ITEMS	NONE	UNK	UNK	UNK	data/maps/ShoalCave_LowTideStairsRoom/map.json	Measured	NA	12
item	ITEM_LATIOSITE	Latiosite	ground	SouthernIsland_Interior	SOUTHERN_ISLAND	11	11	FLAG_ITEM_SOUTHERN_ISLAND_LATIOSITE	1	0	MEGA_STONES	MEGA_STONE	UNK	UNK	UNK	data/maps/SouthernIsland_Interior/map.json	Measured	NA	UNK
item	ITEM_LATIASITE	Latiasite	ground	SouthernIsland_Interior	SOUTHERN_ISLAND	15	11	FLAG_ITEM_SOUTHERN_ISLAND_LATIASITE	1	0	MEGA_STONES	MEGA_STONE	UNK	UNK	UNK	data/maps/SouthernIsland_Interior/map.json	Measured	NA	UNK
item	ITEM_CARBOS	Carbos	hidden	Underwater_Route124	UNDERWATER_124	42	51	FLAG_HIDDEN_ITEM_UNDERWATER_124_CARBOS	1	7	ITEMS	NONE	UNK	UNK	UNK	data/maps/Underwater_Route124/map.json	Measured	NA	10
item	ITEM_GREEN_SHARD	Green Shard	hidden	Underwater_Route124	UNDERWATER_124	14	40	FLAG_HIDDEN_ITEM_UNDERWATER_124_GREEN_SHARD	1	100	ITEMS	NONE	UNK	UNK	UNK	data/maps/Underwater_Route124/map.json	Measured	NA	10
item	ITEM_PEARL	Pearl	hidden	Underwater_Route124	UNDERWATER_124	66	34	FLAG_HIDDEN_ITEM_UNDERWATER_124_PEARL	1	7	ITEMS	NONE	UNK	UNK	UNK	data/maps/Underwater_Route124/map.json	Measured	NA	10
item	ITEM_BIG_PEARL	Big Pearl	hidden	Underwater_Route124	UNDERWATER_124	64	54	FLAG_HIDDEN_ITEM_UNDERWATER_124_BIG_PEARL	1	7	ITEMS	NONE	UNK	UNK	UNK	data/maps/Underwater_Route124/map.json	Measured	NA	10
item	ITEM_HEART_SCALE	Heart Scale	hidden	Underwater_Route124	UNDERWATER_124	70	64	FLAG_HIDDEN_ITEM_UNDERWATER_124_HEART_SCALE_1	1	100	ITEMS	NONE	UNK	UNK	UNK	data/maps/Underwater_Route124/map.json	Measured	NA	10
item	ITEM_CALCIUM	Calcium	hidden	Underwater_Route124	UNDERWATER_124	42	5	FLAG_HIDDEN_ITEM_UNDERWATER_124_CALCIUM	1	7	ITEMS	NONE	UNK	UNK	UNK	data/maps/Underwater_Route124/map.json	Measured	NA	10
item	ITEM_HEART_SCALE	Heart Scale	hidden	Underwater_Route124	UNDERWATER_124	45	36	FLAG_HIDDEN_ITEM_UNDERWATER_124_HEART_SCALE_2	1	100	ITEMS	NONE	UNK	UNK	UNK	data/maps/Underwater_Route124/map.json	Measured	NA	10
item	ITEM_HEART_SCALE	Heart Scale	hidden	Underwater_Route126	UNDERWATER_126	30	17	FLAG_HIDDEN_ITEM_UNDERWATER_126_HEART_SCALE	1	100	ITEMS	NONE	UNK	UNK	UNK	data/maps/Underwater_Route126/map.json	Measured	NA	11
item	ITEM_ULTRA_BALL	Ultra Ball	hidden	Underwater_Route126	UNDERWATER_126	41	19	FLAG_HIDDEN_ITEM_UNDERWATER_126_ULTRA_BALL	1	7	POKE_BALLS	NONE	UNK	UNK	UNK	data/maps/Underwater_Route126/map.json	Measured	NA	11
item	ITEM_STARDUST	Stardust	hidden	Underwater_Route126	UNDERWATER_126	63	19	FLAG_HIDDEN_ITEM_UNDERWATER_126_STARDUST	1	7	ITEMS	NONE	UNK	UNK	UNK	data/maps/Underwater_Route126/map.json	Measured	NA	11
item	ITEM_PEARL	Pearl	hidden	Underwater_Route126	UNDERWATER_126	10	36	FLAG_HIDDEN_ITEM_UNDERWATER_126_PEARL	1	7	ITEMS	NONE	UNK	UNK	UNK	data/maps/Underwater_Route126/map.json	Measured	NA	11
item	ITEM_IRON	Iron	hidden	Underwater_Route126	UNDERWATER_126	11	39	FLAG_HIDDEN_ITEM_UNDERWATER_126_IRON	1	7	ITEMS	NONE	UNK	UNK	UNK	data/maps/Underwater_Route126/map.json	Measured	NA	11
item	ITEM_YELLOW_SHARD	Yellow Shard	hidden	Underwater_Route126	UNDERWATER_126	12	35	FLAG_HIDDEN_ITEM_UNDERWATER_126_YELLOW_SHARD	1	100	ITEMS	NONE	UNK	UNK	UNK	data/maps/Underwater_Route126/map.json	Measured	NA	11
item	ITEM_BIG_PEARL	Big Pearl	hidden	Underwater_Route126	UNDERWATER_126	65	60	FLAG_HIDDEN_ITEM_UNDERWATER_126_BIG_PEARL	1	7	ITEMS	NONE	UNK	UNK	UNK	data/maps/Underwater_Route126/map.json	Measured	NA	11
item	ITEM_BLUE_SHARD	Blue Shard	hidden	Underwater_Route126	UNDERWATER_126	9	77	FLAG_HIDDEN_ITEM_UNDERWATER_126_BLUE_SHARD	1	100	ITEMS	NONE	UNK	UNK	UNK	data/maps/Underwater_Route126/map.json	Measured	NA	11
item	ITEM_STAR_PIECE	Star Piece	hidden	Underwater_Route127	UNDERWATER_127	12	42	FLAG_HIDDEN_ITEM_UNDERWATER_127_STAR_PIECE	1	7	ITEMS	NONE	UNK	UNK	UNK	data/maps/Underwater_Route127/map.json	Measured	NA	10
item	ITEM_HP_UP	HP Up	hidden	Underwater_Route127	UNDERWATER_127	50	36	FLAG_HIDDEN_ITEM_UNDERWATER_127_HP_UP	1	7	ITEMS	NONE	UNK	UNK	UNK	data/maps/Underwater_Route127/map.json	Measured	NA	10
item	ITEM_HEART_SCALE	Heart Scale	hidden	Underwater_Route127	UNDERWATER_127	34	72	FLAG_HIDDEN_ITEM_UNDERWATER_127_HEART_SCALE	1	100	ITEMS	NONE	UNK	UNK	UNK	data/maps/Underwater_Route127/map.json	Measured	NA	10
item	ITEM_RED_SHARD	Red Shard	hidden	Underwater_Route127	UNDERWATER_127	72	20	FLAG_HIDDEN_ITEM_UNDERWATER_127_RED_SHARD	1	100	ITEMS	NONE	UNK	UNK	UNK	data/maps/Underwater_Route127/map.json	Measured	NA	10
item	ITEM_PROTEIN	Protein	hidden	Underwater_Route128	UNDERWATER_128	38	19	FLAG_HIDDEN_ITEM_UNDERWATER_128_PROTEIN	1	7	ITEMS	NONE	UNK	UNK	UNK	data/maps/Underwater_Route128/map.json	Measured	NA	10
item	ITEM_PEARL	Pearl	hidden	Underwater_Route128	UNDERWATER_128	69	18	FLAG_HIDDEN_ITEM_UNDERWATER_128_PEARL	1	7	ITEMS	NONE	UNK	UNK	UNK	data/maps/Underwater_Route128/map.json	Measured	NA	10
item	ITEM_MAX_ELIXIR	Max Elixir	ground	VictoryRoad_1F	VICTORY_ROAD	40	26	FLAG_ITEM_VICTORY_ROAD_1F_MAX_ELIXIR	1	100	ITEMS	NONE	18	UNK	UNK	data/maps/VictoryRoad_1F/map.json	Measured	Measured	9
item	ITEM_PP_UP	PP Up	ground	VictoryRoad_1F	VICTORY_ROAD	37	39	FLAG_ITEM_VICTORY_ROAD_1F_PP_UP	1	1	ITEMS	NONE	18	UNK	UNK	data/maps/VictoryRoad_1F/map.json	Measured	Measured	9
item	ITEM_ULTRA_BALL	Ultra Ball	hidden	VictoryRoad_1F	VICTORY_ROAD	30	39	FLAG_HIDDEN_ITEM_VICTORY_ROAD_1F_ULTRA_BALL	1	7	POKE_BALLS	NONE	18	UNK	UNK	data/maps/VictoryRoad_1F/map.json	Measured	Measured	9
item	ITEM_FULL_RESTORE	Full Restore	ground	VictoryRoad_B1F	VICTORY_ROAD	43	15	FLAG_ITEM_VICTORY_ROAD_B1F_TM_PSYCHIC	1	3000	ITEMS	NONE	18	UNK	UNK	data/maps/VictoryRoad_B1F/map.json	Measured	Inferred	10
item	ITEM_FULL_RESTORE	Full Restore	ground	VictoryRoad_B1F	VICTORY_ROAD	32	3	FLAG_ITEM_VICTORY_ROAD_B1F_FULL_RESTORE	1	3000	ITEMS	NONE	18	UNK	UNK	data/maps/VictoryRoad_B1F/map.json	Measured	Inferred	10
item	ITEM_TM_SCALE_SHOT	TM165	ground	VictoryRoad_B2F	VICTORY_ROAD	13	8	FLAG_ITEM_VICTORY_ROAD_B2F_FULL_HEAL	1	100	TM_HM	NONE	18	UNK	UNK	data/maps/VictoryRoad_B2F/map.json	Measured	Inferred	11
item	ITEM_ELIXIR	Elixir	hidden	VictoryRoad_B2F	VICTORY_ROAD	28	5	FLAG_HIDDEN_ITEM_VICTORY_ROAD_B2F_ELIXIR	1	2	ITEMS	NONE	18	UNK	UNK	data/maps/VictoryRoad_B2F/map.json	Measured	Inferred	11
item	ITEM_MAX_REPEL	Max Repel	hidden	VictoryRoad_B2F	VICTORY_ROAD	37	1	FLAG_HIDDEN_ITEM_VICTORY_ROAD_B2F_MAX_REPEL	1	7	ITEMS	NONE	18	UNK	UNK	data/maps/VictoryRoad_B2F/map.json	Measured	Inferred	11
item	ITEM_LANSAT_BERRY	Lansat Berry	script_gift	BattleFrontier_ScottsHouse	UNK	NA	NA	NONE	1	0	BERRIES	CRITICAL_UP	UNK	UNK	UNK	data/maps/BattleFrontier_ScottsHouse/scripts.inc	Measured	NA	10
item	ITEM_STARF_BERRY	Starf Berry	script_gift	BattleFrontier_ScottsHouse	UNK	NA	NA	NONE	1	0	BERRIES	RANDOM_STAT_UP	UNK	UNK	UNK	data/maps/BattleFrontier_ScottsHouse/scripts.inc	Measured	NA	10
item	ITEM_CLAW_FOSSIL	Claw Fossil	script_gift	DesertUnderpass	UNK	NA	NA	NONE	1	7	ITEMS	NONE	UNK	UNK	UNK	data/maps/DesertUnderpass/scripts.inc	Measured	NA	11
item	ITEM_ROOT_FOSSIL	Root Fossil	script_gift	DesertUnderpass	UNK	NA	NA	NONE	1	7	ITEMS	NONE	UNK	UNK	UNK	data/maps/DesertUnderpass/scripts.inc	Measured	NA	11
item	ITEM_TM_LOW_SWEEP	TM78	script_gift	DewfordTown_Gym	UNK	NA	NA	NONE	1	100	TM_HM	NONE	3	UNK	UNK	data/maps/DewfordTown_Gym/scripts.inc	Measured	Measured	9
item	ITEM_TM_LOW_SWEEP	TM78	script_gift	DewfordTown_Gym	UNK	NA	NA	NONE	1	100	TM_HM	NONE	3	UNK	UNK	data/maps/DewfordTown_Gym/scripts.inc	Measured	Measured	9
item	ITEM_TM_DRACO_METEOR	TM155	script_gift	EverGrandeCity	UNK	NA	NA	NONE	1	100	TM_HM	NONE	UNK	UNK	UNK	data/maps/EverGrandeCity/scripts.inc	Measured	NA	8
item	ITEM_TM_RISING_VOLTAGE	TM58	script_gift	EverGrandeCity	UNK	NA	NA	NONE	1	100	TM_HM	NONE	UNK	UNK	UNK	data/maps/EverGrandeCity/scripts.inc	Measured	NA	8
item	ITEM_TM_SUPERCELL_SLAM	TM163	script_gift	EverGrandeCity	UNK	NA	NA	NONE	1	100	TM_HM	NONE	UNK	UNK	UNK	data/maps/EverGrandeCity/scripts.inc	Measured	NA	8
item	ITEM_EJECT_BUTTON	Eject Button	script_gift	EverGrandeCity	UNK	NA	NA	NONE	1	9	ITEMS	EJECT_BUTTON	UNK	UNK	UNK	data/maps/EverGrandeCity/scripts.inc	Measured	NA	8
item	ITEM_ZYGARDE_CUBE	Zygarde Cube	script_gift	EverGrandeCity_PokemonCenter_1F	UNK	NA	NA	NONE	1	0	KEY_ITEMS	NONE	UNK	UNK	UNK	data/maps/EverGrandeCity_PokemonCenter_1F/scripts.inc	Measured	NA	7
mart_stock	ITEM_ULTRA_BALL	Ultra Ball	purchase	EverGrandeCity_PokemonLeague_1F	UNK	NA	NA	NONE	UNLIMITED	7	POKE_BALLS	NONE	UNK	UNK	UNK	data/maps/EverGrandeCity_PokemonLeague_1F/scripts.inc	Measured	NA	7
mart_stock	ITEM_HYPER_POTION	Hyper Potion	purchase	EverGrandeCity_PokemonLeague_1F	UNK	NA	NA	NONE	UNLIMITED	2	ITEMS	NONE	UNK	UNK	UNK	data/maps/EverGrandeCity_PokemonLeague_1F/scripts.inc	Measured	NA	7
mart_stock	ITEM_MAX_POTION	Max Potion	purchase	EverGrandeCity_PokemonLeague_1F	UNK	NA	NA	NONE	UNLIMITED	2500	ITEMS	NONE	UNK	UNK	UNK	data/maps/EverGrandeCity_PokemonLeague_1F/scripts.inc	Measured	NA	7
mart_stock	ITEM_FULL_RESTORE	Full Restore	purchase	EverGrandeCity_PokemonLeague_1F	UNK	NA	NA	NONE	UNLIMITED	3000	ITEMS	NONE	UNK	UNK	UNK	data/maps/EverGrandeCity_PokemonLeague_1F/scripts.inc	Measured	NA	7
mart_stock	ITEM_FULL_HEAL	Full Heal	purchase	EverGrandeCity_PokemonLeague_1F	UNK	NA	NA	NONE	UNLIMITED	100	ITEMS	NONE	UNK	UNK	UNK	data/maps/EverGrandeCity_PokemonLeague_1F/scripts.inc	Measured	NA	7
mart_stock	ITEM_MAX_ELIXIR	Max Elixir	purchase	EverGrandeCity_PokemonLeague_1F	UNK	NA	NA	NONE	UNLIMITED	100	ITEMS	NONE	UNK	UNK	UNK	data/maps/EverGrandeCity_PokemonLeague_1F/scripts.inc	Measured	NA	7
mart_stock	ITEM_ELIXIR	Elixir	purchase	EverGrandeCity_PokemonLeague_1F	UNK	NA	NA	NONE	UNLIMITED	2	ITEMS	NONE	UNK	UNK	UNK	data/maps/EverGrandeCity_PokemonLeague_1F/scripts.inc	Measured	NA	7
mart_stock	ITEM_REVIVE	Revive	purchase	EverGrandeCity_PokemonLeague_1F	UNK	NA	NA	NONE	UNLIMITED	7	ITEMS	NONE	UNK	UNK	UNK	data/maps/EverGrandeCity_PokemonLeague_1F/scripts.inc	Measured	NA	7
mart_stock	ITEM_MAX_REPEL	Max Repel	purchase	EverGrandeCity_PokemonLeague_1F	UNK	NA	NA	NONE	UNLIMITED	7	ITEMS	NONE	UNK	UNK	UNK	data/maps/EverGrandeCity_PokemonLeague_1F/scripts.inc	Measured	NA	7
mart_stock	ITEM_NONE	????????	purchase	EverGrandeCity_PokemonLeague_1F	UNK	NA	NA	NONE	UNLIMITED	0	ITEMS	NONE	UNK	UNK	UNK	data/maps/EverGrandeCity_PokemonLeague_1F/scripts.inc	Measured	NA	7
mart_stock	ITEM_GREAT_BALL	Great Ball	purchase	FallarborTown_Mart	UNK	NA	NA	NONE	UNLIMITED	600	POKE_BALLS	NONE	UNK	UNK	UNK	data/maps/FallarborTown_Mart/scripts.inc	Measured	NA	9
mart_stock	ITEM_SUPER_POTION	Super Potion	purchase	FallarborTown_Mart	UNK	NA	NA	NONE	UNLIMITED	700	ITEMS	NONE	UNK	UNK	UNK	data/maps/FallarborTown_Mart/scripts.inc	Measured	NA	9
mart_stock	ITEM_ANTIDOTE	Antidote	purchase	FallarborTown_Mart	UNK	NA	NA	NONE	UNLIMITED	7	ITEMS	NONE	UNK	UNK	UNK	data/maps/FallarborTown_Mart/scripts.inc	Measured	NA	9
mart_stock	ITEM_PARALYZE_HEAL	Paralyze Heal	purchase	FallarborTown_Mart	UNK	NA	NA	NONE	UNLIMITED	7	ITEMS	NONE	UNK	UNK	UNK	data/maps/FallarborTown_Mart/scripts.inc	Measured	NA	9
mart_stock	ITEM_ESCAPE_ROPE	Escape Rope	purchase	FallarborTown_Mart	UNK	NA	NA	NONE	UNLIMITED	0	KEY_ITEMS	NONE	UNK	UNK	UNK	data/maps/FallarborTown_Mart/scripts.inc	Measured	NA	9
mart_stock	ITEM_SUPER_REPEL	Super Repel	purchase	FallarborTown_Mart	UNK	NA	NA	NONE	UNLIMITED	7	ITEMS	NONE	UNK	UNK	UNK	data/maps/FallarborTown_Mart/scripts.inc	Measured	NA	9
mart_stock	ITEM_X_SP_ATK	X Sp. Atk	purchase	FallarborTown_Mart	UNK	NA	NA	NONE	UNLIMITED	7	ITEMS	NONE	UNK	UNK	UNK	data/maps/FallarborTown_Mart/scripts.inc	Measured	NA	9
mart_stock	ITEM_X_SPEED	X Speed	purchase	FallarborTown_Mart	UNK	NA	NA	NONE	UNLIMITED	7	ITEMS	NONE	UNK	UNK	UNK	data/maps/FallarborTown_Mart/scripts.inc	Measured	NA	9
mart_stock	ITEM_X_ATTACK	X Attack	purchase	FallarborTown_Mart	UNK	NA	NA	NONE	UNLIMITED	7	ITEMS	NONE	UNK	UNK	UNK	data/maps/FallarborTown_Mart/scripts.inc	Measured	NA	9
mart_stock	ITEM_X_DEFENSE	X Defense	purchase	FallarborTown_Mart	UNK	NA	NA	NONE	UNLIMITED	7	ITEMS	NONE	UNK	UNK	UNK	data/maps/FallarborTown_Mart/scripts.inc	Measured	NA	9
mart_stock	ITEM_DIRE_HIT	Dire Hit	purchase	FallarborTown_Mart	UNK	NA	NA	NONE	UNLIMITED	7	ITEMS	NONE	UNK	UNK	UNK	data/maps/FallarborTown_Mart/scripts.inc	Measured	NA	9
mart_stock	ITEM_GUARD_SPEC	Guard Spec.	purchase	FallarborTown_Mart	UNK	NA	NA	NONE	UNLIMITED	7	ITEMS	NONE	UNK	UNK	UNK	data/maps/FallarborTown_Mart/scripts.inc	Measured	NA	9
mart_stock	ITEM_NONE	????????	purchase	FallarborTown_Mart	UNK	NA	NA	NONE	UNLIMITED	0	ITEMS	NONE	UNK	UNK	UNK	data/maps/FallarborTown_Mart/scripts.inc	Measured	NA	9
item	ITEM_TM_DRAGON_CLAW	TM02	script_gift	FallarborTown_MoveRelearnersHouse	UNK	NA	NA	NONE	1	100	TM_HM	NONE	UNK	UNK	UNK	data/maps/FallarborTown_MoveRelearnersHouse/scripts.inc	Measured	NA	9
item	ITEM_TM_BLIZZARD	TM14	script_gift	FallarborTown_MoveRelearnersHouse	UNK	NA	NA	NONE	1	100	TM_HM	NONE	UNK	UNK	UNK	data/maps/FallarborTown_MoveRelearnersHouse/scripts.inc	Measured	NA	9
item	ITEM_TM_THUNDER	TM25	script_gift	FallarborTown_MoveRelearnersHouse	UNK	NA	NA	NONE	1	100	TM_HM	NONE	UNK	UNK	UNK	data/maps/FallarborTown_MoveRelearnersHouse/scripts.inc	Measured	NA	9
item	ITEM_TM_TELEPORT	TM34	script_gift	FallarborTown_MoveRelearnersHouse	UNK	NA	NA	NONE	1	100	TM_HM	NONE	UNK	UNK	UNK	data/maps/FallarborTown_MoveRelearnersHouse/scripts.inc	Measured	NA	9
item	ITEM_TM_FIRE_BLAST	TM38	script_gift	FallarborTown_MoveRelearnersHouse	UNK	NA	NA	NONE	1	100	TM_HM	NONE	UNK	UNK	UNK	data/maps/FallarborTown_MoveRelearnersHouse/scripts.inc	Measured	NA	9
item	ITEM_TM_POLTERGEIST	TM67	script_gift	FallarborTown_MoveRelearnersHouse	UNK	NA	NA	NONE	1	100	TM_HM	NONE	UNK	UNK	UNK	data/maps/FallarborTown_MoveRelearnersHouse/scripts.inc	Measured	NA	9
item	ITEM_TM_THUNDER_WAVE	TM73	script_gift	FallarborTown_MoveRelearnersHouse	UNK	NA	NA	NONE	1	100	TM_HM	NONE	UNK	UNK	UNK	data/maps/FallarborTown_MoveRelearnersHouse/scripts.inc	Measured	NA	9
item	ITEM_TM_IRON_HEAD	TM119	script_gift	FallarborTown_MoveRelearnersHouse	UNK	NA	NA	NONE	1	100	TM_HM	NONE	UNK	UNK	UNK	data/maps/FallarborTown_MoveRelearnersHouse/scripts.inc	Measured	NA	9
item	ITEM_TM_LIQUIDATION	TM120	script_gift	FallarborTown_MoveRelearnersHouse	UNK	NA	NA	NONE	1	100	TM_HM	NONE	UNK	UNK	UNK	data/maps/FallarborTown_MoveRelearnersHouse/scripts.inc	Measured	NA	9
item	ITEM_TM_HYDRO_PUMP	TM121	script_gift	FallarborTown_MoveRelearnersHouse	UNK	NA	NA	NONE	1	100	TM_HM	NONE	UNK	UNK	UNK	data/maps/FallarborTown_MoveRelearnersHouse/scripts.inc	Measured	NA	9
item	ITEM_TM_DRILL_RUN	TM122	script_gift	FallarborTown_MoveRelearnersHouse	UNK	NA	NA	NONE	1	100	TM_HM	NONE	UNK	UNK	UNK	data/maps/FallarborTown_MoveRelearnersHouse/scripts.inc	Measured	NA	9
item	ITEM_TM_BLAZE_KICK	TM123	script_gift	FallarborTown_MoveRelearnersHouse	UNK	NA	NA	NONE	1	100	TM_HM	NONE	UNK	UNK	UNK	data/maps/FallarborTown_MoveRelearnersHouse/scripts.inc	Measured	NA	9
item	ITEM_TM_ZEN_HEADBUTT	TM125	script_gift	FallarborTown_MoveRelearnersHouse	UNK	NA	NA	NONE	1	100	TM_HM	NONE	UNK	UNK	UNK	data/maps/FallarborTown_MoveRelearnersHouse/scripts.inc	Measured	NA	9
item	ITEM_TM_WEATHER_BALL	TM126	script_gift	FallarborTown_MoveRelearnersHouse	UNK	NA	NA	NONE	1	100	TM_HM	NONE	UNK	UNK	UNK	data/maps/FallarborTown_MoveRelearnersHouse/scripts.inc	Measured	NA	9
item	ITEM_TM_AIR_SLASH	TM127	script_gift	FallarborTown_MoveRelearnersHouse	UNK	NA	NA	NONE	1	100	TM_HM	NONE	UNK	UNK	UNK	data/maps/FallarborTown_MoveRelearnersHouse/scripts.inc	Measured	NA	9
item	ITEM_TM_HEX	TM128	script_gift	FallarborTown_MoveRelearnersHouse	UNK	NA	NA	NONE	1	100	TM_HM	NONE	UNK	UNK	UNK	data/maps/FallarborTown_MoveRelearnersHouse/scripts.inc	Measured	NA	9
item	ITEM_TM_MYSTICAL_FIRE	TM129	script_gift	FallarborTown_MoveRelearnersHouse	UNK	NA	NA	NONE	1	100	TM_HM	NONE	UNK	UNK	UNK	data/maps/FallarborTown_MoveRelearnersHouse/scripts.inc	Measured	NA	9
item	ITEM_TM_SEED_BOMB	TM130	script_gift	FallarborTown_MoveRelearnersHouse	UNK	NA	NA	NONE	1	100	TM_HM	NONE	UNK	UNK	UNK	data/maps/FallarborTown_MoveRelearnersHouse/scripts.inc	Measured	NA	9
item	ITEM_TM_LEAF_BLADE	TM131	script_gift	FallarborTown_MoveRelearnersHouse	UNK	NA	NA	NONE	1	100	TM_HM	NONE	UNK	UNK	UNK	data/maps/FallarborTown_MoveRelearnersHouse/scripts.inc	Measured	NA	9
item	ITEM_TM_KNOCK_OFF	TM132	script_gift	FallarborTown_MoveRelearnersHouse	UNK	NA	NA	NONE	1	100	TM_HM	NONE	UNK	UNK	UNK	data/maps/FallarborTown_MoveRelearnersHouse/scripts.inc	Measured	NA	9
item	ITEM_TM_POWER_GEM	TM133	script_gift	FallarborTown_MoveRelearnersHouse	UNK	NA	NA	NONE	1	100	TM_HM	NONE	UNK	UNK	UNK	data/maps/FallarborTown_MoveRelearnersHouse/scripts.inc	Measured	NA	9
item	ITEM_TM_ROCK_BLAST	TM134	script_gift	FallarborTown_MoveRelearnersHouse	UNK	NA	NA	NONE	1	100	TM_HM	NONE	UNK	UNK	UNK	data/maps/FallarborTown_MoveRelearnersHouse/scripts.inc	Measured	NA	9
item	ITEM_TM_PIN_MISSILE	TM135	script_gift	FallarborTown_MoveRelearnersHouse	UNK	NA	NA	NONE	1	100	TM_HM	NONE	UNK	UNK	UNK	data/maps/FallarborTown_MoveRelearnersHouse/scripts.inc	Measured	NA	9
item	ITEM_TM_ICICLE_SPEAR	TM136	script_gift	FallarborTown_MoveRelearnersHouse	UNK	NA	NA	NONE	1	100	TM_HM	NONE	UNK	UNK	UNK	data/maps/FallarborTown_MoveRelearnersHouse/scripts.inc	Measured	NA	9
item	ITEM_TM_TAIL_SLAP	TM137	script_gift	FallarborTown_MoveRelearnersHouse	UNK	NA	NA	NONE	1	100	TM_HM	NONE	UNK	UNK	UNK	data/maps/FallarborTown_MoveRelearnersHouse/scripts.inc	Measured	NA	9
item	ITEM_TM_ARM_THRUST	TM138	script_gift	FallarborTown_MoveRelearnersHouse	UNK	NA	NA	NONE	1	100	TM_HM	NONE	UNK	UNK	UNK	data/maps/FallarborTown_MoveRelearnersHouse/scripts.inc	Measured	NA	9
item	ITEM_TM_FOUL_PLAY	TM139	script_gift	FallarborTown_MoveRelearnersHouse	UNK	NA	NA	NONE	1	100	TM_HM	NONE	UNK	UNK	UNK	data/maps/FallarborTown_MoveRelearnersHouse/scripts.inc	Measured	NA	9
item	ITEM_TM_IRON_DEFENSE	TM140	script_gift	FallarborTown_MoveRelearnersHouse	UNK	NA	NA	NONE	1	100	TM_HM	NONE	UNK	UNK	UNK	data/maps/FallarborTown_MoveRelearnersHouse/scripts.inc	Measured	NA	9
item	ITEM_TM_BODY_SLAM	TM158	script_gift	FallarborTown_MoveRelearnersHouse	UNK	NA	NA	NONE	1	100	TM_HM	NONE	UNK	UNK	UNK	data/maps/FallarborTown_MoveRelearnersHouse/scripts.inc	Measured	NA	9
item	ITEM_TM_PLAY_ROUGH	TM159	script_gift	FallarborTown_MoveRelearnersHouse	UNK	NA	NA	NONE	1	100	TM_HM	NONE	UNK	UNK	UNK	data/maps/FallarborTown_MoveRelearnersHouse/scripts.inc	Measured	NA	9
item	ITEM_EMPOLEONITE_O	EmpoleoniteO	script_gift	FortreeCity_CreatorHouse	UNK	NA	NA	NONE	1	0	MEGA_STONES	MEGA_STONE	12	UNK	UNK	data/maps/FortreeCity_CreatorHouse/scripts.inc	Measured	Inferred	9
item	ITEM_BLASTOISINITE	Blastoisinite	script_gift	FortreeCity_CreatorHouse	UNK	NA	NA	NONE	1	0	MEGA_STONES	MEGA_STONE	12	UNK	UNK	data/maps/FortreeCity_CreatorHouse/scripts.inc	Measured	Inferred	9
item	ITEM_SWAMPERTITE	Swampertite	script_gift	FortreeCity_CreatorHouse	UNK	NA	NA	NONE	1	0	MEGA_STONES	MEGA_STONE	12	UNK	UNK	data/maps/FortreeCity_CreatorHouse/scripts.inc	Measured	Inferred	9
item	ITEM_TM_SUBSTITUTE	TM90	script_gift	FortreeCity_CreatorHouse	UNK	NA	NA	NONE	1	100	TM_HM	NONE	12	UNK	UNK	data/maps/FortreeCity_CreatorHouse/scripts.inc	Measured	Inferred	9
item	ITEM_CHOICE_SCARF	Choice Scarf	script_gift	FortreeCity_CreatorHouse	UNK	NA	NA	NONE	1	9	ITEMS	CHOICE_SCARF	12	UNK	UNK	data/maps/FortreeCity_CreatorHouse/scripts.inc	Measured	Inferred	9
item	ITEM_CHARIZARDITE_X	CharizarditeX	script_gift	FortreeCity_CreatorHouse	UNK	NA	NA	NONE	1	0	MEGA_STONES	MEGA_STONE	12	UNK	UNK	data/maps/FortreeCity_CreatorHouse/scripts.inc	Measured	Inferred	9
item	ITEM_CHARIZARDITE_Y	CharizarditeY	script_gift	FortreeCity_CreatorHouse	UNK	NA	NA	NONE	1	0	MEGA_STONES	MEGA_STONE	12	UNK	UNK	data/maps/FortreeCity_CreatorHouse/scripts.inc	Measured	Inferred	9
item	ITEM_INFERNAPITE	Infernapite	script_gift	FortreeCity_CreatorHouse	UNK	NA	NA	NONE	1	0	MEGA_STONES	MEGA_STONE	12	UNK	UNK	data/maps/FortreeCity_CreatorHouse/scripts.inc	Measured	Inferred	9
item	ITEM_TM_DRAGON_DANCE	TM41	script_gift	FortreeCity_CreatorHouse	UNK	NA	NA	NONE	1	100	TM_HM	NONE	12	UNK	UNK	data/maps/FortreeCity_CreatorHouse/scripts.inc	Measured	Inferred	9
item	ITEM_CHOICE_SPECS	Choice Specs	script_gift	FortreeCity_CreatorHouse	UNK	NA	NA	NONE	1	9	ITEMS	CHOICE_SPECS	12	UNK	UNK	data/maps/FortreeCity_CreatorHouse/scripts.inc	Measured	Inferred	9
item	ITEM_TORTERRITE	Torterrite	script_gift	FortreeCity_CreatorHouse	UNK	NA	NA	NONE	1	0	MEGA_STONES	MEGA_STONE	12	UNK	UNK	data/maps/FortreeCity_CreatorHouse/scripts.inc	Measured	Inferred	9
item	ITEM_VENUSAURITE	Venusaurite	script_gift	FortreeCity_CreatorHouse	UNK	NA	NA	NONE	1	0	MEGA_STONES	MEGA_STONE	12	UNK	UNK	data/maps/FortreeCity_CreatorHouse/scripts.inc	Measured	Inferred	9
item	ITEM_SCEPTILITE	Sceptilite	script_gift	FortreeCity_CreatorHouse	UNK	NA	NA	NONE	1	0	MEGA_STONES	MEGA_STONE	12	UNK	UNK	data/maps/FortreeCity_CreatorHouse/scripts.inc	Measured	Inferred	9
item	ITEM_TM_EARTHQUAKE	TM26	script_gift	FortreeCity_CreatorHouse	UNK	NA	NA	NONE	1	100	TM_HM	NONE	12	UNK	UNK	data/maps/FortreeCity_CreatorHouse/scripts.inc	Measured	Inferred	9
item	ITEM_CHOICE_BAND	Choice Band	script_gift	FortreeCity_CreatorHouse	UNK	NA	NA	NONE	1	9	ITEMS	CHOICE_BAND	12	UNK	UNK	data/maps/FortreeCity_CreatorHouse/scripts.inc	Measured	Inferred	9
item	ITEM_TM_BRAVE_BIRD	TM107	script_gift	FortreeCity_Gym	UNK	NA	NA	NONE	1	100	TM_HM	NONE	12	UNK	UNK	data/maps/FortreeCity_Gym/scripts.inc	Measured	Measured	9
item	ITEM_TM_ACROBATICS	TM95	script_gift	FortreeCity_Gym	UNK	NA	NA	NONE	1	100	TM_HM	NONE	12	UNK	UNK	data/maps/FortreeCity_Gym/scripts.inc	Measured	Measured	9
item	ITEM_TM_HURRICANE	TM145	script_gift	FortreeCity_Gym	UNK	NA	NA	NONE	1	100	TM_HM	NONE	12	UNK	UNK	data/maps/FortreeCity_Gym/scripts.inc	Measured	Measured	9
item	ITEM_TM_TAILWIND	TM153	script_gift	FortreeCity_Gym	UNK	NA	NA	NONE	1	100	TM_HM	NONE	12	UNK	UNK	data/maps/FortreeCity_Gym/scripts.inc	Measured	Measured	9
item	ITEM_ALTARIANITE	Altarianite	script_gift	FortreeCity_Gym	UNK	NA	NA	NONE	1	0	MEGA_STONES	MEGA_STONE	12	UNK	UNK	data/maps/FortreeCity_Gym/scripts.inc	Measured	Measured	9
item	ITEM_TM_BRAVE_BIRD	TM107	script_gift	FortreeCity_Gym	UNK	NA	NA	NONE	1	100	TM_HM	NONE	12	UNK	UNK	data/maps/FortreeCity_Gym/scripts.inc	Measured	Measured	9
item	ITEM_TM_ACROBATICS	TM95	script_gift	FortreeCity_Gym	UNK	NA	NA	NONE	1	100	TM_HM	NONE	12	UNK	UNK	data/maps/FortreeCity_Gym/scripts.inc	Measured	Measured	9
item	ITEM_TM_HURRICANE	TM145	script_gift	FortreeCity_Gym	UNK	NA	NA	NONE	1	100	TM_HM	NONE	12	UNK	UNK	data/maps/FortreeCity_Gym/scripts.inc	Measured	Measured	9
item	ITEM_TM_TAILWIND	TM153	script_gift	FortreeCity_Gym	UNK	NA	NA	NONE	1	100	TM_HM	NONE	12	UNK	UNK	data/maps/FortreeCity_Gym/scripts.inc	Measured	Measured	9
item	ITEM_ALTARIANITE	Altarianite	script_gift	FortreeCity_Gym	UNK	NA	NA	NONE	1	0	MEGA_STONES	MEGA_STONE	12	UNK	UNK	data/maps/FortreeCity_Gym/scripts.inc	Measured	Measured	9
item	ITEM_TM_STORED_POWER	TM151	script_gift	FortreeCity_House2	UNK	NA	NA	NONE	1	100	TM_HM	NONE	12	UNK	UNK	data/maps/FortreeCity_House2/scripts.inc	Measured	Inferred	9
item	ITEM_MENTAL_HERB	Mental Herb	script_gift	FortreeCity_House4	UNK	NA	NA	NONE	1	100	ITEMS	MENTAL_HERB	12	UNK	UNK	data/maps/FortreeCity_House4/scripts.inc	Measured	Inferred	9
mart_stock	ITEM_POKE_BALL	Poké Ball	purchase	FortreeCity_Mart	UNK	NA	NA	NONE	UNLIMITED	200	POKE_BALLS	NONE	12	UNK	UNK	data/maps/FortreeCity_Mart/scripts.inc	Measured	Inferred	9
mart_stock	ITEM_GREAT_BALL	Great Ball	purchase	FortreeCity_Mart	UNK	NA	NA	NONE	UNLIMITED	600	POKE_BALLS	NONE	12	UNK	UNK	data/maps/FortreeCity_Mart/scripts.inc	Measured	Inferred	9
mart_stock	ITEM_ULTRA_BALL	Ultra Ball	purchase	FortreeCity_Mart	UNK	NA	NA	NONE	UNLIMITED	7	POKE_BALLS	NONE	12	UNK	UNK	data/maps/FortreeCity_Mart/scripts.inc	Measured	Inferred	9
mart_stock	ITEM_SUPER_POTION	Super Potion	purchase	FortreeCity_Mart	UNK	NA	NA	NONE	UNLIMITED	700	ITEMS	NONE	12	UNK	UNK	data/maps/FortreeCity_Mart/scripts.inc	Measured	Inferred	9
mart_stock	ITEM_HYPER_POTION	Hyper Potion	purchase	FortreeCity_Mart	UNK	NA	NA	NONE	UNLIMITED	2	ITEMS	NONE	12	UNK	UNK	data/maps/FortreeCity_Mart/scripts.inc	Measured	Inferred	9
mart_stock	ITEM_ANTIDOTE	Antidote	purchase	FortreeCity_Mart	UNK	NA	NA	NONE	UNLIMITED	7	ITEMS	NONE	12	UNK	UNK	data/maps/FortreeCity_Mart/scripts.inc	Measured	Inferred	9
mart_stock	ITEM_PARALYZE_HEAL	Paralyze Heal	purchase	FortreeCity_Mart	UNK	NA	NA	NONE	UNLIMITED	7	ITEMS	NONE	12	UNK	UNK	data/maps/FortreeCity_Mart/scripts.inc	Measured	Inferred	9
mart_stock	ITEM_AWAKENING	Awakening	purchase	FortreeCity_Mart	UNK	NA	NA	NONE	UNLIMITED	2	ITEMS	NONE	12	UNK	UNK	data/maps/FortreeCity_Mart/scripts.inc	Measured	Inferred	9
mart_stock	ITEM_REVIVE	Revive	purchase	FortreeCity_Mart	UNK	NA	NA	NONE	UNLIMITED	7	ITEMS	NONE	12	UNK	UNK	data/maps/FortreeCity_Mart/scripts.inc	Measured	Inferred	9
mart_stock	ITEM_SUPER_REPEL	Super Repel	purchase	FortreeCity_Mart	UNK	NA	NA	NONE	UNLIMITED	7	ITEMS	NONE	12	UNK	UNK	data/maps/FortreeCity_Mart/scripts.inc	Measured	Inferred	9
mart_stock	ITEM_WOOD_MAIL	Wood Mail	purchase	FortreeCity_Mart	UNK	NA	NA	NONE	UNLIMITED	50	ITEMS	NONE	12	UNK	UNK	data/maps/FortreeCity_Mart/scripts.inc	Measured	Inferred	9
mart_stock	ITEM_NONE	????????	purchase	FortreeCity_Mart	UNK	NA	NA	NONE	UNLIMITED	0	ITEMS	NONE	12	UNK	UNK	data/maps/FortreeCity_Mart/scripts.inc	Measured	Inferred	9
item	ITEM_HM_FLASH	HM05	script_gift	GraniteCave_1F	UNK	NA	NA	NONE	1	0	TM_HM	NONE	UNK	UNK	UNK	data/maps/GraniteCave_1F/scripts.inc	Measured	NA	8
item	ITEM_TM_STEEL_WING	TM47	script_gift	GraniteCave_StevensRoom	UNK	NA	NA	NONE	1	100	TM_HM	NONE	UNK	UNK	UNK	data/maps/GraniteCave_StevensRoom/scripts.inc	Measured	NA	9
item	ITEM_SITRUS_BERRY	Sitrus Berry	script_gift	GraniteCave_StevensRoom	UNK	NA	NA	NONE	20	0	BERRIES	RESTORE_PCT_HP	UNK	UNK	UNK	data/maps/GraniteCave_StevensRoom/scripts.inc	Measured	NA	9
item	ITEM_HEAL_BALL	Heal Ball	script_gift	GraniteCave_StevensRoom	UNK	NA	NA	NONE	99	100	POKE_BALLS	NONE	UNK	UNK	UNK	data/maps/GraniteCave_StevensRoom/scripts.inc	Measured	NA	9
item	ITEM_BERRY_JUICE	Berry Juice	script_gift	GraniteCave_StevensRoom	UNK	NA	NA	NONE	10	100	ITEMS	RESTORE_HP	UNK	UNK	UNK	data/maps/GraniteCave_StevensRoom/scripts.inc	Measured	NA	9
item	ITEM_MOON_STONE	Moon Stone	script_gift	GraniteCave_StevensRoom	UNK	NA	NA	NONE	10	500	ITEMS	NONE	UNK	UNK	UNK	data/maps/GraniteCave_StevensRoom/scripts.inc	Measured	NA	9
item	ITEM_THROAT_SPRAY	Throat Spray	script_gift	GraniteCave_StevensRoom	UNK	NA	NA	NONE	10	9	ITEMS	THROAT_SPRAY	UNK	UNK	UNK	data/maps/GraniteCave_StevensRoom/scripts.inc	Measured	NA	9
item	ITEM_PP_UP	PP Up	script_gift	GraniteCave_StevensRoom	UNK	NA	NA	NONE	20	1	ITEMS	NONE	UNK	UNK	UNK	data/maps/GraniteCave_StevensRoom/scripts.inc	Measured	NA	9
item	ITEM_IRON_BALL	Iron Ball	script_gift	GraniteCave_StevensRoom	UNK	NA	NA	NONE	10	9	ITEMS	IRON_BALL	UNK	UNK	UNK	data/maps/GraniteCave_StevensRoom/scripts.inc	Measured	NA	9
item	ITEM_WIDE_LENS	Wide Lens	script_gift	GraniteCave_StevensRoom	UNK	NA	NA	NONE	10	9	ITEMS	WIDE_LENS	UNK	UNK	UNK	data/maps/GraniteCave_StevensRoom/scripts.inc	Measured	NA	9
item	ITEM_HEAT_ROCK	Heat Rock	script_gift	GraniteCave_StevensRoom	UNK	NA	NA	NONE	10	9	ITEMS	HEAT_ROCK	UNK	UNK	UNK	data/maps/GraniteCave_StevensRoom/scripts.inc	Measured	NA	9
item	ITEM_DAMP_ROCK	Damp Rock	script_gift	GraniteCave_StevensRoom	UNK	NA	NA	NONE	10	9	ITEMS	DAMP_ROCK	UNK	UNK	UNK	data/maps/GraniteCave_StevensRoom/scripts.inc	Measured	NA	9
item	ITEM_SMOOTH_ROCK	Smooth Rock	script_gift	GraniteCave_StevensRoom	UNK	NA	NA	NONE	10	9	ITEMS	SMOOTH_ROCK	UNK	UNK	UNK	data/maps/GraniteCave_StevensRoom/scripts.inc	Measured	NA	9
item	ITEM_ICY_ROCK	Icy Rock	script_gift	GraniteCave_StevensRoom	UNK	NA	NA	NONE	10	9	ITEMS	ICY_ROCK	UNK	UNK	UNK	data/maps/GraniteCave_StevensRoom/scripts.inc	Measured	NA	9
item	ITEM_LEEK	Leek	script_gift	GraniteCave_StevensRoom	UNK	NA	NA	NONE	10	7	ITEMS	LEEK	UNK	UNK	UNK	data/maps/GraniteCave_StevensRoom/scripts.inc	Measured	NA	9
item	ITEM_TM_FOCUS_PUNCH	TM01	script_gift	JaggedPass	UNK	NA	NA	NONE	1	100	TM_HM	NONE	UNK	UNK	UNK	data/maps/JaggedPass/scripts.inc	Measured	NA	8
item	ITEM_TM_FOCUS_BLAST	TM52	script_gift	JaggedPass	UNK	NA	NA	NONE	1	100	TM_HM	NONE	UNK	UNK	UNK	data/maps/JaggedPass/scripts.inc	Measured	NA	8
item	ITEM_TM_DRAIN_PUNCH	TM60	script_gift	JaggedPass	UNK	NA	NA	NONE	1	100	TM_HM	NONE	UNK	UNK	UNK	data/maps/JaggedPass/scripts.inc	Measured	NA	8
item	ITEM_TM_BODY_PRESS	TM105	script_gift	JaggedPass	UNK	NA	NA	NONE	1	100	TM_HM	NONE	UNK	UNK	UNK	data/maps/JaggedPass/scripts.inc	Measured	NA	8
item	ITEM_TM_AURA_SPHERE	TM143	script_gift	JaggedPass	UNK	NA	NA	NONE	1	100	TM_HM	NONE	UNK	UNK	UNK	data/maps/JaggedPass/scripts.inc	Measured	NA	8
item	ITEM_LUCARIONITE	Lucarionite	script_gift	JaggedPass	UNK	NA	NA	NONE	1	0	MEGA_STONES	MEGA_STONE	UNK	UNK	UNK	data/maps/JaggedPass/scripts.inc	Measured	NA	8
item	ITEM_MACHAMPITE	Machampite	script_gift	JaggedPass	UNK	NA	NA	NONE	1	0	MEGA_STONES	MEGA_STONE	UNK	UNK	UNK	data/maps/JaggedPass/scripts.inc	Measured	NA	8
item	ITEM_EXPERT_BELT	Expert Belt	script_gift	JaggedPass	UNK	NA	NA	NONE	1	9	ITEMS	EXPERT_BELT	UNK	UNK	UNK	data/maps/JaggedPass/scripts.inc	Measured	NA	8
item	ITEM_MEGA_RING	Mega Ring	script_gift	LavaridgeTown	UNK	NA	NA	NONE	1	0	KEY_ITEMS	NONE	8	UNK	UNK	data/maps/LavaridgeTown/scripts.inc	Measured	Inferred	8
item	ITEM_GO_GOGGLES	Go-Goggles	script_gift	LavaridgeTown	UNK	NA	NA	NONE	1	0	KEY_ITEMS	NONE	8	UNK	UNK	data/maps/LavaridgeTown/scripts.inc	Measured	Inferred	8
item	ITEM_SAFETY_GOGGLES	SafetyGoggles	script_gift	LavaridgeTown	UNK	NA	NA	NONE	1	9	ITEMS	SAFETY_GOGGLES	8	UNK	UNK	data/maps/LavaridgeTown/scripts.inc	Measured	Inferred	8
item	ITEM_MEGA_RING	Mega Ring	script_gift	LavaridgeTown	UNK	NA	NA	NONE	1	0	KEY_ITEMS	NONE	8	UNK	UNK	data/maps/LavaridgeTown/scripts.inc	Measured	Inferred	8
item	ITEM_GO_GOGGLES	Go-Goggles	script_gift	LavaridgeTown	UNK	NA	NA	NONE	1	0	KEY_ITEMS	NONE	8	UNK	UNK	data/maps/LavaridgeTown/scripts.inc	Measured	Inferred	8
item	ITEM_SAFETY_GOGGLES	SafetyGoggles	script_gift	LavaridgeTown	UNK	NA	NA	NONE	1	9	ITEMS	SAFETY_GOGGLES	8	UNK	UNK	data/maps/LavaridgeTown/scripts.inc	Measured	Inferred	8
item	ITEM_TM_OVERHEAT	TM50	script_gift	LavaridgeTown_Gym_1F	UNK	NA	NA	NONE	1	100	TM_HM	NONE	8	UNK	UNK	data/maps/LavaridgeTown_Gym_1F/scripts.inc	Measured	Measured	9
item	ITEM_TM_WILL_O_WISP	TM61	script_gift	LavaridgeTown_Gym_1F	UNK	NA	NA	NONE	1	100	TM_HM	NONE	8	UNK	UNK	data/maps/LavaridgeTown_Gym_1F/scripts.inc	Measured	Measured	9
item	ITEM_TM_HEAT_CRASH	TM104	script_gift	LavaridgeTown_Gym_1F	UNK	NA	NA	NONE	1	100	TM_HM	NONE	8	UNK	UNK	data/maps/LavaridgeTown_Gym_1F/scripts.inc	Measured	Measured	9
item	ITEM_TM_HEAT_WAVE	TM144	script_gift	LavaridgeTown_Gym_1F	UNK	NA	NA	NONE	1	100	TM_HM	NONE	8	UNK	UNK	data/maps/LavaridgeTown_Gym_1F/scripts.inc	Measured	Measured	9
item	ITEM_TM_FLARE_BLITZ	TM150	script_gift	LavaridgeTown_Gym_1F	UNK	NA	NA	NONE	1	100	TM_HM	NONE	8	UNK	UNK	data/maps/LavaridgeTown_Gym_1F/scripts.inc	Measured	Measured	9
item	ITEM_BLAZIKENITE	Blazikenite	script_gift	LavaridgeTown_Gym_1F	UNK	NA	NA	NONE	1	0	MEGA_STONES	MEGA_STONE	8	UNK	UNK	data/maps/LavaridgeTown_Gym_1F/scripts.inc	Measured	Measured	9
item	ITEM_TM_OVERHEAT	TM50	script_gift	LavaridgeTown_Gym_1F	UNK	NA	NA	NONE	1	100	TM_HM	NONE	8	UNK	UNK	data/maps/LavaridgeTown_Gym_1F/scripts.inc	Measured	Measured	9
item	ITEM_TM_WILL_O_WISP	TM61	script_gift	LavaridgeTown_Gym_1F	UNK	NA	NA	NONE	1	100	TM_HM	NONE	8	UNK	UNK	data/maps/LavaridgeTown_Gym_1F/scripts.inc	Measured	Measured	9
item	ITEM_TM_HEAT_CRASH	TM104	script_gift	LavaridgeTown_Gym_1F	UNK	NA	NA	NONE	1	100	TM_HM	NONE	8	UNK	UNK	data/maps/LavaridgeTown_Gym_1F/scripts.inc	Measured	Measured	9
item	ITEM_TM_HEAT_WAVE	TM144	script_gift	LavaridgeTown_Gym_1F	UNK	NA	NA	NONE	1	100	TM_HM	NONE	8	UNK	UNK	data/maps/LavaridgeTown_Gym_1F/scripts.inc	Measured	Measured	9
item	ITEM_TM_FLARE_BLITZ	TM150	script_gift	LavaridgeTown_Gym_1F	UNK	NA	NA	NONE	1	100	TM_HM	NONE	8	UNK	UNK	data/maps/LavaridgeTown_Gym_1F/scripts.inc	Measured	Measured	9
item	ITEM_BLAZIKENITE	Blazikenite	script_gift	LavaridgeTown_Gym_1F	UNK	NA	NA	NONE	1	0	MEGA_STONES	MEGA_STONE	8	UNK	UNK	data/maps/LavaridgeTown_Gym_1F/scripts.inc	Measured	Measured	9
mart_stock	ITEM_ENERGY_POWDER	Energy Powder	purchase	LavaridgeTown_HerbShop	UNK	NA	NA	NONE	UNLIMITED	500	ITEMS	NONE	8	UNK	UNK	data/maps/LavaridgeTown_HerbShop/scripts.inc	Measured	Inferred	9
mart_stock	ITEM_ENERGY_ROOT	Energy Root	purchase	LavaridgeTown_HerbShop	UNK	NA	NA	NONE	UNLIMITED	7	ITEMS	NONE	8	UNK	UNK	data/maps/LavaridgeTown_HerbShop/scripts.inc	Measured	Inferred	9
mart_stock	ITEM_HEAL_POWDER	Heal Powder	purchase	LavaridgeTown_HerbShop	UNK	NA	NA	NONE	UNLIMITED	7	ITEMS	NONE	8	UNK	UNK	data/maps/LavaridgeTown_HerbShop/scripts.inc	Measured	Inferred	9
mart_stock	ITEM_REVIVAL_HERB	Revival Herb	purchase	LavaridgeTown_HerbShop	UNK	NA	NA	NONE	UNLIMITED	2800	ITEMS	NONE	8	UNK	UNK	data/maps/LavaridgeTown_HerbShop/scripts.inc	Measured	Inferred	9
mart_stock	ITEM_WHITE_HERB	White Herb	purchase	LavaridgeTown_HerbShop	UNK	NA	NA	NONE	UNLIMITED	100	ITEMS	RESTORE_STATS	8	UNK	UNK	data/maps/LavaridgeTown_HerbShop/scripts.inc	Measured	Inferred	9
mart_stock	ITEM_MENTAL_HERB	Mental Herb	purchase	LavaridgeTown_HerbShop	UNK	NA	NA	NONE	UNLIMITED	100	ITEMS	MENTAL_HERB	8	UNK	UNK	data/maps/LavaridgeTown_HerbShop/scripts.inc	Measured	Inferred	9
mart_stock	ITEM_POWER_HERB	Power Herb	purchase	LavaridgeTown_HerbShop	UNK	NA	NA	NONE	UNLIMITED	100	ITEMS	POWER_HERB	8	UNK	UNK	data/maps/LavaridgeTown_HerbShop/scripts.inc	Measured	Inferred	9
mart_stock	ITEM_BIG_ROOT	Big Root	purchase	LavaridgeTown_HerbShop	UNK	NA	NA	NONE	UNLIMITED	100	ITEMS	BIG_ROOT	8	UNK	UNK	data/maps/LavaridgeTown_HerbShop/scripts.inc	Measured	Inferred	9
mart_stock	ITEM_NONE	????????	purchase	LavaridgeTown_HerbShop	UNK	NA	NA	NONE	UNLIMITED	0	ITEMS	NONE	8	UNK	UNK	data/maps/LavaridgeTown_HerbShop/scripts.inc	Measured	Inferred	9
item	ITEM_CHARCOAL	Charcoal	script_gift	LavaridgeTown_HerbShop	UNK	NA	NA	NONE	1	9	ITEMS	FIRE_POWER	8	UNK	UNK	data/maps/LavaridgeTown_HerbShop/scripts.inc	Measured	Inferred	9
mart_stock	ITEM_POKE_BALL	Poké Ball	purchase	LavaridgeTown_Mart	UNK	NA	NA	NONE	UNLIMITED	200	POKE_BALLS	NONE	8	UNK	UNK	data/maps/LavaridgeTown_Mart/scripts.inc	Measured	Inferred	9
mart_stock	ITEM_GREAT_BALL	Great Ball	purchase	LavaridgeTown_Mart	UNK	NA	NA	NONE	UNLIMITED	600	POKE_BALLS	NONE	8	UNK	UNK	data/maps/LavaridgeTown_Mart/scripts.inc	Measured	Inferred	9
mart_stock	ITEM_ULTRA_BALL	Ultra Ball	purchase	LavaridgeTown_Mart	UNK	NA	NA	NONE	UNLIMITED	7	POKE_BALLS	NONE	8	UNK	UNK	data/maps/LavaridgeTown_Mart/scripts.inc	Measured	Inferred	9
mart_stock	ITEM_SUPER_POTION	Super Potion	purchase	LavaridgeTown_Mart	UNK	NA	NA	NONE	UNLIMITED	700	ITEMS	NONE	8	UNK	UNK	data/maps/LavaridgeTown_Mart/scripts.inc	Measured	Inferred	9
mart_stock	ITEM_ANTIDOTE	Antidote	purchase	LavaridgeTown_Mart	UNK	NA	NA	NONE	UNLIMITED	7	ITEMS	NONE	8	UNK	UNK	data/maps/LavaridgeTown_Mart/scripts.inc	Measured	Inferred	9
mart_stock	ITEM_PARALYZE_HEAL	Paralyze Heal	purchase	LavaridgeTown_Mart	UNK	NA	NA	NONE	UNLIMITED	7	ITEMS	NONE	8	UNK	UNK	data/maps/LavaridgeTown_Mart/scripts.inc	Measured	Inferred	9
mart_stock	ITEM_AWAKENING	Awakening	purchase	LavaridgeTown_Mart	UNK	NA	NA	NONE	UNLIMITED	2	ITEMS	NONE	8	UNK	UNK	data/maps/LavaridgeTown_Mart/scripts.inc	Measured	Inferred	9
mart_stock	ITEM_BURN_HEAL	Burn Heal	purchase	LavaridgeTown_Mart	UNK	NA	NA	NONE	UNLIMITED	7	ITEMS	NONE	8	UNK	UNK	data/maps/LavaridgeTown_Mart/scripts.inc	Measured	Inferred	9
mart_stock	ITEM_REVIVE	Revive	purchase	LavaridgeTown_Mart	UNK	NA	NA	NONE	UNLIMITED	7	ITEMS	NONE	8	UNK	UNK	data/maps/LavaridgeTown_Mart/scripts.inc	Measured	Inferred	9
mart_stock	ITEM_SUPER_REPEL	Super Repel	purchase	LavaridgeTown_Mart	UNK	NA	NA	NONE	UNLIMITED	7	ITEMS	NONE	8	UNK	UNK	data/maps/LavaridgeTown_Mart/scripts.inc	Measured	Inferred	9
mart_stock	ITEM_X_SPEED	X Speed	purchase	LavaridgeTown_Mart	UNK	NA	NA	NONE	UNLIMITED	7	ITEMS	NONE	8	UNK	UNK	data/maps/LavaridgeTown_Mart/scripts.inc	Measured	Inferred	9
mart_stock	ITEM_NONE	????????	purchase	LavaridgeTown_Mart	UNK	NA	NA	NONE	UNLIMITED	0	ITEMS	NONE	8	UNK	UNK	data/maps/LavaridgeTown_Mart/scripts.inc	Measured	Inferred	9
item	ITEM_EMPOLEONITE_D	EmpoleoniteD	script_gift	LilycoveCity	UNK	NA	NA	NONE	1	0	MEGA_STONES	MEGA_STONE	13	UNK	UNK	data/maps/LilycoveCity/scripts.inc	Measured	Measured	8
item	ITEM_AIR_BALLOON	Air Balloon	script_gift	LilycoveCity	UNK	NA	NA	NONE	10	9	ITEMS	AIR_BALLOON	13	UNK	UNK	data/maps/LilycoveCity/scripts.inc	Measured	Measured	8
item	ITEM_ASSAULT_VEST	Assault Vest	script_gift	LilycoveCity	UNK	NA	NA	NONE	1	9	ITEMS	ASSAULT_VEST	13	UNK	UNK	data/maps/LilycoveCity/scripts.inc	Measured	Measured	8
mart_stock	ITEM_POKE_BALL	Poké Ball	purchase	LilycoveCity_DepartmentStore_2F	UNK	NA	NA	NONE	UNLIMITED	200	POKE_BALLS	NONE	13	UNK	UNK	data/maps/LilycoveCity_DepartmentStore_2F/scripts.inc	Measured	Inferred	10
mart_stock	ITEM_GREAT_BALL	Great Ball	purchase	LilycoveCity_DepartmentStore_2F	UNK	NA	NA	NONE	UNLIMITED	600	POKE_BALLS	NONE	13	UNK	UNK	data/maps/LilycoveCity_DepartmentStore_2F/scripts.inc	Measured	Inferred	10
mart_stock	ITEM_ULTRA_BALL	Ultra Ball	purchase	LilycoveCity_DepartmentStore_2F	UNK	NA	NA	NONE	UNLIMITED	7	POKE_BALLS	NONE	13	UNK	UNK	data/maps/LilycoveCity_DepartmentStore_2F/scripts.inc	Measured	Inferred	10
mart_stock	ITEM_ESCAPE_ROPE	Escape Rope	purchase	LilycoveCity_DepartmentStore_2F	UNK	NA	NA	NONE	UNLIMITED	0	KEY_ITEMS	NONE	13	UNK	UNK	data/maps/LilycoveCity_DepartmentStore_2F/scripts.inc	Measured	Inferred	10
mart_stock	ITEM_FULL_HEAL	Full Heal	purchase	LilycoveCity_DepartmentStore_2F	UNK	NA	NA	NONE	UNLIMITED	100	ITEMS	NONE	13	UNK	UNK	data/maps/LilycoveCity_DepartmentStore_2F/scripts.inc	Measured	Inferred	10
mart_stock	ITEM_ANTIDOTE	Antidote	purchase	LilycoveCity_DepartmentStore_2F	UNK	NA	NA	NONE	UNLIMITED	7	ITEMS	NONE	13	UNK	UNK	data/maps/LilycoveCity_DepartmentStore_2F/scripts.inc	Measured	Inferred	10
mart_stock	ITEM_PARALYZE_HEAL	Paralyze Heal	purchase	LilycoveCity_DepartmentStore_2F	UNK	NA	NA	NONE	UNLIMITED	7	ITEMS	NONE	13	UNK	UNK	data/maps/LilycoveCity_DepartmentStore_2F/scripts.inc	Measured	Inferred	10
mart_stock	ITEM_BURN_HEAL	Burn Heal	purchase	LilycoveCity_DepartmentStore_2F	UNK	NA	NA	NONE	UNLIMITED	7	ITEMS	NONE	13	UNK	UNK	data/maps/LilycoveCity_DepartmentStore_2F/scripts.inc	Measured	Inferred	10
mart_stock	ITEM_ICE_HEAL	Ice Heal	purchase	LilycoveCity_DepartmentStore_2F	UNK	NA	NA	NONE	UNLIMITED	7	ITEMS	NONE	13	UNK	UNK	data/maps/LilycoveCity_DepartmentStore_2F/scripts.inc	Measured	Inferred	10
mart_stock	ITEM_AWAKENING	Awakening	purchase	LilycoveCity_DepartmentStore_2F	UNK	NA	NA	NONE	UNLIMITED	2	ITEMS	NONE	13	UNK	UNK	data/maps/LilycoveCity_DepartmentStore_2F/scripts.inc	Measured	Inferred	10
mart_stock	ITEM_FLUFFY_TAIL	Fluffy Tail	purchase	LilycoveCity_DepartmentStore_2F	UNK	NA	NA	NONE	UNLIMITED	7	ITEMS	NONE	13	UNK	UNK	data/maps/LilycoveCity_DepartmentStore_2F/scripts.inc	Measured	Inferred	10
mart_stock	ITEM_NONE	????????	purchase	LilycoveCity_DepartmentStore_2F	UNK	NA	NA	NONE	UNLIMITED	0	ITEMS	NONE	13	UNK	UNK	data/maps/LilycoveCity_DepartmentStore_2F/scripts.inc	Measured	Inferred	10
mart_stock	ITEM_POTION	Potion	purchase	LilycoveCity_DepartmentStore_2F	UNK	NA	NA	NONE	UNLIMITED	7	ITEMS	NONE	13	UNK	UNK	data/maps/LilycoveCity_DepartmentStore_2F/scripts.inc	Measured	Inferred	10
mart_stock	ITEM_SUPER_POTION	Super Potion	purchase	LilycoveCity_DepartmentStore_2F	UNK	NA	NA	NONE	UNLIMITED	700	ITEMS	NONE	13	UNK	UNK	data/maps/LilycoveCity_DepartmentStore_2F/scripts.inc	Measured	Inferred	10
mart_stock	ITEM_HYPER_POTION	Hyper Potion	purchase	LilycoveCity_DepartmentStore_2F	UNK	NA	NA	NONE	UNLIMITED	2	ITEMS	NONE	13	UNK	UNK	data/maps/LilycoveCity_DepartmentStore_2F/scripts.inc	Measured	Inferred	10
mart_stock	ITEM_MAX_POTION	Max Potion	purchase	LilycoveCity_DepartmentStore_2F	UNK	NA	NA	NONE	UNLIMITED	2500	ITEMS	NONE	13	UNK	UNK	data/maps/LilycoveCity_DepartmentStore_2F/scripts.inc	Measured	Inferred	10
mart_stock	ITEM_REVIVE	Revive	purchase	LilycoveCity_DepartmentStore_2F	UNK	NA	NA	NONE	UNLIMITED	7	ITEMS	NONE	13	UNK	UNK	data/maps/LilycoveCity_DepartmentStore_2F/scripts.inc	Measured	Inferred	10
mart_stock	ITEM_REPEL	Repel	purchase	LilycoveCity_DepartmentStore_2F	UNK	NA	NA	NONE	UNLIMITED	7	ITEMS	NONE	13	UNK	UNK	data/maps/LilycoveCity_DepartmentStore_2F/scripts.inc	Measured	Inferred	10
mart_stock	ITEM_SUPER_REPEL	Super Repel	purchase	LilycoveCity_DepartmentStore_2F	UNK	NA	NA	NONE	UNLIMITED	7	ITEMS	NONE	13	UNK	UNK	data/maps/LilycoveCity_DepartmentStore_2F/scripts.inc	Measured	Inferred	10
mart_stock	ITEM_MAX_REPEL	Max Repel	purchase	LilycoveCity_DepartmentStore_2F	UNK	NA	NA	NONE	UNLIMITED	7	ITEMS	NONE	13	UNK	UNK	data/maps/LilycoveCity_DepartmentStore_2F/scripts.inc	Measured	Inferred	10
mart_stock	ITEM_WAVE_MAIL	Wave Mail	purchase	LilycoveCity_DepartmentStore_2F	UNK	NA	NA	NONE	UNLIMITED	50	ITEMS	NONE	13	UNK	UNK	data/maps/LilycoveCity_DepartmentStore_2F/scripts.inc	Measured	Inferred	10
mart_stock	ITEM_MECH_MAIL	Mech Mail	purchase	LilycoveCity_DepartmentStore_2F	UNK	NA	NA	NONE	UNLIMITED	50	ITEMS	NONE	13	UNK	UNK	data/maps/LilycoveCity_DepartmentStore_2F/scripts.inc	Measured	Inferred	10
mart_stock	ITEM_NONE	????????	purchase	LilycoveCity_DepartmentStore_2F	UNK	NA	NA	NONE	UNLIMITED	0	ITEMS	NONE	13	UNK	UNK	data/maps/LilycoveCity_DepartmentStore_2F/scripts.inc	Measured	Inferred	10
item	ITEM_TM_HEAVY_SLAM	TM172	script_gift	LilycoveCity_DepartmentStore_2F	UNK	NA	NA	NONE	1	100	TM_HM	NONE	13	UNK	UNK	data/maps/LilycoveCity_DepartmentStore_2F/scripts.inc	Measured	Inferred	10
mart_stock	ITEM_PROTEIN	Protein	purchase	LilycoveCity_DepartmentStore_3F	UNK	NA	NA	NONE	UNLIMITED	7	ITEMS	NONE	13	UNK	UNK	data/maps/LilycoveCity_DepartmentStore_3F/scripts.inc	Measured	Inferred	11
mart_stock	ITEM_CALCIUM	Calcium	purchase	LilycoveCity_DepartmentStore_3F	UNK	NA	NA	NONE	UNLIMITED	7	ITEMS	NONE	13	UNK	UNK	data/maps/LilycoveCity_DepartmentStore_3F/scripts.inc	Measured	Inferred	11
mart_stock	ITEM_IRON	Iron	purchase	LilycoveCity_DepartmentStore_3F	UNK	NA	NA	NONE	UNLIMITED	7	ITEMS	NONE	13	UNK	UNK	data/maps/LilycoveCity_DepartmentStore_3F/scripts.inc	Measured	Inferred	11
mart_stock	ITEM_ZINC	Zinc	purchase	LilycoveCity_DepartmentStore_3F	UNK	NA	NA	NONE	UNLIMITED	7	ITEMS	NONE	13	UNK	UNK	data/maps/LilycoveCity_DepartmentStore_3F/scripts.inc	Measured	Inferred	11
mart_stock	ITEM_CARBOS	Carbos	purchase	LilycoveCity_DepartmentStore_3F	UNK	NA	NA	NONE	UNLIMITED	7	ITEMS	NONE	13	UNK	UNK	data/maps/LilycoveCity_DepartmentStore_3F/scripts.inc	Measured	Inferred	11
mart_stock	ITEM_HP_UP	HP Up	purchase	LilycoveCity_DepartmentStore_3F	UNK	NA	NA	NONE	UNLIMITED	7	ITEMS	NONE	13	UNK	UNK	data/maps/LilycoveCity_DepartmentStore_3F/scripts.inc	Measured	Inferred	11
mart_stock	ITEM_NONE	????????	purchase	LilycoveCity_DepartmentStore_3F	UNK	NA	NA	NONE	UNLIMITED	0	ITEMS	NONE	13	UNK	UNK	data/maps/LilycoveCity_DepartmentStore_3F/scripts.inc	Measured	Inferred	11
mart_stock	ITEM_X_SPEED	X Speed	purchase	LilycoveCity_DepartmentStore_3F	UNK	NA	NA	NONE	UNLIMITED	7	ITEMS	NONE	13	UNK	UNK	data/maps/LilycoveCity_DepartmentStore_3F/scripts.inc	Measured	Inferred	11
mart_stock	ITEM_X_SP_ATK	X Sp. Atk	purchase	LilycoveCity_DepartmentStore_3F	UNK	NA	NA	NONE	UNLIMITED	7	ITEMS	NONE	13	UNK	UNK	data/maps/LilycoveCity_DepartmentStore_3F/scripts.inc	Measured	Inferred	11
mart_stock	ITEM_X_ATTACK	X Attack	purchase	LilycoveCity_DepartmentStore_3F	UNK	NA	NA	NONE	UNLIMITED	7	ITEMS	NONE	13	UNK	UNK	data/maps/LilycoveCity_DepartmentStore_3F/scripts.inc	Measured	Inferred	11
mart_stock	ITEM_X_DEFENSE	X Defense	purchase	LilycoveCity_DepartmentStore_3F	UNK	NA	NA	NONE	UNLIMITED	7	ITEMS	NONE	13	UNK	UNK	data/maps/LilycoveCity_DepartmentStore_3F/scripts.inc	Measured	Inferred	11
mart_stock	ITEM_DIRE_HIT	Dire Hit	purchase	LilycoveCity_DepartmentStore_3F	UNK	NA	NA	NONE	UNLIMITED	7	ITEMS	NONE	13	UNK	UNK	data/maps/LilycoveCity_DepartmentStore_3F/scripts.inc	Measured	Inferred	11
mart_stock	ITEM_GUARD_SPEC	Guard Spec.	purchase	LilycoveCity_DepartmentStore_3F	UNK	NA	NA	NONE	UNLIMITED	7	ITEMS	NONE	13	UNK	UNK	data/maps/LilycoveCity_DepartmentStore_3F/scripts.inc	Measured	Inferred	11
mart_stock	ITEM_X_ACCURACY	X Accuracy	purchase	LilycoveCity_DepartmentStore_3F	UNK	NA	NA	NONE	UNLIMITED	7	ITEMS	NONE	13	UNK	UNK	data/maps/LilycoveCity_DepartmentStore_3F/scripts.inc	Measured	Inferred	11
mart_stock	ITEM_NONE	????????	purchase	LilycoveCity_DepartmentStore_3F	UNK	NA	NA	NONE	UNLIMITED	0	ITEMS	NONE	13	UNK	UNK	data/maps/LilycoveCity_DepartmentStore_3F/scripts.inc	Measured	Inferred	11
mart_stock	ITEM_HEAL_BALL	Heal Ball	purchase	LilycoveCity_DepartmentStore_4F	UNK	NA	NA	NONE	UNLIMITED	100	POKE_BALLS	NONE	13	UNK	UNK	data/maps/LilycoveCity_DepartmentStore_4F/scripts.inc	Measured	Inferred	11
mart_stock	ITEM_NET_BALL	Net Ball	purchase	LilycoveCity_DepartmentStore_4F	UNK	NA	NA	NONE	UNLIMITED	100	POKE_BALLS	NONE	13	UNK	UNK	data/maps/LilycoveCity_DepartmentStore_4F/scripts.inc	Measured	Inferred	11
mart_stock	ITEM_NEST_BALL	Nest Ball	purchase	LilycoveCity_DepartmentStore_4F	UNK	NA	NA	NONE	UNLIMITED	100	POKE_BALLS	NONE	13	UNK	UNK	data/maps/LilycoveCity_DepartmentStore_4F/scripts.inc	Measured	Inferred	11
mart_stock	ITEM_DIVE_BALL	Dive Ball	purchase	LilycoveCity_DepartmentStore_4F	UNK	NA	NA	NONE	UNLIMITED	100	POKE_BALLS	NONE	13	UNK	UNK	data/maps/LilycoveCity_DepartmentStore_4F/scripts.inc	Measured	Inferred	11
mart_stock	ITEM_DUSK_BALL	Dusk Ball	purchase	LilycoveCity_DepartmentStore_4F	UNK	NA	NA	NONE	UNLIMITED	100	POKE_BALLS	NONE	13	UNK	UNK	data/maps/LilycoveCity_DepartmentStore_4F/scripts.inc	Measured	Inferred	11
mart_stock	ITEM_TIMER_BALL	Timer Ball	purchase	LilycoveCity_DepartmentStore_4F	UNK	NA	NA	NONE	UNLIMITED	100	POKE_BALLS	NONE	13	UNK	UNK	data/maps/LilycoveCity_DepartmentStore_4F/scripts.inc	Measured	Inferred	11
mart_stock	ITEM_QUICK_BALL	Quick Ball	purchase	LilycoveCity_DepartmentStore_4F	UNK	NA	NA	NONE	UNLIMITED	100	POKE_BALLS	NONE	13	UNK	UNK	data/maps/LilycoveCity_DepartmentStore_4F/scripts.inc	Measured	Inferred	11
mart_stock	ITEM_REPEAT_BALL	Repeat Ball	purchase	LilycoveCity_DepartmentStore_4F	UNK	NA	NA	NONE	UNLIMITED	100	POKE_BALLS	NONE	13	UNK	UNK	data/maps/LilycoveCity_DepartmentStore_4F/scripts.inc	Measured	Inferred	11
mart_stock	ITEM_LUXURY_BALL	Luxury Ball	purchase	LilycoveCity_DepartmentStore_4F	UNK	NA	NA	NONE	UNLIMITED	100	POKE_BALLS	NONE	13	UNK	UNK	data/maps/LilycoveCity_DepartmentStore_4F/scripts.inc	Measured	Inferred	11
mart_stock	ITEM_LEVEL_BALL	Level Ball	purchase	LilycoveCity_DepartmentStore_4F	UNK	NA	NA	NONE	UNLIMITED	100	POKE_BALLS	NONE	13	UNK	UNK	data/maps/LilycoveCity_DepartmentStore_4F/scripts.inc	Measured	Inferred	11
mart_stock	ITEM_LURE_BALL	Lure Ball	purchase	LilycoveCity_DepartmentStore_4F	UNK	NA	NA	NONE	UNLIMITED	100	POKE_BALLS	NONE	13	UNK	UNK	data/maps/LilycoveCity_DepartmentStore_4F/scripts.inc	Measured	Inferred	11
mart_stock	ITEM_MOON_BALL	Moon Ball	purchase	LilycoveCity_DepartmentStore_4F	UNK	NA	NA	NONE	UNLIMITED	100	POKE_BALLS	NONE	13	UNK	UNK	data/maps/LilycoveCity_DepartmentStore_4F/scripts.inc	Measured	Inferred	11
mart_stock	ITEM_FRIEND_BALL	Friend Ball	purchase	LilycoveCity_DepartmentStore_4F	UNK	NA	NA	NONE	UNLIMITED	100	POKE_BALLS	NONE	13	UNK	UNK	data/maps/LilycoveCity_DepartmentStore_4F/scripts.inc	Measured	Inferred	11
mart_stock	ITEM_LOVE_BALL	Love Ball	purchase	LilycoveCity_DepartmentStore_4F	UNK	NA	NA	NONE	UNLIMITED	100	POKE_BALLS	NONE	13	UNK	UNK	data/maps/LilycoveCity_DepartmentStore_4F/scripts.inc	Measured	Inferred	11
mart_stock	ITEM_FAST_BALL	Fast Ball	purchase	LilycoveCity_DepartmentStore_4F	UNK	NA	NA	NONE	UNLIMITED	100	POKE_BALLS	NONE	13	UNK	UNK	data/maps/LilycoveCity_DepartmentStore_4F/scripts.inc	Measured	Inferred	11
mart_stock	ITEM_HEAVY_BALL	Heavy Ball	purchase	LilycoveCity_DepartmentStore_4F	UNK	NA	NA	NONE	UNLIMITED	100	POKE_BALLS	NONE	13	UNK	UNK	data/maps/LilycoveCity_DepartmentStore_4F/scripts.inc	Measured	Inferred	11
mart_stock	ITEM_DREAM_BALL	Dream Ball	purchase	LilycoveCity_DepartmentStore_4F	UNK	NA	NA	NONE	UNLIMITED	100	POKE_BALLS	NONE	13	UNK	UNK	data/maps/LilycoveCity_DepartmentStore_4F/scripts.inc	Measured	Inferred	11
mart_stock	ITEM_CHERISH_BALL	Cherish Ball	purchase	LilycoveCity_DepartmentStore_4F	UNK	NA	NA	NONE	UNLIMITED	100	POKE_BALLS	NONE	13	UNK	UNK	data/maps/LilycoveCity_DepartmentStore_4F/scripts.inc	Measured	Inferred	11
mart_stock	ITEM_BEAST_BALL	Beast Ball	purchase	LilycoveCity_DepartmentStore_4F	UNK	NA	NA	NONE	UNLIMITED	0	POKE_BALLS	NONE	13	UNK	UNK	data/maps/LilycoveCity_DepartmentStore_4F/scripts.inc	Measured	Inferred	11
mart_stock	ITEM_NONE	????????	purchase	LilycoveCity_DepartmentStore_4F	UNK	NA	NA	NONE	UNLIMITED	0	ITEMS	NONE	13	UNK	UNK	data/maps/LilycoveCity_DepartmentStore_4F/scripts.inc	Measured	Inferred	11
mart_stock	ITEM_FIRE_STONE	Fire Stone	purchase	LilycoveCity_DepartmentStore_4F	UNK	NA	NA	NONE	UNLIMITED	500	ITEMS	NONE	13	UNK	UNK	data/maps/LilycoveCity_DepartmentStore_4F/scripts.inc	Measured	Inferred	11
mart_stock	ITEM_THUNDER_STONE	Thunder Stone	purchase	LilycoveCity_DepartmentStore_4F	UNK	NA	NA	NONE	UNLIMITED	500	ITEMS	NONE	13	UNK	UNK	data/maps/LilycoveCity_DepartmentStore_4F/scripts.inc	Measured	Inferred	11
mart_stock	ITEM_LEAF_STONE	Leaf Stone	purchase	LilycoveCity_DepartmentStore_4F	UNK	NA	NA	NONE	UNLIMITED	500	ITEMS	NONE	13	UNK	UNK	data/maps/LilycoveCity_DepartmentStore_4F/scripts.inc	Measured	Inferred	11
mart_stock	ITEM_WATER_STONE	Water Stone	purchase	LilycoveCity_DepartmentStore_4F	UNK	NA	NA	NONE	UNLIMITED	500	ITEMS	NONE	13	UNK	UNK	data/maps/LilycoveCity_DepartmentStore_4F/scripts.inc	Measured	Inferred	11
mart_stock	ITEM_ICE_STONE	Ice Stone	purchase	LilycoveCity_DepartmentStore_4F	UNK	NA	NA	NONE	UNLIMITED	500	ITEMS	NONE	13	UNK	UNK	data/maps/LilycoveCity_DepartmentStore_4F/scripts.inc	Measured	Inferred	11
mart_stock	ITEM_SUN_STONE	Sun Stone	purchase	LilycoveCity_DepartmentStore_4F	UNK	NA	NA	NONE	UNLIMITED	500	ITEMS	NONE	13	UNK	UNK	data/maps/LilycoveCity_DepartmentStore_4F/scripts.inc	Measured	Inferred	11
mart_stock	ITEM_MOON_STONE	Moon Stone	purchase	LilycoveCity_DepartmentStore_4F	UNK	NA	NA	NONE	UNLIMITED	500	ITEMS	NONE	13	UNK	UNK	data/maps/LilycoveCity_DepartmentStore_4F/scripts.inc	Measured	Inferred	11
mart_stock	ITEM_PRISM_SCALE	Prism Scale	purchase	LilycoveCity_DepartmentStore_4F	UNK	NA	NA	NONE	UNLIMITED	500	ITEMS	NONE	13	UNK	UNK	data/maps/LilycoveCity_DepartmentStore_4F/scripts.inc	Measured	Inferred	11
mart_stock	ITEM_LINKING_CORD	Linking Cord	purchase	LilycoveCity_DepartmentStore_4F	UNK	NA	NA	NONE	UNLIMITED	500	ITEMS	NONE	13	UNK	UNK	data/maps/LilycoveCity_DepartmentStore_4F/scripts.inc	Measured	Inferred	11
mart_stock	ITEM_DUSK_STONE	Dusk Stone	purchase	LilycoveCity_DepartmentStore_4F	UNK	NA	NA	NONE	UNLIMITED	500	ITEMS	NONE	13	UNK	UNK	data/maps/LilycoveCity_DepartmentStore_4F/scripts.inc	Measured	Inferred	11
mart_stock	ITEM_DAWN_STONE	Dawn Stone	purchase	LilycoveCity_DepartmentStore_4F	UNK	NA	NA	NONE	UNLIMITED	500	ITEMS	NONE	13	UNK	UNK	data/maps/LilycoveCity_DepartmentStore_4F/scripts.inc	Measured	Inferred	11
mart_stock	ITEM_SHINY_STONE	Shiny Stone	purchase	LilycoveCity_DepartmentStore_4F	UNK	NA	NA	NONE	UNLIMITED	500	ITEMS	NONE	13	UNK	UNK	data/maps/LilycoveCity_DepartmentStore_4F/scripts.inc	Measured	Inferred	11
mart_stock	ITEM_KINGS_ROCK	King's Rock	purchase	LilycoveCity_DepartmentStore_4F	UNK	NA	NA	NONE	UNLIMITED	500	ITEMS	FLINCH	13	UNK	UNK	data/maps/LilycoveCity_DepartmentStore_4F/scripts.inc	Measured	Inferred	11
mart_stock	ITEM_METAL_COAT	Metal Coat	purchase	LilycoveCity_DepartmentStore_4F	UNK	NA	NA	NONE	UNLIMITED	500	ITEMS	STEEL_POWER	13	UNK	UNK	data/maps/LilycoveCity_DepartmentStore_4F/scripts.inc	Measured	Inferred	11
mart_stock	ITEM_NONE	????????	purchase	LilycoveCity_DepartmentStore_4F	UNK	NA	NA	NONE	UNLIMITED	0	ITEMS	NONE	13	UNK	UNK	data/maps/LilycoveCity_DepartmentStore_4F/scripts.inc	Measured	Inferred	11
item	ITEM_DRAGON_MEMORY	Dragon Memory	script_gift	LilycoveCity_House2	UNK	NA	NA	NONE	1	1000	ITEMS	MEMORY	13	UNK	UNK	data/maps/LilycoveCity_House2/scripts.inc	Measured	Inferred	9
item	ITEM_INFINITE_CANDY	InfiniteCandy	script_gift	LittlerootTown	UNK	NA	NA	NONE	1	0	KEY_ITEMS	NONE	UNK	UNK	UNK	data/maps/LittlerootTown/scripts.inc	Measured	NA	0
item	ITEM_VENUSAURITE	Venusaurite	script_gift	LittlerootTown_BrendansHouse_2F	UNK	NA	NA	NONE	1	0	MEGA_STONES	MEGA_STONE	UNK	UNK	UNK	data/maps/LittlerootTown_BrendansHouse_2F/scripts.inc	Measured	NA	2
item	ITEM_CHARIZARDITE_X	CharizarditeX	script_gift	LittlerootTown_BrendansHouse_2F	UNK	NA	NA	NONE	1	0	MEGA_STONES	MEGA_STONE	UNK	UNK	UNK	data/maps/LittlerootTown_BrendansHouse_2F/scripts.inc	Measured	NA	2
item	ITEM_CHARIZARDITE_Y	CharizarditeY	script_gift	LittlerootTown_BrendansHouse_2F	UNK	NA	NA	NONE	1	0	MEGA_STONES	MEGA_STONE	UNK	UNK	UNK	data/maps/LittlerootTown_BrendansHouse_2F/scripts.inc	Measured	NA	2
item	ITEM_BLASTOISINITE	Blastoisinite	script_gift	LittlerootTown_BrendansHouse_2F	UNK	NA	NA	NONE	1	0	MEGA_STONES	MEGA_STONE	UNK	UNK	UNK	data/maps/LittlerootTown_BrendansHouse_2F/scripts.inc	Measured	NA	2
item	ITEM_BEEDRILLITE	Beedrillite	script_gift	LittlerootTown_BrendansHouse_2F	UNK	NA	NA	NONE	1	0	MEGA_STONES	MEGA_STONE	UNK	UNK	UNK	data/maps/LittlerootTown_BrendansHouse_2F/scripts.inc	Measured	NA	2
item	ITEM_PIDGEOTITE	Pidgeotite	script_gift	LittlerootTown_BrendansHouse_2F	UNK	NA	NA	NONE	1	0	MEGA_STONES	MEGA_STONE	UNK	UNK	UNK	data/maps/LittlerootTown_BrendansHouse_2F/scripts.inc	Measured	NA	2
item	ITEM_ALAKAZITE	Alakazite	script_gift	LittlerootTown_BrendansHouse_2F	UNK	NA	NA	NONE	1	0	MEGA_STONES	MEGA_STONE	UNK	UNK	UNK	data/maps/LittlerootTown_BrendansHouse_2F/scripts.inc	Measured	NA	2
item	ITEM_SLOWBRONITE	Slowbronite	script_gift	LittlerootTown_BrendansHouse_2F	UNK	NA	NA	NONE	1	0	MEGA_STONES	MEGA_STONE	UNK	UNK	UNK	data/maps/LittlerootTown_BrendansHouse_2F/scripts.inc	Measured	NA	2
item	ITEM_GENGARITE	Gengarite	script_gift	LittlerootTown_BrendansHouse_2F	UNK	NA	NA	NONE	1	0	MEGA_STONES	MEGA_STONE	UNK	UNK	UNK	data/maps/LittlerootTown_BrendansHouse_2F/scripts.inc	Measured	NA	2
item	ITEM_KANGASKHANITE	Kangaskhanite	script_gift	LittlerootTown_BrendansHouse_2F	UNK	NA	NA	NONE	1	0	MEGA_STONES	MEGA_STONE	UNK	UNK	UNK	data/maps/LittlerootTown_BrendansHouse_2F/scripts.inc	Measured	NA	2
item	ITEM_PINSIRITE	Pinsirite	script_gift	LittlerootTown_BrendansHouse_2F	UNK	NA	NA	NONE	1	0	MEGA_STONES	MEGA_STONE	UNK	UNK	UNK	data/maps/LittlerootTown_BrendansHouse_2F/scripts.inc	Measured	NA	2
item	ITEM_GYARADOSITE	Gyaradosite	script_gift	LittlerootTown_BrendansHouse_2F	UNK	NA	NA	NONE	1	0	MEGA_STONES	MEGA_STONE	UNK	UNK	UNK	data/maps/LittlerootTown_BrendansHouse_2F/scripts.inc	Measured	NA	2
item	ITEM_AERODACTYLITE	Aerodactylite	script_gift	LittlerootTown_BrendansHouse_2F	UNK	NA	NA	NONE	1	0	MEGA_STONES	MEGA_STONE	UNK	UNK	UNK	data/maps/LittlerootTown_BrendansHouse_2F/scripts.inc	Measured	NA	2
item	ITEM_MEWTWONITE_X	Mewtwonite X	script_gift	LittlerootTown_BrendansHouse_2F	UNK	NA	NA	NONE	1	0	MEGA_STONES	MEGA_STONE	UNK	UNK	UNK	data/maps/LittlerootTown_BrendansHouse_2F/scripts.inc	Measured	NA	2
item	ITEM_MEWTWONITE_Y	Mewtwonite Y	script_gift	LittlerootTown_BrendansHouse_2F	UNK	NA	NA	NONE	1	0	MEGA_STONES	MEGA_STONE	UNK	UNK	UNK	data/maps/LittlerootTown_BrendansHouse_2F/scripts.inc	Measured	NA	2
item	ITEM_AMPHAROSITE	Ampharosite	script_gift	LittlerootTown_BrendansHouse_2F	UNK	NA	NA	NONE	1	0	MEGA_STONES	MEGA_STONE	UNK	UNK	UNK	data/maps/LittlerootTown_BrendansHouse_2F/scripts.inc	Measured	NA	2
item	ITEM_STEELIXITE	Steelixite	script_gift	LittlerootTown_BrendansHouse_2F	UNK	NA	NA	NONE	1	0	MEGA_STONES	MEGA_STONE	UNK	UNK	UNK	data/maps/LittlerootTown_BrendansHouse_2F/scripts.inc	Measured	NA	2
item	ITEM_SCIZORITE	Scizorite	script_gift	LittlerootTown_BrendansHouse_2F	UNK	NA	NA	NONE	1	0	MEGA_STONES	MEGA_STONE	UNK	UNK	UNK	data/maps/LittlerootTown_BrendansHouse_2F/scripts.inc	Measured	NA	2
item	ITEM_HERACRONITE	Heracronite	script_gift	LittlerootTown_BrendansHouse_2F	UNK	NA	NA	NONE	1	0	MEGA_STONES	MEGA_STONE	UNK	UNK	UNK	data/maps/LittlerootTown_BrendansHouse_2F/scripts.inc	Measured	NA	2
item	ITEM_HOUNDOOMINITE	Houndoominite	script_gift	LittlerootTown_BrendansHouse_2F	UNK	NA	NA	NONE	1	0	MEGA_STONES	MEGA_STONE	UNK	UNK	UNK	data/maps/LittlerootTown_BrendansHouse_2F/scripts.inc	Measured	NA	2
item	ITEM_TYRANITARITE	Tyranitarite	script_gift	LittlerootTown_BrendansHouse_2F	UNK	NA	NA	NONE	1	0	MEGA_STONES	MEGA_STONE	UNK	UNK	UNK	data/maps/LittlerootTown_BrendansHouse_2F/scripts.inc	Measured	NA	2
item	ITEM_SCEPTILITE	Sceptilite	script_gift	LittlerootTown_BrendansHouse_2F	UNK	NA	NA	NONE	1	0	MEGA_STONES	MEGA_STONE	UNK	UNK	UNK	data/maps/LittlerootTown_BrendansHouse_2F/scripts.inc	Measured	NA	2
item	ITEM_BLAZIKENITE	Blazikenite	script_gift	LittlerootTown_BrendansHouse_2F	UNK	NA	NA	NONE	1	0	MEGA_STONES	MEGA_STONE	UNK	UNK	UNK	data/maps/LittlerootTown_BrendansHouse_2F/scripts.inc	Measured	NA	2
item	ITEM_SWAMPERTITE	Swampertite	script_gift	LittlerootTown_BrendansHouse_2F	UNK	NA	NA	NONE	1	0	MEGA_STONES	MEGA_STONE	UNK	UNK	UNK	data/maps/LittlerootTown_BrendansHouse_2F/scripts.inc	Measured	NA	2
item	ITEM_GARDEVOIRITE	Gardevoirite	script_gift	LittlerootTown_BrendansHouse_2F	UNK	NA	NA	NONE	1	0	MEGA_STONES	MEGA_STONE	UNK	UNK	UNK	data/maps/LittlerootTown_BrendansHouse_2F/scripts.inc	Measured	NA	2
item	ITEM_SABLENITE	Sablenite	script_gift	LittlerootTown_BrendansHouse_2F	UNK	NA	NA	NONE	1	0	MEGA_STONES	MEGA_STONE	UNK	UNK	UNK	data/maps/LittlerootTown_BrendansHouse_2F/scripts.inc	Measured	NA	2
item	ITEM_MAWILITE	Mawilite	script_gift	LittlerootTown_BrendansHouse_2F	UNK	NA	NA	NONE	1	0	MEGA_STONES	MEGA_STONE	UNK	UNK	UNK	data/maps/LittlerootTown_BrendansHouse_2F/scripts.inc	Measured	NA	2
item	ITEM_AGGRONITE	Aggronite	script_gift	LittlerootTown_BrendansHouse_2F	UNK	NA	NA	NONE	1	0	MEGA_STONES	MEGA_STONE	UNK	UNK	UNK	data/maps/LittlerootTown_BrendansHouse_2F/scripts.inc	Measured	NA	2
item	ITEM_MEDICHAMITE	Medichamite	script_gift	LittlerootTown_BrendansHouse_2F	UNK	NA	NA	NONE	1	0	MEGA_STONES	MEGA_STONE	UNK	UNK	UNK	data/maps/LittlerootTown_BrendansHouse_2F/scripts.inc	Measured	NA	2
item	ITEM_MANECTITE	Manectite	script_gift	LittlerootTown_BrendansHouse_2F	UNK	NA	NA	NONE	1	0	MEGA_STONES	MEGA_STONE	UNK	UNK	UNK	data/maps/LittlerootTown_BrendansHouse_2F/scripts.inc	Measured	NA	2
item	ITEM_SHARPEDONITE	Sharpedonite	script_gift	LittlerootTown_BrendansHouse_2F	UNK	NA	NA	NONE	1	0	MEGA_STONES	MEGA_STONE	UNK	UNK	UNK	data/maps/LittlerootTown_BrendansHouse_2F/scripts.inc	Measured	NA	2
item	ITEM_CAMERUPTITE	Cameruptite	script_gift	LittlerootTown_BrendansHouse_2F	UNK	NA	NA	NONE	1	0	MEGA_STONES	MEGA_STONE	UNK	UNK	UNK	data/maps/LittlerootTown_BrendansHouse_2F/scripts.inc	Measured	NA	2
item	ITEM_ALTARIANITE	Altarianite	script_gift	LittlerootTown_BrendansHouse_2F	UNK	NA	NA	NONE	1	0	MEGA_STONES	MEGA_STONE	UNK	UNK	UNK	data/maps/LittlerootTown_BrendansHouse_2F/scripts.inc	Measured	NA	2
item	ITEM_BANETTITE	Banettite	script_gift	LittlerootTown_BrendansHouse_2F	UNK	NA	NA	NONE	1	0	MEGA_STONES	MEGA_STONE	UNK	UNK	UNK	data/maps/LittlerootTown_BrendansHouse_2F/scripts.inc	Measured	NA	2
item	ITEM_ABSOLITE	Absolite	script_gift	LittlerootTown_BrendansHouse_2F	UNK	NA	NA	NONE	1	0	MEGA_STONES	MEGA_STONE	UNK	UNK	UNK	data/maps/LittlerootTown_BrendansHouse_2F/scripts.inc	Measured	NA	2
item	ITEM_GLALITITE	Glalitite	script_gift	LittlerootTown_BrendansHouse_2F	UNK	NA	NA	NONE	1	0	MEGA_STONES	MEGA_STONE	UNK	UNK	UNK	data/maps/LittlerootTown_BrendansHouse_2F/scripts.inc	Measured	NA	2
item	ITEM_SALAMENCITE	Salamencite	script_gift	LittlerootTown_BrendansHouse_2F	UNK	NA	NA	NONE	1	0	MEGA_STONES	MEGA_STONE	UNK	UNK	UNK	data/maps/LittlerootTown_BrendansHouse_2F/scripts.inc	Measured	NA	2
item	ITEM_METAGROSSITE	Metagrossite	script_gift	LittlerootTown_BrendansHouse_2F	UNK	NA	NA	NONE	1	0	MEGA_STONES	MEGA_STONE	UNK	UNK	UNK	data/maps/LittlerootTown_BrendansHouse_2F/scripts.inc	Measured	NA	2
item	ITEM_LATIASITE	Latiasite	script_gift	LittlerootTown_BrendansHouse_2F	UNK	NA	NA	NONE	1	0	MEGA_STONES	MEGA_STONE	UNK	UNK	UNK	data/maps/LittlerootTown_BrendansHouse_2F/scripts.inc	Measured	NA	2
item	ITEM_LATIOSITE	Latiosite	script_gift	LittlerootTown_BrendansHouse_2F	UNK	NA	NA	NONE	1	0	MEGA_STONES	MEGA_STONE	UNK	UNK	UNK	data/maps/LittlerootTown_BrendansHouse_2F/scripts.inc	Measured	NA	2
item	ITEM_LOPUNNITE	Lopunnite	script_gift	LittlerootTown_BrendansHouse_2F	UNK	NA	NA	NONE	1	0	MEGA_STONES	MEGA_STONE	UNK	UNK	UNK	data/maps/LittlerootTown_BrendansHouse_2F/scripts.inc	Measured	NA	2
item	ITEM_GARCHOMPITE	Garchompite	script_gift	LittlerootTown_BrendansHouse_2F	UNK	NA	NA	NONE	1	0	MEGA_STONES	MEGA_STONE	UNK	UNK	UNK	data/maps/LittlerootTown_BrendansHouse_2F/scripts.inc	Measured	NA	2
item	ITEM_LUCARIONITE	Lucarionite	script_gift	LittlerootTown_BrendansHouse_2F	UNK	NA	NA	NONE	1	0	MEGA_STONES	MEGA_STONE	UNK	UNK	UNK	data/maps/LittlerootTown_BrendansHouse_2F/scripts.inc	Measured	NA	2
item	ITEM_ABOMASITE	Abomasite	script_gift	LittlerootTown_BrendansHouse_2F	UNK	NA	NA	NONE	1	0	MEGA_STONES	MEGA_STONE	UNK	UNK	UNK	data/maps/LittlerootTown_BrendansHouse_2F/scripts.inc	Measured	NA	2
item	ITEM_GALLADITE	Galladite	script_gift	LittlerootTown_BrendansHouse_2F	UNK	NA	NA	NONE	1	0	MEGA_STONES	MEGA_STONE	UNK	UNK	UNK	data/maps/LittlerootTown_BrendansHouse_2F/scripts.inc	Measured	NA	2
item	ITEM_AUDINITE	Audinite	script_gift	LittlerootTown_BrendansHouse_2F	UNK	NA	NA	NONE	1	0	MEGA_STONES	MEGA_STONE	UNK	UNK	UNK	data/maps/LittlerootTown_BrendansHouse_2F/scripts.inc	Measured	NA	2
item	ITEM_DIANCITE	Diancite	script_gift	LittlerootTown_BrendansHouse_2F	UNK	NA	NA	NONE	1	0	MEGA_STONES	MEGA_STONE	UNK	UNK	UNK	data/maps/LittlerootTown_BrendansHouse_2F/scripts.inc	Measured	NA	2
item	ITEM_LUXRITE	Luxrite	script_gift	LittlerootTown_BrendansHouse_2F	UNK	NA	NA	NONE	1	0	MEGA_STONES	MEGA_STONE	UNK	UNK	UNK	data/maps/LittlerootTown_BrendansHouse_2F/scripts.inc	Measured	NA	2
item	ITEM_TORTERRITE	Torterrite	script_gift	LittlerootTown_BrendansHouse_2F	UNK	NA	NA	NONE	1	0	MEGA_STONES	MEGA_STONE	UNK	UNK	UNK	data/maps/LittlerootTown_BrendansHouse_2F/scripts.inc	Measured	NA	2
item	ITEM_EMPOLEONITE_O	EmpoleoniteO	script_gift	LittlerootTown_BrendansHouse_2F	UNK	NA	NA	NONE	1	0	MEGA_STONES	MEGA_STONE	UNK	UNK	UNK	data/maps/LittlerootTown_BrendansHouse_2F/scripts.inc	Measured	NA	2
item	ITEM_EMPOLEONITE_D	EmpoleoniteD	script_gift	LittlerootTown_BrendansHouse_2F	UNK	NA	NA	NONE	1	0	MEGA_STONES	MEGA_STONE	UNK	UNK	UNK	data/maps/LittlerootTown_BrendansHouse_2F/scripts.inc	Measured	NA	2
item	ITEM_INFERNAPITE	Infernapite	script_gift	LittlerootTown_BrendansHouse_2F	UNK	NA	NA	NONE	1	0	MEGA_STONES	MEGA_STONE	UNK	UNK	UNK	data/maps/LittlerootTown_BrendansHouse_2F/scripts.inc	Measured	NA	2
item	ITEM_KINGLERITE	Kinglerite	script_gift	LittlerootTown_BrendansHouse_2F	UNK	NA	NA	NONE	1	0	MEGA_STONES	MEGA_STONE	UNK	UNK	UNK	data/maps/LittlerootTown_BrendansHouse_2F/scripts.inc	Measured	NA	2
item	ITEM_BUTTERFRITE	Butterfrite	script_gift	LittlerootTown_BrendansHouse_2F	UNK	NA	NA	NONE	1	0	MEGA_STONES	MEGA_STONE	UNK	UNK	UNK	data/maps/LittlerootTown_BrendansHouse_2F/scripts.inc	Measured	NA	2
item	ITEM_MACHAMPITE	Machampite	script_gift	LittlerootTown_BrendansHouse_2F	UNK	NA	NA	NONE	1	0	MEGA_STONES	MEGA_STONE	UNK	UNK	UNK	data/maps/LittlerootTown_BrendansHouse_2F/scripts.inc	Measured	NA	2
item	ITEM_LAPRASITE	Laprasite	script_gift	LittlerootTown_BrendansHouse_2F	UNK	NA	NA	NONE	1	0	MEGA_STONES	MEGA_STONE	UNK	UNK	UNK	data/maps/LittlerootTown_BrendansHouse_2F/scripts.inc	Measured	NA	2
item	ITEM_SNORLAXITE	Snorlaxite	script_gift	LittlerootTown_BrendansHouse_2F	UNK	NA	NA	NONE	1	0	MEGA_STONES	MEGA_STONE	UNK	UNK	UNK	data/maps/LittlerootTown_BrendansHouse_2F/scripts.inc	Measured	NA	2
item	ITEM_GARBODORITE	Garbodorite	script_gift	LittlerootTown_BrendansHouse_2F	UNK	NA	NA	NONE	1	0	MEGA_STONES	MEGA_STONE	UNK	UNK	UNK	data/maps/LittlerootTown_BrendansHouse_2F/scripts.inc	Measured	NA	2
item	ITEM_ORBEETLITE	Orbeetlite	script_gift	LittlerootTown_BrendansHouse_2F	UNK	NA	NA	NONE	1	0	MEGA_STONES	MEGA_STONE	UNK	UNK	UNK	data/maps/LittlerootTown_BrendansHouse_2F/scripts.inc	Measured	NA	2
item	ITEM_DREDNAWITE	Drednawite	script_gift	LittlerootTown_BrendansHouse_2F	UNK	NA	NA	NONE	1	0	MEGA_STONES	MEGA_STONE	UNK	UNK	UNK	data/maps/LittlerootTown_BrendansHouse_2F/scripts.inc	Measured	NA	2
item	ITEM_COALOSSITE	Coalossite	script_gift	LittlerootTown_BrendansHouse_2F	UNK	NA	NA	NONE	1	0	MEGA_STONES	MEGA_STONE	UNK	UNK	UNK	data/maps/LittlerootTown_BrendansHouse_2F/scripts.inc	Measured	NA	2
item	ITEM_APPLITE	Applite	script_gift	LittlerootTown_BrendansHouse_2F	UNK	NA	NA	NONE	1	0	MEGA_STONES	MEGA_STONE	UNK	UNK	UNK	data/maps/LittlerootTown_BrendansHouse_2F/scripts.inc	Measured	NA	2
item	ITEM_SANDACONDITE	Sandacondite	script_gift	LittlerootTown_BrendansHouse_2F	UNK	NA	NA	NONE	1	0	MEGA_STONES	MEGA_STONE	UNK	UNK	UNK	data/maps/LittlerootTown_BrendansHouse_2F/scripts.inc	Measured	NA	2
item	ITEM_TOXTRICITITE	Toxtricitite	script_gift	LittlerootTown_BrendansHouse_2F	UNK	NA	NA	NONE	1	0	MEGA_STONES	MEGA_STONE	UNK	UNK	UNK	data/maps/LittlerootTown_BrendansHouse_2F/scripts.inc	Measured	NA	2
item	ITEM_CENTISKITE	Centiskite	script_gift	LittlerootTown_BrendansHouse_2F	UNK	NA	NA	NONE	1	0	MEGA_STONES	MEGA_STONE	UNK	UNK	UNK	data/maps/LittlerootTown_BrendansHouse_2F/scripts.inc	Measured	NA	2
item	ITEM_GRIMMITE	Grimmite	script_gift	LittlerootTown_BrendansHouse_2F	UNK	NA	NA	NONE	1	0	MEGA_STONES	MEGA_STONE	UNK	UNK	UNK	data/maps/LittlerootTown_BrendansHouse_2F/scripts.inc	Measured	NA	2
item	ITEM_COPPERAJITE	Copperajite	script_gift	LittlerootTown_BrendansHouse_2F	UNK	NA	NA	NONE	1	0	MEGA_STONES	MEGA_STONE	UNK	UNK	UNK	data/maps/LittlerootTown_BrendansHouse_2F/scripts.inc	Measured	NA	2
item	ITEM_SLAKITE	Slakite	script_gift	LittlerootTown_BrendansHouse_2F	UNK	NA	NA	NONE	1	0	MEGA_STONES	MEGA_STONE	UNK	UNK	UNK	data/maps/LittlerootTown_BrendansHouse_2F/scripts.inc	Measured	NA	2
item	ITEM_ROSERADITE	Roseradite	script_gift	LittlerootTown_BrendansHouse_2F	UNK	NA	NA	NONE	1	0	MEGA_STONES	MEGA_STONE	UNK	UNK	UNK	data/maps/LittlerootTown_BrendansHouse_2F/scripts.inc	Measured	NA	2
item	ITEM_DUSKNOIRITE	Dusknoirite	script_gift	LittlerootTown_BrendansHouse_2F	UNK	NA	NA	NONE	1	0	MEGA_STONES	MEGA_STONE	UNK	UNK	UNK	data/maps/LittlerootTown_BrendansHouse_2F/scripts.inc	Measured	NA	2
item	ITEM_MYSTIC_TICKET	Mystic Ticket	script_gift	LittlerootTown_ProfessorBirchsLab	UNK	NA	NA	NONE	1	0	KEY_ITEMS	NONE	UNK	UNK	UNK	data/maps/LittlerootTown_ProfessorBirchsLab/scripts.inc	Measured	NA	1
item	ITEM_QUICK_BALL	Quick Ball	script_gift	LittlerootTown_ProfessorBirchsLab	UNK	NA	NA	NONE	99	100	POKE_BALLS	NONE	UNK	UNK	UNK	data/maps/LittlerootTown_ProfessorBirchsLab/scripts.inc	Measured	NA	1
item	ITEM_POKE_BALL	Poké Ball	script_gift	LittlerootTown_ProfessorBirchsLab	UNK	NA	NA	NONE	99	200	POKE_BALLS	NONE	UNK	UNK	UNK	data/maps/LittlerootTown_ProfessorBirchsLab/scripts.inc	Measured	NA	1
item	ITEM_ORAN_BERRY	Oran Berry	script_gift	LittlerootTown_ProfessorBirchsLab	UNK	NA	NA	NONE	20	0	BERRIES	RESTORE_HP	UNK	UNK	UNK	data/maps/LittlerootTown_ProfessorBirchsLab/scripts.inc	Measured	NA	1
item	ITEM_ABILITY_CAPSULE	AbilityCapsle	script_gift	LittlerootTown_ProfessorBirchsLab	UNK	NA	NA	NONE	999	100	ITEMS	NONE	UNK	UNK	UNK	data/maps/LittlerootTown_ProfessorBirchsLab/scripts.inc	Measured	NA	1
item	ITEM_SILK_SCARF	Silk Scarf	script_gift	LittlerootTown_ProfessorBirchsLab	UNK	NA	NA	NONE	10	9	ITEMS	NORMAL_POWER	UNK	UNK	UNK	data/maps/LittlerootTown_ProfessorBirchsLab/scripts.inc	Measured	NA	1
item	ITEM_MYSTIC_WATER	Mystic Water	script_gift	LittlerootTown_ProfessorBirchsLab	UNK	NA	NA	NONE	10	9	ITEMS	WATER_POWER	UNK	UNK	UNK	data/maps/LittlerootTown_ProfessorBirchsLab/scripts.inc	Measured	NA	1
item	ITEM_MIRACLE_SEED	Miracle Seed	script_gift	LittlerootTown_ProfessorBirchsLab	UNK	NA	NA	NONE	10	9	ITEMS	GRASS_POWER	UNK	UNK	UNK	data/maps/LittlerootTown_ProfessorBirchsLab/scripts.inc	Measured	NA	1
item	ITEM_CHARCOAL	Charcoal	script_gift	LittlerootTown_ProfessorBirchsLab	UNK	NA	NA	NONE	10	9	ITEMS	FIRE_POWER	UNK	UNK	UNK	data/maps/LittlerootTown_ProfessorBirchsLab/scripts.inc	Measured	NA	1
item	ITEM_NEVER_MELT_ICE	Never-MeltIce	script_gift	LittlerootTown_ProfessorBirchsLab	UNK	NA	NA	NONE	10	9	ITEMS	ICE_POWER	UNK	UNK	UNK	data/maps/LittlerootTown_ProfessorBirchsLab/scripts.inc	Measured	NA	1
item	ITEM_FAIRY_FEATHER	Fairy Feather	script_gift	LittlerootTown_ProfessorBirchsLab	UNK	NA	NA	NONE	10	1000	ITEMS	FAIRY_POWER	UNK	UNK	UNK	data/maps/LittlerootTown_ProfessorBirchsLab/scripts.inc	Measured	NA	1
item	ITEM_STEEL_FEATHER	Steel Feather	script_gift	LittlerootTown_ProfessorBirchsLab	UNK	NA	NA	NONE	10	1000	ITEMS	STEEL_POWER	UNK	UNK	UNK	data/maps/LittlerootTown_ProfessorBirchsLab/scripts.inc	Measured	NA	1
item	ITEM_SHARP_BEAK	Sharp Beak	script_gift	LittlerootTown_ProfessorBirchsLab	UNK	NA	NA	NONE	10	9	ITEMS	FLYING_POWER	UNK	UNK	UNK	data/maps/LittlerootTown_ProfessorBirchsLab/scripts.inc	Measured	NA	1
item	ITEM_SILVER_POWDER	Silver Powder	script_gift	LittlerootTown_ProfessorBirchsLab	UNK	NA	NA	NONE	10	9	ITEMS	BUG_POWER	UNK	UNK	UNK	data/maps/LittlerootTown_ProfessorBirchsLab/scripts.inc	Measured	NA	1
item	ITEM_SOFT_SAND	Soft Sand	script_gift	LittlerootTown_ProfessorBirchsLab	UNK	NA	NA	NONE	10	9	ITEMS	GROUND_POWER	UNK	UNK	UNK	data/maps/LittlerootTown_ProfessorBirchsLab/scripts.inc	Measured	NA	1
item	ITEM_HARD_STONE	Hard Stone	script_gift	LittlerootTown_ProfessorBirchsLab	UNK	NA	NA	NONE	10	9	ITEMS	ROCK_POWER	UNK	UNK	UNK	data/maps/LittlerootTown_ProfessorBirchsLab/scripts.inc	Measured	NA	1
item	ITEM_SPELL_TAG	Spell Tag	script_gift	LittlerootTown_ProfessorBirchsLab	UNK	NA	NA	NONE	10	9	ITEMS	GHOST_POWER	UNK	UNK	UNK	data/maps/LittlerootTown_ProfessorBirchsLab/scripts.inc	Measured	NA	1
item	ITEM_TWISTED_SPOON	Twisted Spoon	script_gift	LittlerootTown_ProfessorBirchsLab	UNK	NA	NA	NONE	10	9	ITEMS	PSYCHIC_POWER	UNK	UNK	UNK	data/maps/LittlerootTown_ProfessorBirchsLab/scripts.inc	Measured	NA	1
item	ITEM_MAGNET	Magnet	script_gift	LittlerootTown_ProfessorBirchsLab	UNK	NA	NA	NONE	10	9	ITEMS	ELECTRIC_POWER	UNK	UNK	UNK	data/maps/LittlerootTown_ProfessorBirchsLab/scripts.inc	Measured	NA	1
item	ITEM_POISON_BARB	Poison Barb	script_gift	LittlerootTown_ProfessorBirchsLab	UNK	NA	NA	NONE	10	9	ITEMS	POISON_POWER	UNK	UNK	UNK	data/maps/LittlerootTown_ProfessorBirchsLab/scripts.inc	Measured	NA	1
item	ITEM_BLACK_BELT	Black Belt	script_gift	LittlerootTown_ProfessorBirchsLab	UNK	NA	NA	NONE	10	9	ITEMS	FIGHTING_POWER	UNK	UNK	UNK	data/maps/LittlerootTown_ProfessorBirchsLab/scripts.inc	Measured	NA	1
item	ITEM_BLACK_GLASSES	Black Glasses	script_gift	LittlerootTown_ProfessorBirchsLab	UNK	NA	NA	NONE	10	9	ITEMS	DARK_POWER	UNK	UNK	UNK	data/maps/LittlerootTown_ProfessorBirchsLab/scripts.inc	Measured	NA	1
item	ITEM_DRAGON_FANG	Dragon Fang	script_gift	LittlerootTown_ProfessorBirchsLab	UNK	NA	NA	NONE	10	9	ITEMS	DRAGON_POWER	UNK	UNK	UNK	data/maps/LittlerootTown_ProfessorBirchsLab/scripts.inc	Measured	NA	1
item	ITEM_BLUE_SHARD	Blue Shard	script_gift	LittlerootTown_ProfessorBirchsLab	UNK	NA	NA	NONE	100	100	ITEMS	NONE	UNK	UNK	UNK	data/maps/LittlerootTown_ProfessorBirchsLab/scripts.inc	Measured	NA	1
item	ITEM_RED_SHARD	Red Shard	script_gift	LittlerootTown_ProfessorBirchsLab	UNK	NA	NA	NONE	100	100	ITEMS	NONE	UNK	UNK	UNK	data/maps/LittlerootTown_ProfessorBirchsLab/scripts.inc	Measured	NA	1
item	ITEM_GREEN_SHARD	Green Shard	script_gift	LittlerootTown_ProfessorBirchsLab	UNK	NA	NA	NONE	100	100	ITEMS	NONE	UNK	UNK	UNK	data/maps/LittlerootTown_ProfessorBirchsLab/scripts.inc	Measured	NA	1
item	ITEM_YELLOW_SHARD	Yellow Shard	script_gift	LittlerootTown_ProfessorBirchsLab	UNK	NA	NA	NONE	100	100	ITEMS	NONE	UNK	UNK	UNK	data/maps/LittlerootTown_ProfessorBirchsLab/scripts.inc	Measured	NA	1
item	ITEM_ABSORB_BULB	Absorb Bulb	script_gift	LittlerootTown_ProfessorBirchsLab	UNK	NA	NA	NONE	10	9	ITEMS	ABSORB_BULB	UNK	UNK	UNK	data/maps/LittlerootTown_ProfessorBirchsLab/scripts.inc	Measured	NA	1
item	ITEM_MENTAL_HERB	Mental Herb	script_gift	LittlerootTown_ProfessorBirchsLab	UNK	NA	NA	NONE	10	100	ITEMS	MENTAL_HERB	UNK	UNK	UNK	data/maps/LittlerootTown_ProfessorBirchsLab/scripts.inc	Measured	NA	1
item	ITEM_LIGHT_BALL	Light Ball	script_gift	LittlerootTown_ProfessorBirchsLab	UNK	NA	NA	NONE	10	7	ITEMS	LIGHT_BALL	UNK	UNK	UNK	data/maps/LittlerootTown_ProfessorBirchsLab/scripts.inc	Measured	NA	1
item	ITEM_SHINY_CHARM	Shiny Charm	script_gift	LittlerootTown_ProfessorBirchsLab	UNK	NA	NA	NONE	1	0	KEY_ITEMS	NONE	UNK	UNK	UNK	data/maps/LittlerootTown_ProfessorBirchsLab/scripts.inc	Measured	NA	1
item	ITEM_POKE_BALL	Poké Ball	script_gift	LittlerootTown_ProfessorBirchsLab	UNK	NA	NA	NONE	5	200	POKE_BALLS	NONE	UNK	UNK	UNK	data/maps/LittlerootTown_ProfessorBirchsLab/scripts.inc	Measured	NA	1
item	ITEM_BASEMENT_KEY	Basement Key	script_gift	MauvilleCity	UNK	NA	NA	NONE	1	0	KEY_ITEMS	NONE	6	UNK	UNK	data/maps/MauvilleCity/scripts.inc	Measured	Inferred	5
item	ITEM_TM_CLOSE_COMBAT	TM156	script_gift	MauvilleCity	UNK	NA	NA	NONE	1	100	TM_HM	NONE	6	UNK	UNK	data/maps/MauvilleCity/scripts.inc	Measured	Inferred	5
item	ITEM_MACH_BIKE	Mach Bike	script_gift	MauvilleCity_BikeShop	UNK	NA	NA	NONE	1	0	KEY_ITEMS	NONE	6	UNK	UNK	data/maps/MauvilleCity_BikeShop/scripts.inc	Measured	Inferred	6
item	ITEM_ACRO_BIKE	Acro Bike	script_gift	MauvilleCity_BikeShop	UNK	NA	NA	NONE	1	0	KEY_ITEMS	NONE	6	UNK	UNK	data/maps/MauvilleCity_BikeShop/scripts.inc	Measured	Inferred	6
item	ITEM_MACH_BIKE	Mach Bike	script_gift	MauvilleCity_BikeShop	UNK	NA	NA	NONE	1	0	KEY_ITEMS	NONE	6	UNK	UNK	data/maps/MauvilleCity_BikeShop/scripts.inc	Measured	Inferred	6
item	ITEM_ACRO_BIKE	Acro Bike	script_gift	MauvilleCity_BikeShop	UNK	NA	NA	NONE	1	0	KEY_ITEMS	NONE	6	UNK	UNK	data/maps/MauvilleCity_BikeShop/scripts.inc	Measured	Inferred	6
item	ITEM_MACH_BIKE	Mach Bike	script_gift	MauvilleCity_BikeShop	UNK	NA	NA	NONE	1	0	KEY_ITEMS	NONE	6	UNK	UNK	data/maps/MauvilleCity_BikeShop/scripts.inc	Measured	Inferred	6
item	ITEM_ACRO_BIKE	Acro Bike	script_gift	MauvilleCity_BikeShop	UNK	NA	NA	NONE	1	0	KEY_ITEMS	NONE	6	UNK	UNK	data/maps/MauvilleCity_BikeShop/scripts.inc	Measured	Inferred	6
item	ITEM_TM_VOLT_SWITCH	TM92	script_gift	MauvilleCity_Gym	UNK	NA	NA	NONE	1	100	TM_HM	NONE	6	UNK	UNK	data/maps/MauvilleCity_Gym/scripts.inc	Measured	Measured	6
item	ITEM_LUXRITE	Luxrite	script_gift	MauvilleCity_Gym	UNK	NA	NA	NONE	1	0	MEGA_STONES	MEGA_STONE	6	UNK	UNK	data/maps/MauvilleCity_Gym/scripts.inc	Measured	Measured	6
item	ITEM_MANECTITE	Manectite	script_gift	MauvilleCity_Gym	UNK	NA	NA	NONE	1	0	MEGA_STONES	MEGA_STONE	6	UNK	UNK	data/maps/MauvilleCity_Gym/scripts.inc	Measured	Measured	6
item	ITEM_AMPHAROSITE	Ampharosite	script_gift	MauvilleCity_Gym	UNK	NA	NA	NONE	1	0	MEGA_STONES	MEGA_STONE	6	UNK	UNK	data/maps/MauvilleCity_Gym/scripts.inc	Measured	Measured	6
item	ITEM_TM_VOLT_SWITCH	TM92	script_gift	MauvilleCity_Gym	UNK	NA	NA	NONE	1	100	TM_HM	NONE	6	UNK	UNK	data/maps/MauvilleCity_Gym/scripts.inc	Measured	Measured	6
item	ITEM_LUXRITE	Luxrite	script_gift	MauvilleCity_Gym	UNK	NA	NA	NONE	1	0	MEGA_STONES	MEGA_STONE	6	UNK	UNK	data/maps/MauvilleCity_Gym/scripts.inc	Measured	Measured	6
item	ITEM_MANECTITE	Manectite	script_gift	MauvilleCity_Gym	UNK	NA	NA	NONE	1	0	MEGA_STONES	MEGA_STONE	6	UNK	UNK	data/maps/MauvilleCity_Gym/scripts.inc	Measured	Measured	6
item	ITEM_AMPHAROSITE	Ampharosite	script_gift	MauvilleCity_Gym	UNK	NA	NA	NONE	1	0	MEGA_STONES	MEGA_STONE	6	UNK	UNK	data/maps/MauvilleCity_Gym/scripts.inc	Measured	Measured	6
item	ITEM_HM_ROCK_SMASH	HM06	script_gift	MauvilleCity_House1	UNK	NA	NA	NONE	1	0	TM_HM	NONE	6	UNK	UNK	data/maps/MauvilleCity_House1/scripts.inc	Measured	Inferred	6
item	ITEM_COIN_CASE	Coin Case	script_gift	MauvilleCity_House2	UNK	NA	NA	NONE	1	0	KEY_ITEMS	NONE	6	UNK	UNK	data/maps/MauvilleCity_House2/scripts.inc	Measured	Inferred	6
mart_stock	ITEM_POKE_BALL	Poké Ball	purchase	MauvilleCity_Mart	UNK	NA	NA	NONE	UNLIMITED	200	POKE_BALLS	NONE	6	UNK	UNK	data/maps/MauvilleCity_Mart/scripts.inc	Measured	Inferred	6
mart_stock	ITEM_GREAT_BALL	Great Ball	purchase	MauvilleCity_Mart	UNK	NA	NA	NONE	UNLIMITED	600	POKE_BALLS	NONE	6	UNK	UNK	data/maps/MauvilleCity_Mart/scripts.inc	Measured	Inferred	6
mart_stock	ITEM_SUPER_POTION	Super Potion	purchase	MauvilleCity_Mart	UNK	NA	NA	NONE	UNLIMITED	700	ITEMS	NONE	6	UNK	UNK	data/maps/MauvilleCity_Mart/scripts.inc	Measured	Inferred	6
mart_stock	ITEM_ANTIDOTE	Antidote	purchase	MauvilleCity_Mart	UNK	NA	NA	NONE	UNLIMITED	7	ITEMS	NONE	6	UNK	UNK	data/maps/MauvilleCity_Mart/scripts.inc	Measured	Inferred	6
mart_stock	ITEM_PARALYZE_HEAL	Paralyze Heal	purchase	MauvilleCity_Mart	UNK	NA	NA	NONE	UNLIMITED	7	ITEMS	NONE	6	UNK	UNK	data/maps/MauvilleCity_Mart/scripts.inc	Measured	Inferred	6
mart_stock	ITEM_AWAKENING	Awakening	purchase	MauvilleCity_Mart	UNK	NA	NA	NONE	UNLIMITED	2	ITEMS	NONE	6	UNK	UNK	data/maps/MauvilleCity_Mart/scripts.inc	Measured	Inferred	6
mart_stock	ITEM_X_SPEED	X Speed	purchase	MauvilleCity_Mart	UNK	NA	NA	NONE	UNLIMITED	7	ITEMS	NONE	6	UNK	UNK	data/maps/MauvilleCity_Mart/scripts.inc	Measured	Inferred	6
mart_stock	ITEM_X_ATTACK	X Attack	purchase	MauvilleCity_Mart	UNK	NA	NA	NONE	UNLIMITED	7	ITEMS	NONE	6	UNK	UNK	data/maps/MauvilleCity_Mart/scripts.inc	Measured	Inferred	6
mart_stock	ITEM_X_DEFENSE	X Defense	purchase	MauvilleCity_Mart	UNK	NA	NA	NONE	UNLIMITED	7	ITEMS	NONE	6	UNK	UNK	data/maps/MauvilleCity_Mart/scripts.inc	Measured	Inferred	6
mart_stock	ITEM_GUARD_SPEC	Guard Spec.	purchase	MauvilleCity_Mart	UNK	NA	NA	NONE	UNLIMITED	7	ITEMS	NONE	6	UNK	UNK	data/maps/MauvilleCity_Mart/scripts.inc	Measured	Inferred	6
mart_stock	ITEM_X_ACCURACY	X Accuracy	purchase	MauvilleCity_Mart	UNK	NA	NA	NONE	UNLIMITED	7	ITEMS	NONE	6	UNK	UNK	data/maps/MauvilleCity_Mart/scripts.inc	Measured	Inferred	6
mart_stock	ITEM_SHED_SHELL	Shed Shell	purchase	MauvilleCity_Mart	UNK	NA	NA	NONE	UNLIMITED	100	ITEMS	SHED_SHELL	6	UNK	UNK	data/maps/MauvilleCity_Mart/scripts.inc	Measured	Inferred	6
mart_stock	ITEM_LIGHT_CLAY	Light Clay	purchase	MauvilleCity_Mart	UNK	NA	NA	NONE	UNLIMITED	100	ITEMS	LIGHT_CLAY	6	UNK	UNK	data/maps/MauvilleCity_Mart/scripts.inc	Measured	Inferred	6
mart_stock	ITEM_FLOAT_STONE	Float Stone	purchase	MauvilleCity_Mart	UNK	NA	NA	NONE	UNLIMITED	100	ITEMS	FLOAT_STONE	6	UNK	UNK	data/maps/MauvilleCity_Mart/scripts.inc	Measured	Inferred	6
mart_stock	ITEM_NONE	????????	purchase	MauvilleCity_Mart	UNK	NA	NA	NONE	UNLIMITED	0	ITEMS	NONE	6	UNK	UNK	data/maps/MauvilleCity_Mart/scripts.inc	Measured	Inferred	6
item	ITEM_ROOT_FOSSIL	Root Fossil	script_gift	MirageTower_4F	UNK	NA	NA	NONE	1	7	ITEMS	NONE	UNK	UNK	UNK	data/maps/MirageTower_4F/scripts.inc	Measured	NA	10
item	ITEM_CLAW_FOSSIL	Claw Fossil	script_gift	MirageTower_4F	UNK	NA	NA	NONE	1	7	ITEMS	NONE	UNK	UNK	UNK	data/maps/MirageTower_4F/scripts.inc	Measured	NA	10
item	ITEM_KINGS_ROCK	King's Rock	script_gift	MossdeepCity	UNK	NA	NA	NONE	1	500	ITEMS	FLINCH	15	UNK	UNK	data/maps/MossdeepCity/scripts.inc	Measured	Inferred	8
item	ITEM_TM_EXPANDING_FORCE	TM55	script_gift	MossdeepCity_Gym	UNK	NA	NA	NONE	1	100	TM_HM	NONE	15	UNK	UNK	data/maps/MossdeepCity_Gym/scripts.inc	Measured	Measured	9
item	ITEM_TM_TRICK_ROOM	TM106	script_gift	MossdeepCity_Gym	UNK	NA	NA	NONE	1	100	TM_HM	NONE	15	UNK	UNK	data/maps/MossdeepCity_Gym/scripts.inc	Measured	Measured	9
item	ITEM_TM_EXPANDING_FORCE	TM55	script_gift	MossdeepCity_Gym	UNK	NA	NA	NONE	1	100	TM_HM	NONE	15	UNK	UNK	data/maps/MossdeepCity_Gym/scripts.inc	Measured	Measured	9
item	ITEM_TM_TRICK_ROOM	TM106	script_gift	MossdeepCity_Gym	UNK	NA	NA	NONE	1	100	TM_HM	NONE	15	UNK	UNK	data/maps/MossdeepCity_Gym/scripts.inc	Measured	Measured	9
item	ITEM_SUPER_ROD	Super Rod	script_gift	MossdeepCity_House3	UNK	NA	NA	NONE	1	0	KEY_ITEMS	NONE	15	UNK	UNK	data/maps/MossdeepCity_House3/scripts.inc	Measured	Inferred	9
mart_stock	ITEM_ULTRA_BALL	Ultra Ball	purchase	MossdeepCity_Mart	UNK	NA	NA	NONE	UNLIMITED	7	POKE_BALLS	NONE	15	UNK	UNK	data/maps/MossdeepCity_Mart/scripts.inc	Measured	Inferred	9
mart_stock	ITEM_NET_BALL	Net Ball	purchase	MossdeepCity_Mart	UNK	NA	NA	NONE	UNLIMITED	100	POKE_BALLS	NONE	15	UNK	UNK	data/maps/MossdeepCity_Mart/scripts.inc	Measured	Inferred	9
mart_stock	ITEM_DIVE_BALL	Dive Ball	purchase	MossdeepCity_Mart	UNK	NA	NA	NONE	UNLIMITED	100	POKE_BALLS	NONE	15	UNK	UNK	data/maps/MossdeepCity_Mart/scripts.inc	Measured	Inferred	9
mart_stock	ITEM_HYPER_POTION	Hyper Potion	purchase	MossdeepCity_Mart	UNK	NA	NA	NONE	UNLIMITED	2	ITEMS	NONE	15	UNK	UNK	data/maps/MossdeepCity_Mart/scripts.inc	Measured	Inferred	9
mart_stock	ITEM_FULL_HEAL	Full Heal	purchase	MossdeepCity_Mart	UNK	NA	NA	NONE	UNLIMITED	100	ITEMS	NONE	15	UNK	UNK	data/maps/MossdeepCity_Mart/scripts.inc	Measured	Inferred	9
mart_stock	ITEM_REVIVE	Revive	purchase	MossdeepCity_Mart	UNK	NA	NA	NONE	UNLIMITED	7	ITEMS	NONE	15	UNK	UNK	data/maps/MossdeepCity_Mart/scripts.inc	Measured	Inferred	9
mart_stock	ITEM_MAX_REPEL	Max Repel	purchase	MossdeepCity_Mart	UNK	NA	NA	NONE	UNLIMITED	7	ITEMS	NONE	15	UNK	UNK	data/maps/MossdeepCity_Mart/scripts.inc	Measured	Inferred	9
mart_stock	ITEM_X_ATTACK	X Attack	purchase	MossdeepCity_Mart	UNK	NA	NA	NONE	UNLIMITED	7	ITEMS	NONE	15	UNK	UNK	data/maps/MossdeepCity_Mart/scripts.inc	Measured	Inferred	9
mart_stock	ITEM_X_DEFENSE	X Defense	purchase	MossdeepCity_Mart	UNK	NA	NA	NONE	UNLIMITED	7	ITEMS	NONE	15	UNK	UNK	data/maps/MossdeepCity_Mart/scripts.inc	Measured	Inferred	9
mart_stock	ITEM_NONE	????????	purchase	MossdeepCity_Mart	UNK	NA	NA	NONE	UNLIMITED	0	ITEMS	NONE	15	UNK	UNK	data/maps/MossdeepCity_Mart/scripts.inc	Measured	Inferred	9
item	ITEM_SUN_STONE	Sun Stone	script_gift	MossdeepCity_SpaceCenter_1F	UNK	NA	NA	NONE	1	500	ITEMS	NONE	15	UNK	UNK	data/maps/MossdeepCity_SpaceCenter_1F/scripts.inc	Measured	Inferred	9
item	ITEM_SUN_STONE	Sun Stone	script_gift	MossdeepCity_SpaceCenter_1F	UNK	NA	NA	NONE	1	500	ITEMS	NONE	15	UNK	UNK	data/maps/MossdeepCity_SpaceCenter_1F/scripts.inc	Measured	Inferred	9
item	ITEM_MAGMA_EMBLEM	Magma Emblem	script_gift	MossdeepCity_SpaceCenter_2F	UNK	NA	NA	NONE	1	0	KEY_ITEMS	NONE	15	UNK	UNK	data/maps/MossdeepCity_SpaceCenter_2F/scripts.inc	Measured	Inferred	10
item	ITEM_HM_DIVE	HM08	script_gift	MossdeepCity_StevensHouse	UNK	NA	NA	NONE	1	0	TM_HM	NONE	15	UNK	UNK	data/maps/MossdeepCity_StevensHouse/scripts.inc	Measured	Inferred	9
item	ITEM_LAVA_COOKIE	Lava Cookie	script_gift	MtChimney	UNK	NA	NA	NONE	1	7	ITEMS	NONE	7	UNK	UNK	data/maps/MtChimney/scripts.inc	Measured	Measured	9
item	ITEM_METEORITE	Meteorite	script_gift	MtChimney	UNK	NA	NA	NONE	1	0	KEY_ITEMS	NONE	7	UNK	UNK	data/maps/MtChimney/scripts.inc	Measured	Measured	9
item	ITEM_CLEANSE_TAG	Cleanse Tag	script_gift	MtPyre_1F	UNK	NA	NA	NONE	1	7	ITEMS	REPEL	UNK	UNK	UNK	data/maps/MtPyre_1F/scripts.inc	Measured	NA	9
item	ITEM_RED_ORB	Red Orb	script_gift	MtPyre_Summit	UNK	NA	NA	NONE	1	0	ITEMS	PRIMAL_ORB	UNK	UNK	UNK	data/maps/MtPyre_Summit/scripts.inc	Measured	NA	11
item	ITEM_BLUE_ORB	Blue Orb	script_gift	MtPyre_Summit	UNK	NA	NA	NONE	1	0	ITEMS	PRIMAL_ORB	UNK	UNK	UNK	data/maps/MtPyre_Summit/scripts.inc	Measured	NA	11
item	ITEM_POTION	Potion	script_gift	OldaleTown	UNK	NA	NA	NONE	1	7	ITEMS	NONE	UNK	UNK	UNK	data/maps/OldaleTown/scripts.inc	Measured	NA	2
item	ITEM_SHINY_CHARM	Shiny Charm	script_gift	OldaleTown_House2	UNK	NA	NA	NONE	1	0	KEY_ITEMS	NONE	UNK	UNK	UNK	data/maps/OldaleTown_House2/scripts.inc	Measured	NA	3
mart_stock	ITEM_POTION	Potion	purchase	OldaleTown_Mart	UNK	NA	NA	NONE	UNLIMITED	7	ITEMS	NONE	UNK	UNK	UNK	data/maps/OldaleTown_Mart/scripts.inc	Measured	NA	3
mart_stock	ITEM_ANTIDOTE	Antidote	purchase	OldaleTown_Mart	UNK	NA	NA	NONE	UNLIMITED	7	ITEMS	NONE	UNK	UNK	UNK	data/maps/OldaleTown_Mart/scripts.inc	Measured	NA	3
mart_stock	ITEM_PARALYZE_HEAL	Paralyze Heal	purchase	OldaleTown_Mart	UNK	NA	NA	NONE	UNLIMITED	7	ITEMS	NONE	UNK	UNK	UNK	data/maps/OldaleTown_Mart/scripts.inc	Measured	NA	3
mart_stock	ITEM_AWAKENING	Awakening	purchase	OldaleTown_Mart	UNK	NA	NA	NONE	UNLIMITED	2	ITEMS	NONE	UNK	UNK	UNK	data/maps/OldaleTown_Mart/scripts.inc	Measured	NA	3
mart_stock	ITEM_NONE	????????	purchase	OldaleTown_Mart	UNK	NA	NA	NONE	UNLIMITED	0	ITEMS	NONE	UNK	UNK	UNK	data/maps/OldaleTown_Mart/scripts.inc	Measured	NA	3
mart_stock	ITEM_POKE_BALL	Poké Ball	purchase	OldaleTown_Mart	UNK	NA	NA	NONE	UNLIMITED	200	POKE_BALLS	NONE	UNK	UNK	UNK	data/maps/OldaleTown_Mart/scripts.inc	Measured	NA	3
mart_stock	ITEM_POTION	Potion	purchase	OldaleTown_Mart	UNK	NA	NA	NONE	UNLIMITED	7	ITEMS	NONE	UNK	UNK	UNK	data/maps/OldaleTown_Mart/scripts.inc	Measured	NA	3
mart_stock	ITEM_ANTIDOTE	Antidote	purchase	OldaleTown_Mart	UNK	NA	NA	NONE	UNLIMITED	7	ITEMS	NONE	UNK	UNK	UNK	data/maps/OldaleTown_Mart/scripts.inc	Measured	NA	3
mart_stock	ITEM_PARALYZE_HEAL	Paralyze Heal	purchase	OldaleTown_Mart	UNK	NA	NA	NONE	UNLIMITED	7	ITEMS	NONE	UNK	UNK	UNK	data/maps/OldaleTown_Mart/scripts.inc	Measured	NA	3
mart_stock	ITEM_AWAKENING	Awakening	purchase	OldaleTown_Mart	UNK	NA	NA	NONE	UNLIMITED	2	ITEMS	NONE	UNK	UNK	UNK	data/maps/OldaleTown_Mart/scripts.inc	Measured	NA	3
mart_stock	ITEM_NONE	????????	purchase	OldaleTown_Mart	UNK	NA	NA	NONE	UNLIMITED	0	ITEMS	NONE	UNK	UNK	UNK	data/maps/OldaleTown_Mart/scripts.inc	Measured	NA	3
item	ITEM_DOUSE_DRIVE	Douse Drive	script_gift	PacifidlogTown_House1	UNK	NA	NA	NONE	1	7	ITEMS	DRIVE	UNK	UNK	UNK	data/maps/PacifidlogTown_House1/scripts.inc	Measured	NA	9
item	ITEM_EXP_SHARE	Exp. Share	script_gift	PetalburgCity	UNK	NA	NA	NONE	1	0	I_EXP_SHARE_ITEM >= GEN_6 ? KEY_ITEMS : ITEMS	EXP_SHARE	10	UNK	UNK	data/maps/PetalburgCity/scripts.inc	Measured	Inferred	4
item	ITEM_HEX_ORB	Hex Orb	script_gift	PetalburgCity	UNK	NA	NA	NONE	1	0	KEY_ITEMS	NONE	10	UNK	UNK	data/maps/PetalburgCity/scripts.inc	Measured	Inferred	4
item	ITEM_OLD_ROD	Old Rod	script_gift	PetalburgCity	UNK	NA	NA	NONE	1	0	KEY_ITEMS	NONE	10	UNK	UNK	data/maps/PetalburgCity/scripts.inc	Measured	Inferred	4
item	ITEM_ENIGMA_BERRY_E_READER	Enigma Berry	script_gift	PetalburgCity_Gym	UNK	NA	NA	NONE	1	0	BERRIES	NONE	10	UNK	UNK	data/maps/PetalburgCity_Gym/scripts.inc	Measured	Measured	5
item	ITEM_TM_RETURN	TM27	script_gift	PetalburgCity_Gym	UNK	NA	NA	NONE	1	100	TM_HM	NONE	10	UNK	UNK	data/maps/PetalburgCity_Gym/scripts.inc	Measured	Measured	5
item	ITEM_TM_FACADE	TM42	script_gift	PetalburgCity_Gym	UNK	NA	NA	NONE	1	100	TM_HM	NONE	10	UNK	UNK	data/maps/PetalburgCity_Gym/scripts.inc	Measured	Measured	5
item	ITEM_TM_SWORDS_DANCE	TM75	script_gift	PetalburgCity_Gym	UNK	NA	NA	NONE	1	100	TM_HM	NONE	10	UNK	UNK	data/maps/PetalburgCity_Gym/scripts.inc	Measured	Measured	5
item	ITEM_TM_NASTY_PLOT	TM141	script_gift	PetalburgCity_Gym	UNK	NA	NA	NONE	1	100	TM_HM	NONE	10	UNK	UNK	data/maps/PetalburgCity_Gym/scripts.inc	Measured	Measured	5
mart_stock	ITEM_POKE_BALL	Poké Ball	purchase	PetalburgCity_Mart	UNK	NA	NA	NONE	UNLIMITED	200	POKE_BALLS	NONE	10	UNK	UNK	data/maps/PetalburgCity_Mart/scripts.inc	Measured	Inferred	5
mart_stock	ITEM_POTION	Potion	purchase	PetalburgCity_Mart	UNK	NA	NA	NONE	UNLIMITED	7	ITEMS	NONE	10	UNK	UNK	data/maps/PetalburgCity_Mart/scripts.inc	Measured	Inferred	5
mart_stock	ITEM_ANTIDOTE	Antidote	purchase	PetalburgCity_Mart	UNK	NA	NA	NONE	UNLIMITED	7	ITEMS	NONE	10	UNK	UNK	data/maps/PetalburgCity_Mart/scripts.inc	Measured	Inferred	5
mart_stock	ITEM_PARALYZE_HEAL	Paralyze Heal	purchase	PetalburgCity_Mart	UNK	NA	NA	NONE	UNLIMITED	7	ITEMS	NONE	10	UNK	UNK	data/maps/PetalburgCity_Mart/scripts.inc	Measured	Inferred	5
mart_stock	ITEM_AWAKENING	Awakening	purchase	PetalburgCity_Mart	UNK	NA	NA	NONE	UNLIMITED	2	ITEMS	NONE	10	UNK	UNK	data/maps/PetalburgCity_Mart/scripts.inc	Measured	Inferred	5
mart_stock	ITEM_ESCAPE_ROPE	Escape Rope	purchase	PetalburgCity_Mart	UNK	NA	NA	NONE	UNLIMITED	0	KEY_ITEMS	NONE	10	UNK	UNK	data/maps/PetalburgCity_Mart/scripts.inc	Measured	Inferred	5
mart_stock	ITEM_REPEL	Repel	purchase	PetalburgCity_Mart	UNK	NA	NA	NONE	UNLIMITED	7	ITEMS	NONE	10	UNK	UNK	data/maps/PetalburgCity_Mart/scripts.inc	Measured	Inferred	5
mart_stock	ITEM_X_SPEED	X Speed	purchase	PetalburgCity_Mart	UNK	NA	NA	NONE	UNLIMITED	7	ITEMS	NONE	10	UNK	UNK	data/maps/PetalburgCity_Mart/scripts.inc	Measured	Inferred	5
mart_stock	ITEM_X_ATTACK	X Attack	purchase	PetalburgCity_Mart	UNK	NA	NA	NONE	UNLIMITED	7	ITEMS	NONE	10	UNK	UNK	data/maps/PetalburgCity_Mart/scripts.inc	Measured	Inferred	5
mart_stock	ITEM_X_DEFENSE	X Defense	purchase	PetalburgCity_Mart	UNK	NA	NA	NONE	UNLIMITED	7	ITEMS	NONE	10	UNK	UNK	data/maps/PetalburgCity_Mart/scripts.inc	Measured	Inferred	5
mart_stock	ITEM_ORANGE_MAIL	Orange Mail	purchase	PetalburgCity_Mart	UNK	NA	NA	NONE	UNLIMITED	50	ITEMS	NONE	10	UNK	UNK	data/maps/PetalburgCity_Mart/scripts.inc	Measured	Inferred	5
mart_stock	ITEM_NONE	????????	purchase	PetalburgCity_Mart	UNK	NA	NA	NONE	UNLIMITED	0	ITEMS	NONE	10	UNK	UNK	data/maps/PetalburgCity_Mart/scripts.inc	Measured	Inferred	5
mart_stock	ITEM_POKE_BALL	Poké Ball	purchase	PetalburgCity_Mart	UNK	NA	NA	NONE	UNLIMITED	200	POKE_BALLS	NONE	10	UNK	UNK	data/maps/PetalburgCity_Mart/scripts.inc	Measured	Inferred	5
mart_stock	ITEM_GREAT_BALL	Great Ball	purchase	PetalburgCity_Mart	UNK	NA	NA	NONE	UNLIMITED	600	POKE_BALLS	NONE	10	UNK	UNK	data/maps/PetalburgCity_Mart/scripts.inc	Measured	Inferred	5
mart_stock	ITEM_POTION	Potion	purchase	PetalburgCity_Mart	UNK	NA	NA	NONE	UNLIMITED	7	ITEMS	NONE	10	UNK	UNK	data/maps/PetalburgCity_Mart/scripts.inc	Measured	Inferred	5
mart_stock	ITEM_SUPER_POTION	Super Potion	purchase	PetalburgCity_Mart	UNK	NA	NA	NONE	UNLIMITED	700	ITEMS	NONE	10	UNK	UNK	data/maps/PetalburgCity_Mart/scripts.inc	Measured	Inferred	5
mart_stock	ITEM_ANTIDOTE	Antidote	purchase	PetalburgCity_Mart	UNK	NA	NA	NONE	UNLIMITED	7	ITEMS	NONE	10	UNK	UNK	data/maps/PetalburgCity_Mart/scripts.inc	Measured	Inferred	5
mart_stock	ITEM_PARALYZE_HEAL	Paralyze Heal	purchase	PetalburgCity_Mart	UNK	NA	NA	NONE	UNLIMITED	7	ITEMS	NONE	10	UNK	UNK	data/maps/PetalburgCity_Mart/scripts.inc	Measured	Inferred	5
mart_stock	ITEM_AWAKENING	Awakening	purchase	PetalburgCity_Mart	UNK	NA	NA	NONE	UNLIMITED	2	ITEMS	NONE	10	UNK	UNK	data/maps/PetalburgCity_Mart/scripts.inc	Measured	Inferred	5
mart_stock	ITEM_ESCAPE_ROPE	Escape Rope	purchase	PetalburgCity_Mart	UNK	NA	NA	NONE	UNLIMITED	0	KEY_ITEMS	NONE	10	UNK	UNK	data/maps/PetalburgCity_Mart/scripts.inc	Measured	Inferred	5
mart_stock	ITEM_REPEL	Repel	purchase	PetalburgCity_Mart	UNK	NA	NA	NONE	UNLIMITED	7	ITEMS	NONE	10	UNK	UNK	data/maps/PetalburgCity_Mart/scripts.inc	Measured	Inferred	5
mart_stock	ITEM_X_SPEED	X Speed	purchase	PetalburgCity_Mart	UNK	NA	NA	NONE	UNLIMITED	7	ITEMS	NONE	10	UNK	UNK	data/maps/PetalburgCity_Mart/scripts.inc	Measured	Inferred	5
mart_stock	ITEM_X_ATTACK	X Attack	purchase	PetalburgCity_Mart	UNK	NA	NA	NONE	UNLIMITED	7	ITEMS	NONE	10	UNK	UNK	data/maps/PetalburgCity_Mart/scripts.inc	Measured	Inferred	5
mart_stock	ITEM_X_DEFENSE	X Defense	purchase	PetalburgCity_Mart	UNK	NA	NA	NONE	UNLIMITED	7	ITEMS	NONE	10	UNK	UNK	data/maps/PetalburgCity_Mart/scripts.inc	Measured	Inferred	5
mart_stock	ITEM_ORANGE_MAIL	Orange Mail	purchase	PetalburgCity_Mart	UNK	NA	NA	NONE	UNLIMITED	50	ITEMS	NONE	10	UNK	UNK	data/maps/PetalburgCity_Mart/scripts.inc	Measured	Inferred	5
mart_stock	ITEM_NONE	????????	purchase	PetalburgCity_Mart	UNK	NA	NA	NONE	UNLIMITED	0	ITEMS	NONE	10	UNK	UNK	data/maps/PetalburgCity_Mart/scripts.inc	Measured	Inferred	5
item	ITEM_TM_METEOR_BEAM	TM48	script_gift	PetalburgCity_WallysHouse	UNK	NA	NA	NONE	1	100	TM_HM	NONE	10	UNK	UNK	data/maps/PetalburgCity_WallysHouse/scripts.inc	Measured	Inferred	5
item	ITEM_TM_DRAGON_PULSE	TM59	script_gift	PetalburgCity_WallysHouse	UNK	NA	NA	NONE	1	100	TM_HM	NONE	10	UNK	UNK	data/maps/PetalburgCity_WallysHouse/scripts.inc	Measured	Inferred	5
item	ITEM_TM_DUAL_CHOP	TM68	script_gift	PetalburgCity_WallysHouse	UNK	NA	NA	NONE	1	100	TM_HM	NONE	10	UNK	UNK	data/maps/PetalburgCity_WallysHouse/scripts.inc	Measured	Inferred	5
item	ITEM_TM_FUTURE_SIGHT	TM85	script_gift	PetalburgCity_WallysHouse	UNK	NA	NA	NONE	1	100	TM_HM	NONE	10	UNK	UNK	data/maps/PetalburgCity_WallysHouse/scripts.inc	Measured	Inferred	5
item	ITEM_TM_DUAL_WINGBEAT	TM100	script_gift	PetalburgCity_WallysHouse	UNK	NA	NA	NONE	1	100	TM_HM	NONE	10	UNK	UNK	data/maps/PetalburgCity_WallysHouse/scripts.inc	Measured	Inferred	5
item	ITEM_GREAT_BALL	Great Ball	script_gift	PetalburgWoods	UNK	NA	NA	NONE	1	600	POKE_BALLS	NONE	UNK	UNK	UNK	data/maps/PetalburgWoods/scripts.inc	Measured	NA	6
item	ITEM_MIRACLE_SEED	Miracle Seed	script_gift	PetalburgWoods	UNK	NA	NA	NONE	1	9	ITEMS	GRASS_POWER	UNK	UNK	UNK	data/maps/PetalburgWoods/scripts.inc	Measured	NA	6
item	ITEM_TM_U_TURN	TM89	script_gift	PetalburgWoods	UNK	NA	NA	NONE	1	100	TM_HM	NONE	UNK	UNK	UNK	data/maps/PetalburgWoods/scripts.inc	Measured	NA	6
item	ITEM_EVIOLITE	Eviolite	script_gift	PetalburgWoods	UNK	NA	NA	NONE	1	9	ITEMS	EVIOLITE	UNK	UNK	UNK	data/maps/PetalburgWoods/scripts.inc	Measured	NA	6
item	ITEM_LEAF_STONE	Leaf Stone	script_gift	PetalburgWoods	UNK	NA	NA	NONE	10	500	ITEMS	NONE	UNK	UNK	UNK	data/maps/PetalburgWoods/scripts.inc	Measured	NA	6
item	ITEM_GOOD_ROD	Good Rod	script_gift	Route103	UNK	NA	NA	NONE	1	0	KEY_ITEMS	NONE	UNK	UNK	UNK	data/maps/Route103/scripts.inc	Measured	NA	3
item	ITEM_CHESTO_BERRY	Chesto Berry	script_gift	Route104	UNK	NA	NA	NONE	1	0	BERRIES	CURE_SLP	UNK	UNK	UNK	data/maps/Route104/scripts.inc	Measured	NA	5
item	ITEM_WHITE_HERB	White Herb	script_gift	Route104	UNK	NA	NA	NONE	1	100	ITEMS	RESTORE_STATS	UNK	UNK	UNK	data/maps/Route104/scripts.inc	Measured	NA	5
item	ITEM_HEX_ORB	Hex Orb	script_gift	Route104	UNK	NA	NA	NONE	1	0	KEY_ITEMS	NONE	UNK	UNK	UNK	data/maps/Route104/scripts.inc	Measured	NA	5
item	ITEM_TM_BUG_BITE	TM109	script_gift	Route104	UNK	NA	NA	NONE	1	100	TM_HM	NONE	UNK	UNK	UNK	data/maps/Route104/scripts.inc	Measured	NA	5
item	ITEM_ASPEAR_BERRY	Aspear Berry	script_gift	Route104	UNK	NA	NA	NONE	10	0	BERRIES	CURE_FRZ	UNK	UNK	UNK	data/maps/Route104/scripts.inc	Measured	NA	5
item	ITEM_PERSIM_BERRY	Persim Berry	script_gift	Route104	UNK	NA	NA	NONE	10	0	BERRIES	CURE_CONFUSION	UNK	UNK	UNK	data/maps/Route104/scripts.inc	Measured	NA	5
item	ITEM_PECHA_BERRY	Pecha Berry	script_gift	Route104	UNK	NA	NA	NONE	10	0	BERRIES	CURE_PSN	UNK	UNK	UNK	data/maps/Route104/scripts.inc	Measured	NA	5
item	ITEM_RAWST_BERRY	Rawst Berry	script_gift	Route104	UNK	NA	NA	NONE	10	0	BERRIES	CURE_BRN	UNK	UNK	UNK	data/maps/Route104/scripts.inc	Measured	NA	5
item	ITEM_CHERI_BERRY	Cheri Berry	script_gift	Route104	UNK	NA	NA	NONE	10	0	BERRIES	CURE_PAR	UNK	UNK	UNK	data/maps/Route104/scripts.inc	Measured	NA	5
item	ITEM_CHESTO_BERRY	Chesto Berry	script_gift	Route104	UNK	NA	NA	NONE	10	0	BERRIES	CURE_SLP	UNK	UNK	UNK	data/maps/Route104/scripts.inc	Measured	NA	5
item	ITEM_CHOPLE_BERRY	Chople Berry	script_gift	Route104	UNK	NA	NA	NONE	10	0	BERRIES	RESIST_BERRY	UNK	UNK	UNK	data/maps/Route104/scripts.inc	Measured	NA	5
item	ITEM_COLBUR_BERRY	Colbur Berry	script_gift	Route104	UNK	NA	NA	NONE	10	0	BERRIES	RESIST_BERRY	UNK	UNK	UNK	data/maps/Route104/scripts.inc	Measured	NA	5
item	ITEM_WACAN_BERRY	Wacan Berry	script_gift	Route104	UNK	NA	NA	NONE	10	0	BERRIES	RESIST_BERRY	UNK	UNK	UNK	data/maps/Route104/scripts.inc	Measured	NA	5
item	ITEM_CHARTI_BERRY	Charti Berry	script_gift	Route104	UNK	NA	NA	NONE	10	0	BERRIES	RESIST_BERRY	UNK	UNK	UNK	data/maps/Route104/scripts.inc	Measured	NA	5
item	ITEM_CHILAN_BERRY	Chilan Berry	script_gift	Route104	UNK	NA	NA	NONE	10	0	BERRIES	RESIST_BERRY	UNK	UNK	UNK	data/maps/Route104/scripts.inc	Measured	NA	5
item	ITEM_HABAN_BERRY	Haban Berry	script_gift	Route104	UNK	NA	NA	NONE	10	0	BERRIES	RESIST_BERRY	UNK	UNK	UNK	data/maps/Route104/scripts.inc	Measured	NA	5
item	ITEM_ROSELI_BERRY	Roseli Berry	script_gift	Route104	UNK	NA	NA	NONE	10	0	BERRIES	RESIST_BERRY	UNK	UNK	UNK	data/maps/Route104/scripts.inc	Measured	NA	5
item	ITEM_SHUCA_BERRY	Shuca Berry	script_gift	Route104	UNK	NA	NA	NONE	10	0	BERRIES	RESIST_BERRY	UNK	UNK	UNK	data/maps/Route104/scripts.inc	Measured	NA	5
item	ITEM_BABIRI_BERRY	Babiri Berry	script_gift	Route104	UNK	NA	NA	NONE	10	0	BERRIES	RESIST_BERRY	UNK	UNK	UNK	data/maps/Route104/scripts.inc	Measured	NA	5
item	ITEM_KASIB_BERRY	Kasib Berry	script_gift	Route104	UNK	NA	NA	NONE	10	0	BERRIES	RESIST_BERRY	UNK	UNK	UNK	data/maps/Route104/scripts.inc	Measured	NA	5
item	ITEM_COBA_BERRY	Coba Berry	script_gift	Route104	UNK	NA	NA	NONE	10	0	BERRIES	RESIST_BERRY	UNK	UNK	UNK	data/maps/Route104/scripts.inc	Measured	NA	5
item	ITEM_KEBIA_BERRY	Kebia Berry	script_gift	Route104	UNK	NA	NA	NONE	10	0	BERRIES	RESIST_BERRY	UNK	UNK	UNK	data/maps/Route104/scripts.inc	Measured	NA	5
item	ITEM_OCCA_BERRY	Occa Berry	script_gift	Route104	UNK	NA	NA	NONE	10	0	BERRIES	RESIST_BERRY	UNK	UNK	UNK	data/maps/Route104/scripts.inc	Measured	NA	5
item	ITEM_PASSHO_BERRY	Passho Berry	script_gift	Route104	UNK	NA	NA	NONE	10	0	BERRIES	RESIST_BERRY	UNK	UNK	UNK	data/maps/Route104/scripts.inc	Measured	NA	5
item	ITEM_PAYAPA_BERRY	Payapa Berry	script_gift	Route104	UNK	NA	NA	NONE	10	0	BERRIES	RESIST_BERRY	UNK	UNK	UNK	data/maps/Route104/scripts.inc	Measured	NA	5
item	ITEM_RINDO_BERRY	Rindo Berry	script_gift	Route104	UNK	NA	NA	NONE	10	0	BERRIES	RESIST_BERRY	UNK	UNK	UNK	data/maps/Route104/scripts.inc	Measured	NA	5
item	ITEM_YACHE_BERRY	Yache Berry	script_gift	Route104	UNK	NA	NA	NONE	10	0	BERRIES	RESIST_BERRY	UNK	UNK	UNK	data/maps/Route104/scripts.inc	Measured	NA	5
item	ITEM_TANGA_BERRY	Tanga Berry	script_gift	Route104	UNK	NA	NA	NONE	10	0	BERRIES	RESIST_BERRY	UNK	UNK	UNK	data/maps/Route104/scripts.inc	Measured	NA	5
item	ITEM_HARBOR_MAIL	Harbor Mail	script_gift	Route104	UNK	NA	NA	NONE	1	50	ITEMS	NONE	UNK	UNK	UNK	data/maps/Route104/scripts.inc	Measured	NA	5
item	ITEM_WISE_GLASSES	Wise Glasses	script_gift	Route104	UNK	NA	NA	NONE	1	9	ITEMS	WISE_GLASSES	UNK	UNK	UNK	data/maps/Route104/scripts.inc	Measured	NA	5
item	ITEM_WAILMER_PAIL	Wailmer Pail	script_gift	Route104_PrettyPetalFlowerShop	UNK	NA	NA	NONE	1	0	KEY_ITEMS	NONE	UNK	UNK	UNK	data/maps/Route104_PrettyPetalFlowerShop/scripts.inc	Measured	NA	6
item	ITEM_SOFT_SAND	Soft Sand	script_gift	Route109	UNK	NA	NA	NONE	1	9	ITEMS	GROUND_POWER	UNK	UNK	UNK	data/maps/Route109/scripts.inc	Measured	NA	6
item	ITEM_HM_FLY	HM02	script_gift	Route110	UNK	NA	NA	NONE	1	0	TM_HM	NONE	5	UNK	UNK	data/maps/Route110/scripts.inc	Measured	Measured	4
item	ITEM_DOWSING_MACHINE	Dowsing MCHN	script_gift	Route110	UNK	NA	NA	NONE	1	0	KEY_ITEMS	NONE	5	UNK	UNK	data/maps/Route110/scripts.inc	Measured	Measured	4
item	ITEM_TM_FIRE_PUNCH	TM111	script_gift	Route110	UNK	NA	NA	NONE	1	100	TM_HM	NONE	5	UNK	UNK	data/maps/Route110/scripts.inc	Measured	Measured	4
item	ITEM_TM_ICE_PUNCH	TM112	script_gift	Route110	UNK	NA	NA	NONE	1	100	TM_HM	NONE	5	UNK	UNK	data/maps/Route110/scripts.inc	Measured	Measured	4
item	ITEM_TM_THUNDER_PUNCH	TM113	script_gift	Route110	UNK	NA	NA	NONE	1	100	TM_HM	NONE	5	UNK	UNK	data/maps/Route110/scripts.inc	Measured	Measured	4
item	ITEM_TM_FIRE_FANG	TM114	script_gift	Route110	UNK	NA	NA	NONE	1	100	TM_HM	NONE	5	UNK	UNK	data/maps/Route110/scripts.inc	Measured	Measured	4
item	ITEM_TM_ICE_FANG	TM115	script_gift	Route110	UNK	NA	NA	NONE	1	100	TM_HM	NONE	5	UNK	UNK	data/maps/Route110/scripts.inc	Measured	Measured	4
item	ITEM_TM_THUNDER_FANG	TM116	script_gift	Route110	UNK	NA	NA	NONE	1	100	TM_HM	NONE	5	UNK	UNK	data/maps/Route110/scripts.inc	Measured	Measured	4
item	ITEM_TM_PSYCHIC_FANGS	TM117	script_gift	Route110	UNK	NA	NA	NONE	1	100	TM_HM	NONE	5	UNK	UNK	data/maps/Route110/scripts.inc	Measured	Measured	4
item	ITEM_TM_POISON_FANG	TM118	script_gift	Route110	UNK	NA	NA	NONE	1	100	TM_HM	NONE	5	UNK	UNK	data/maps/Route110/scripts.inc	Measured	Measured	4
item	ITEM_GREAT_BALL	Great Ball	script_gift	Route110	UNK	NA	NA	NONE	99	600	POKE_BALLS	NONE	5	UNK	UNK	data/maps/Route110/scripts.inc	Measured	Measured	4
item	ITEM_ULTRA_BALL	Ultra Ball	script_gift	Route110	UNK	NA	NA	NONE	99	7	POKE_BALLS	NONE	5	UNK	UNK	data/maps/Route110/scripts.inc	Measured	Measured	4
item	ITEM_DIVE_BALL	Dive Ball	script_gift	Route110	UNK	NA	NA	NONE	99	100	POKE_BALLS	NONE	5	UNK	UNK	data/maps/Route110/scripts.inc	Measured	Measured	4
item	ITEM_DUSK_BALL	Dusk Ball	script_gift	Route110	UNK	NA	NA	NONE	99	100	POKE_BALLS	NONE	5	UNK	UNK	data/maps/Route110/scripts.inc	Measured	Measured	4
item	ITEM_SHINY_STONE	Shiny Stone	script_gift	Route110	UNK	NA	NA	NONE	10	500	ITEMS	NONE	5	UNK	UNK	data/maps/Route110/scripts.inc	Measured	Measured	4
item	ITEM_ICE_STONE	Ice Stone	script_gift	Route110	UNK	NA	NA	NONE	10	500	ITEMS	NONE	5	UNK	UNK	data/maps/Route110/scripts.inc	Measured	Measured	4
item	ITEM_BLACK_SLUDGE	Black Sludge	script_gift	Route110	UNK	NA	NA	NONE	10	9	ITEMS	BLACK_SLUDGE	5	UNK	UNK	data/maps/Route110/scripts.inc	Measured	Measured	4
item	ITEM_TOXIC_ORB	Toxic Orb	script_gift	Route110	UNK	NA	NA	NONE	10	9	ITEMS	TOXIC_ORB	5	UNK	UNK	data/maps/Route110/scripts.inc	Measured	Measured	4
item	ITEM_FLAME_ORB	Flame Orb	script_gift	Route110	UNK	NA	NA	NONE	10	9	ITEMS	FLAME_ORB	5	UNK	UNK	data/maps/Route110/scripts.inc	Measured	Measured	4
item	ITEM_SMOKE_BALL	Smoke Ball	script_gift	Route110	UNK	NA	NA	NONE	10	9	ITEMS	CAN_ALWAYS_RUN	5	UNK	UNK	data/maps/Route110/scripts.inc	Measured	Measured	4
item	ITEM_THICK_CLUB	Thick Club	script_gift	Route110	UNK	NA	NA	NONE	10	7	ITEMS	THICK_CLUB	5	UNK	UNK	data/maps/Route110/scripts.inc	Measured	Measured	4
item	ITEM_WEAKNESS_POLICY	WeaknssPolicy	script_gift	Route110	UNK	NA	NA	NONE	10	9	ITEMS	WEAKNESS_POLICY	5	UNK	UNK	data/maps/Route110/scripts.inc	Measured	Measured	4
item	ITEM_GRASSY_SEED	Grassy Seed	script_gift	Route110	UNK	NA	NA	NONE	10	9	ITEMS	SEEDS	5	UNK	UNK	data/maps/Route110/scripts.inc	Measured	Measured	4
item	ITEM_ELECTRIC_SEED	Electric Seed	script_gift	Route110	UNK	NA	NA	NONE	10	9	ITEMS	SEEDS	5	UNK	UNK	data/maps/Route110/scripts.inc	Measured	Measured	4
item	ITEM_PSYCHIC_SEED	Psychic Seed	script_gift	Route110	UNK	NA	NA	NONE	10	9	ITEMS	SEEDS	5	UNK	UNK	data/maps/Route110/scripts.inc	Measured	Measured	4
item	ITEM_MISTY_SEED	Misty Seed	script_gift	Route110	UNK	NA	NA	NONE	10	9	ITEMS	SEEDS	5	UNK	UNK	data/maps/Route110/scripts.inc	Measured	Measured	4
item	ITEM_TERRAIN_EXTENDER	TerainExtendr	script_gift	Route110	UNK	NA	NA	NONE	10	9	ITEMS	TERRAIN_EXTENDER	5	UNK	UNK	data/maps/Route110/scripts.inc	Measured	Measured	4
item	ITEM_SHED_SHELL	Shed Shell	script_gift	Route110	UNK	NA	NA	NONE	10	100	ITEMS	SHED_SHELL	5	UNK	UNK	data/maps/Route110/scripts.inc	Measured	Measured	4
item	ITEM_LIGHT_CLAY	Light Clay	script_gift	Route110	UNK	NA	NA	NONE	10	100	ITEMS	LIGHT_CLAY	5	UNK	UNK	data/maps/Route110/scripts.inc	Measured	Measured	4
item	ITEM_TM_GUNK_SHOT	TM152	script_gift	Route110_TrickHouseEnd	UNK	NA	NA	NONE	1	100	TM_HM	NONE	9	UNK	UNK	data/maps/Route110_TrickHouseEnd/scripts.inc	Measured	Measured	7
item	ITEM_GARBODORITE	Garbodorite	script_gift	Route110_TrickHouseEnd	UNK	NA	NA	NONE	1	0	MEGA_STONES	MEGA_STONE	9	UNK	UNK	data/maps/Route110_TrickHouseEnd/scripts.inc	Measured	Measured	7
item	ITEM_TOXTRICITITE	Toxtricitite	script_gift	Route110_TrickHouseEnd	UNK	NA	NA	NONE	1	0	MEGA_STONES	MEGA_STONE	9	UNK	UNK	data/maps/Route110_TrickHouseEnd/scripts.inc	Measured	Measured	7
item	ITEM_TM_SOLAR_BEAM	TM22	script_gift	Route110_TrickHouseEnd	UNK	NA	NA	NONE	1	100	TM_HM	NONE	9	UNK	UNK	data/maps/Route110_TrickHouseEnd/scripts.inc	Measured	Measured	7
item	ITEM_TM_SOLAR_BLADE	TM32	script_gift	Route110_TrickHouseEnd	UNK	NA	NA	NONE	1	100	TM_HM	NONE	9	UNK	UNK	data/maps/Route110_TrickHouseEnd/scripts.inc	Measured	Measured	7
item	ITEM_TM_GRASSY_GLIDE	TM54	script_gift	Route110_TrickHouseEnd	UNK	NA	NA	NONE	1	100	TM_HM	NONE	9	UNK	UNK	data/maps/Route110_TrickHouseEnd/scripts.inc	Measured	Measured	7
item	ITEM_TM_GRASS_KNOT	TM86	script_gift	Route110_TrickHouseEnd	UNK	NA	NA	NONE	1	100	TM_HM	NONE	9	UNK	UNK	data/maps/Route110_TrickHouseEnd/scripts.inc	Measured	Measured	7
item	ITEM_TM_POWER_WHIP	TM146	script_gift	Route110_TrickHouseEnd	UNK	NA	NA	NONE	1	100	TM_HM	NONE	9	UNK	UNK	data/maps/Route110_TrickHouseEnd/scripts.inc	Measured	Measured	7
item	ITEM_TM_BUG_BUZZ	TM148	script_gift	Route110_TrickHouseEnd	UNK	NA	NA	NONE	1	100	TM_HM	NONE	9	UNK	UNK	data/maps/Route110_TrickHouseEnd/scripts.inc	Measured	Measured	7
item	ITEM_TM_MEGAHORN	TM154	script_gift	Route110_TrickHouseEnd	UNK	NA	NA	NONE	1	100	TM_HM	NONE	9	UNK	UNK	data/maps/Route110_TrickHouseEnd/scripts.inc	Measured	Measured	7
item	ITEM_BUTTERFRITE	Butterfrite	script_gift	Route110_TrickHouseEnd	UNK	NA	NA	NONE	1	0	MEGA_STONES	MEGA_STONE	9	UNK	UNK	data/maps/Route110_TrickHouseEnd/scripts.inc	Measured	Measured	7
item	ITEM_SNORLAXITE	Snorlaxite	script_gift	Route110_TrickHouseEnd	UNK	NA	NA	NONE	1	0	MEGA_STONES	MEGA_STONE	9	UNK	UNK	data/maps/Route110_TrickHouseEnd/scripts.inc	Measured	Measured	7
item	ITEM_ROSERADITE	Roseradite	script_gift	Route110_TrickHouseEnd	UNK	NA	NA	NONE	1	0	MEGA_STONES	MEGA_STONE	9	UNK	UNK	data/maps/Route110_TrickHouseEnd/scripts.inc	Measured	Measured	7
item	ITEM_STEELIXITE	Steelixite	script_gift	Route110_TrickHouseEnd	UNK	NA	NA	NONE	1	0	MEGA_STONES	MEGA_STONE	9	UNK	UNK	data/maps/Route110_TrickHouseEnd/scripts.inc	Measured	Measured	7
item	ITEM_KINGLERITE	Kinglerite	script_gift	Route110_TrickHouseEnd	UNK	NA	NA	NONE	1	0	MEGA_STONES	MEGA_STONE	9	UNK	UNK	data/maps/Route110_TrickHouseEnd/scripts.inc	Measured	Measured	7
item	ITEM_BOOSTER_ENERGY	BoosterEnergy	script_gift	Route110_TrickHouseEnd	UNK	NA	NA	NONE	1	0	ITEMS	BOOSTER_ENERGY	9	UNK	UNK	data/maps/Route110_TrickHouseEnd/scripts.inc	Measured	Measured	7
item	ITEM_SMOKE_BALL	Smoke Ball	script_gift	Route110_TrickHouseEnd	UNK	NA	NA	NONE	1	9	ITEMS	CAN_ALWAYS_RUN	9	UNK	UNK	data/maps/Route110_TrickHouseEnd/scripts.inc	Measured	Measured	7
item	ITEM_TM_TAUNT	TM12	script_gift	Route110_TrickHouseEnd	UNK	NA	NA	NONE	1	100	TM_HM	NONE	9	UNK	UNK	data/maps/Route110_TrickHouseEnd/scripts.inc	Measured	Measured	7
item	ITEM_MAGNET	Magnet	script_gift	Route110_TrickHouseEnd	UNK	NA	NA	NONE	1	9	ITEMS	ELECTRIC_POWER	9	UNK	UNK	data/maps/Route110_TrickHouseEnd/scripts.inc	Measured	Measured	7
item	ITEM_PP_MAX	PP Max	script_gift	Route110_TrickHouseEnd	UNK	NA	NA	NONE	1	7	ITEMS	NONE	9	UNK	UNK	data/maps/Route110_TrickHouseEnd/scripts.inc	Measured	Measured	7
item	ITEM_TM_GUNK_SHOT	TM152	script_gift	Route110_TrickHouseEntrance	UNK	NA	NA	NONE	1	100	TM_HM	NONE	9	UNK	UNK	data/maps/Route110_TrickHouseEntrance/scripts.inc	Measured	Measured	5
item	ITEM_GARBODORITE	Garbodorite	script_gift	Route110_TrickHouseEntrance	UNK	NA	NA	NONE	1	0	MEGA_STONES	MEGA_STONE	9	UNK	UNK	data/maps/Route110_TrickHouseEntrance/scripts.inc	Measured	Measured	5
item	ITEM_TOXTRICITITE	Toxtricitite	script_gift	Route110_TrickHouseEntrance	UNK	NA	NA	NONE	1	0	MEGA_STONES	MEGA_STONE	9	UNK	UNK	data/maps/Route110_TrickHouseEntrance/scripts.inc	Measured	Measured	5
item	ITEM_TM_SOLAR_BEAM	TM22	script_gift	Route110_TrickHouseEntrance	UNK	NA	NA	NONE	1	100	TM_HM	NONE	9	UNK	UNK	data/maps/Route110_TrickHouseEntrance/scripts.inc	Measured	Measured	5
item	ITEM_TM_SOLAR_BLADE	TM32	script_gift	Route110_TrickHouseEntrance	UNK	NA	NA	NONE	1	100	TM_HM	NONE	9	UNK	UNK	data/maps/Route110_TrickHouseEntrance/scripts.inc	Measured	Measured	5
item	ITEM_TM_GRASSY_GLIDE	TM54	script_gift	Route110_TrickHouseEntrance	UNK	NA	NA	NONE	1	100	TM_HM	NONE	9	UNK	UNK	data/maps/Route110_TrickHouseEntrance/scripts.inc	Measured	Measured	5
item	ITEM_TM_GRASS_KNOT	TM86	script_gift	Route110_TrickHouseEntrance	UNK	NA	NA	NONE	1	100	TM_HM	NONE	9	UNK	UNK	data/maps/Route110_TrickHouseEntrance/scripts.inc	Measured	Measured	5
item	ITEM_TM_POWER_WHIP	TM146	script_gift	Route110_TrickHouseEntrance	UNK	NA	NA	NONE	1	100	TM_HM	NONE	9	UNK	UNK	data/maps/Route110_TrickHouseEntrance/scripts.inc	Measured	Measured	5
item	ITEM_TM_BUG_BUZZ	TM148	script_gift	Route110_TrickHouseEntrance	UNK	NA	NA	NONE	1	100	TM_HM	NONE	9	UNK	UNK	data/maps/Route110_TrickHouseEntrance/scripts.inc	Measured	Measured	5
item	ITEM_TM_MEGAHORN	TM154	script_gift	Route110_TrickHouseEntrance	UNK	NA	NA	NONE	1	100	TM_HM	NONE	9	UNK	UNK	data/maps/Route110_TrickHouseEntrance/scripts.inc	Measured	Measured	5
item	ITEM_BUTTERFRITE	Butterfrite	script_gift	Route110_TrickHouseEntrance	UNK	NA	NA	NONE	1	0	MEGA_STONES	MEGA_STONE	9	UNK	UNK	data/maps/Route110_TrickHouseEntrance/scripts.inc	Measured	Measured	5
item	ITEM_SNORLAXITE	Snorlaxite	script_gift	Route110_TrickHouseEntrance	UNK	NA	NA	NONE	1	0	MEGA_STONES	MEGA_STONE	9	UNK	UNK	data/maps/Route110_TrickHouseEntrance/scripts.inc	Measured	Measured	5
item	ITEM_ROSERADITE	Roseradite	script_gift	Route110_TrickHouseEntrance	UNK	NA	NA	NONE	1	0	MEGA_STONES	MEGA_STONE	9	UNK	UNK	data/maps/Route110_TrickHouseEntrance/scripts.inc	Measured	Measured	5
item	ITEM_STEELIXITE	Steelixite	script_gift	Route110_TrickHouseEntrance	UNK	NA	NA	NONE	1	0	MEGA_STONES	MEGA_STONE	9	UNK	UNK	data/maps/Route110_TrickHouseEntrance/scripts.inc	Measured	Measured	5
item	ITEM_KINGLERITE	Kinglerite	script_gift	Route110_TrickHouseEntrance	UNK	NA	NA	NONE	1	0	MEGA_STONES	MEGA_STONE	9	UNK	UNK	data/maps/Route110_TrickHouseEntrance/scripts.inc	Measured	Measured	5
item	ITEM_BOOSTER_ENERGY	BoosterEnergy	script_gift	Route110_TrickHouseEntrance	UNK	NA	NA	NONE	1	0	ITEMS	BOOSTER_ENERGY	9	UNK	UNK	data/maps/Route110_TrickHouseEntrance/scripts.inc	Measured	Measured	5
item	ITEM_SMOKE_BALL	Smoke Ball	script_gift	Route110_TrickHouseEntrance	UNK	NA	NA	NONE	1	9	ITEMS	CAN_ALWAYS_RUN	9	UNK	UNK	data/maps/Route110_TrickHouseEntrance/scripts.inc	Measured	Measured	5
item	ITEM_TM_TAUNT	TM12	script_gift	Route110_TrickHouseEntrance	UNK	NA	NA	NONE	1	100	TM_HM	NONE	9	UNK	UNK	data/maps/Route110_TrickHouseEntrance/scripts.inc	Measured	Measured	5
item	ITEM_MAGNET	Magnet	script_gift	Route110_TrickHouseEntrance	UNK	NA	NA	NONE	1	9	ITEMS	ELECTRIC_POWER	9	UNK	UNK	data/maps/Route110_TrickHouseEntrance/scripts.inc	Measured	Measured	5
item	ITEM_PP_MAX	PP Max	script_gift	Route110_TrickHouseEntrance	UNK	NA	NA	NONE	1	7	ITEMS	NONE	9	UNK	UNK	data/maps/Route110_TrickHouseEntrance/scripts.inc	Measured	Measured	5
item	ITEM_RAZZ_BERRY	Razz Berry	script_gift	Route111	UNK	NA	NA	NONE	1	0	BERRIES	NONE	UNK	UNK	UNK	data/maps/Route111/scripts.inc	Measured	NA	6
item	ITEM_TM_ROOST	TM51	script_gift	Route111	UNK	NA	NA	NONE	1	100	TM_HM	NONE	UNK	UNK	UNK	data/maps/Route111/scripts.inc	Measured	NA	6
item	ITEM_TM_SCALD	TM83	script_gift	Route111	UNK	NA	NA	NONE	1	100	TM_HM	NONE	UNK	UNK	UNK	data/maps/Route111/scripts.inc	Measured	NA	6
item	ITEM_TM_FLASH_CANNON	TM91	script_gift	Route111	UNK	NA	NA	NONE	1	100	TM_HM	NONE	UNK	UNK	UNK	data/maps/Route111/scripts.inc	Measured	NA	6
item	ITEM_ABILITY_PATCH	AbilityPatch	script_gift	Route111	UNK	NA	NA	NONE	999	100	ITEMS	NONE	UNK	UNK	UNK	data/maps/Route111/scripts.inc	Measured	NA	6
item	ITEM_PROTECTIVE_PADS	ProtectvePads	script_gift	Route111	UNK	NA	NA	NONE	1	9	ITEMS	PROTECTIVE_PADS	UNK	UNK	UNK	data/maps/Route111/scripts.inc	Measured	NA	6
item	ITEM_PUNCHING_GLOVE	PunchingGlove	script_gift	Route111	UNK	NA	NA	NONE	1	15000	ITEMS	PUNCHING_GLOVE	UNK	UNK	UNK	data/maps/Route111/scripts.inc	Measured	NA	6
item	ITEM_KICKING_SHOES	KickingShoes	script_gift	Route111	UNK	NA	NA	NONE	1	15000	ITEMS	KICKING_SHOES	UNK	UNK	UNK	data/maps/Route111/scripts.inc	Measured	NA	6
item	ITEM_LOADED_DICE	Loaded Dice	script_gift	Route111	UNK	NA	NA	NONE	1	20000	ITEMS	LOADED_DICE	UNK	UNK	UNK	data/maps/Route111/scripts.inc	Measured	NA	6
item	ITEM_MYSTIC_TICKET	Mystic Ticket	script_gift	Route111_WinstrateFamilysHouse	UNK	NA	NA	NONE	1	0	KEY_ITEMS	NONE	UNK	UNK	UNK	data/maps/Route111_WinstrateFamilysHouse/scripts.inc	Measured	NA	7
item	ITEM_AURORA_TICKET	Aurora Ticket	script_gift	Route111_WinstrateFamilysHouse	UNK	NA	NA	NONE	1	0	KEY_ITEMS	NONE	UNK	UNK	UNK	data/maps/Route111_WinstrateFamilysHouse/scripts.inc	Measured	NA	7
item	ITEM_EON_TICKET	Eon Ticket	script_gift	Route111_WinstrateFamilysHouse	UNK	NA	NA	NONE	1	0	KEY_ITEMS	NONE	UNK	UNK	UNK	data/maps/Route111_WinstrateFamilysHouse/scripts.inc	Measured	NA	7
item	ITEM_ALAKAZITE	Alakazite	script_gift	Route111_WinstrateFamilysHouse	UNK	NA	NA	NONE	1	0	MEGA_STONES	MEGA_STONE	UNK	UNK	UNK	data/maps/Route111_WinstrateFamilysHouse/scripts.inc	Measured	NA	7
item	ITEM_KANGASKHANITE	Kangaskhanite	script_gift	Route111_WinstrateFamilysHouse	UNK	NA	NA	NONE	1	0	MEGA_STONES	MEGA_STONE	UNK	UNK	UNK	data/maps/Route111_WinstrateFamilysHouse/scripts.inc	Measured	NA	7
item	ITEM_AUDINITE	Audinite	script_gift	Route111_WinstrateFamilysHouse	UNK	NA	NA	NONE	1	0	MEGA_STONES	MEGA_STONE	UNK	UNK	UNK	data/maps/Route111_WinstrateFamilysHouse/scripts.inc	Measured	NA	7
item	ITEM_GARDEVOIRITE	Gardevoirite	script_gift	Route111_WinstrateFamilysHouse	UNK	NA	NA	NONE	1	0	MEGA_STONES	MEGA_STONE	UNK	UNK	UNK	data/maps/Route111_WinstrateFamilysHouse/scripts.inc	Measured	NA	7
item	ITEM_ABSOLITE	Absolite	script_gift	Route111_WinstrateFamilysHouse	UNK	NA	NA	NONE	1	0	MEGA_STONES	MEGA_STONE	UNK	UNK	UNK	data/maps/Route111_WinstrateFamilysHouse/scripts.inc	Measured	NA	7
item	ITEM_SHARPEDONITE	Sharpedonite	script_gift	Route111_WinstrateFamilysHouse	UNK	NA	NA	NONE	1	0	MEGA_STONES	MEGA_STONE	UNK	UNK	UNK	data/maps/Route111_WinstrateFamilysHouse/scripts.inc	Measured	NA	7
item	ITEM_HERACRONITE	Heracronite	script_gift	Route111_WinstrateFamilysHouse	UNK	NA	NA	NONE	1	0	MEGA_STONES	MEGA_STONE	UNK	UNK	UNK	data/maps/Route111_WinstrateFamilysHouse/scripts.inc	Measured	NA	7
item	ITEM_LOPUNNITE	Lopunnite	script_gift	Route111_WinstrateFamilysHouse	UNK	NA	NA	NONE	1	0	MEGA_STONES	MEGA_STONE	UNK	UNK	UNK	data/maps/Route111_WinstrateFamilysHouse/scripts.inc	Measured	NA	7
item	ITEM_PIDGEOTITE	Pidgeotite	script_gift	Route111_WinstrateFamilysHouse	UNK	NA	NA	NONE	1	0	MEGA_STONES	MEGA_STONE	UNK	UNK	UNK	data/maps/Route111_WinstrateFamilysHouse/scripts.inc	Measured	NA	7
item	ITEM_BEEDRILLITE	Beedrillite	script_gift	Route111_WinstrateFamilysHouse	UNK	NA	NA	NONE	1	0	MEGA_STONES	MEGA_STONE	UNK	UNK	UNK	data/maps/Route111_WinstrateFamilysHouse/scripts.inc	Measured	NA	7
item	ITEM_GLALITITE	Glalitite	script_gift	Route111_WinstrateFamilysHouse	UNK	NA	NA	NONE	1	0	MEGA_STONES	MEGA_STONE	UNK	UNK	UNK	data/maps/Route111_WinstrateFamilysHouse/scripts.inc	Measured	NA	7
item	ITEM_ABOMASITE	Abomasite	script_gift	Route111_WinstrateFamilysHouse	UNK	NA	NA	NONE	1	0	MEGA_STONES	MEGA_STONE	UNK	UNK	UNK	data/maps/Route111_WinstrateFamilysHouse/scripts.inc	Measured	NA	7
item	ITEM_MEDICHAMITE	Medichamite	script_gift	Route111_WinstrateFamilysHouse	UNK	NA	NA	NONE	1	0	MEGA_STONES	MEGA_STONE	UNK	UNK	UNK	data/maps/Route111_WinstrateFamilysHouse/scripts.inc	Measured	NA	7
item	ITEM_AGGRONITE	Aggronite	script_gift	Route111_WinstrateFamilysHouse	UNK	NA	NA	NONE	1	0	MEGA_STONES	MEGA_STONE	UNK	UNK	UNK	data/maps/Route111_WinstrateFamilysHouse/scripts.inc	Measured	NA	7
item	ITEM_CAMERUPTITE	Cameruptite	script_gift	Route111_WinstrateFamilysHouse	UNK	NA	NA	NONE	1	0	MEGA_STONES	MEGA_STONE	UNK	UNK	UNK	data/maps/Route111_WinstrateFamilysHouse/scripts.inc	Measured	NA	7
item	ITEM_MAWILITE	Mawilite	script_gift	Route111_WinstrateFamilysHouse	UNK	NA	NA	NONE	1	0	MEGA_STONES	MEGA_STONE	UNK	UNK	UNK	data/maps/Route111_WinstrateFamilysHouse/scripts.inc	Measured	NA	7
item	ITEM_HOUNDOOMINITE	Houndoominite	script_gift	Route111_WinstrateFamilysHouse	UNK	NA	NA	NONE	1	0	MEGA_STONES	MEGA_STONE	UNK	UNK	UNK	data/maps/Route111_WinstrateFamilysHouse/scripts.inc	Measured	NA	7
item	ITEM_PINSIRITE	Pinsirite	script_gift	Route111_WinstrateFamilysHouse	UNK	NA	NA	NONE	1	0	MEGA_STONES	MEGA_STONE	UNK	UNK	UNK	data/maps/Route111_WinstrateFamilysHouse/scripts.inc	Measured	NA	7
item	ITEM_COALOSSITE	Coalossite	script_gift	Route111_WinstrateFamilysHouse	UNK	NA	NA	NONE	1	0	MEGA_STONES	MEGA_STONE	UNK	UNK	UNK	data/maps/Route111_WinstrateFamilysHouse/scripts.inc	Measured	NA	7
item	ITEM_SLOWBRONITE	Slowbronite	script_gift	Route111_WinstrateFamilysHouse	UNK	NA	NA	NONE	1	0	MEGA_STONES	MEGA_STONE	UNK	UNK	UNK	data/maps/Route111_WinstrateFamilysHouse/scripts.inc	Measured	NA	7
item	ITEM_ORBEETLITE	Orbeetlite	script_gift	Route111_WinstrateFamilysHouse	UNK	NA	NA	NONE	1	0	MEGA_STONES	MEGA_STONE	UNK	UNK	UNK	data/maps/Route111_WinstrateFamilysHouse/scripts.inc	Measured	NA	7
item	ITEM_SCIZORITE	Scizorite	script_gift	Route111_WinstrateFamilysHouse	UNK	NA	NA	NONE	1	0	MEGA_STONES	MEGA_STONE	UNK	UNK	UNK	data/maps/Route111_WinstrateFamilysHouse/scripts.inc	Measured	NA	7
item	ITEM_AERODACTYLITE	Aerodactylite	script_gift	Route111_WinstrateFamilysHouse	UNK	NA	NA	NONE	1	0	MEGA_STONES	MEGA_STONE	UNK	UNK	UNK	data/maps/Route111_WinstrateFamilysHouse/scripts.inc	Measured	NA	7
item	ITEM_GALLADITE	Galladite	script_gift	Route111_WinstrateFamilysHouse	UNK	NA	NA	NONE	1	0	MEGA_STONES	MEGA_STONE	UNK	UNK	UNK	data/maps/Route111_WinstrateFamilysHouse/scripts.inc	Measured	NA	7
item	ITEM_CENTISKITE	Centiskite	script_gift	Route111_WinstrateFamilysHouse	UNK	NA	NA	NONE	1	0	MEGA_STONES	MEGA_STONE	UNK	UNK	UNK	data/maps/Route111_WinstrateFamilysHouse/scripts.inc	Measured	NA	7
item	ITEM_SANDACONDITE	Sandacondite	script_gift	Route111_WinstrateFamilysHouse	UNK	NA	NA	NONE	1	0	MEGA_STONES	MEGA_STONE	UNK	UNK	UNK	data/maps/Route111_WinstrateFamilysHouse/scripts.inc	Measured	NA	7
item	ITEM_APPLITE	Applite	script_gift	Route111_WinstrateFamilysHouse	UNK	NA	NA	NONE	1	0	MEGA_STONES	MEGA_STONE	UNK	UNK	UNK	data/maps/Route111_WinstrateFamilysHouse/scripts.inc	Measured	NA	7
item	ITEM_SCOPE_LENS	Scope Lens	script_gift	Route113_GlassWorkshop	UNK	NA	NA	NONE	1	9	ITEMS	SCOPE_LENS	UNK	UNK	UNK	data/maps/Route113_GlassWorkshop/scripts.inc	Measured	NA	8
item	ITEM_TM_ROAR	TM05	script_gift	Route114	UNK	NA	NA	NONE	1	100	TM_HM	NONE	UNK	UNK	UNK	data/maps/Route114/scripts.inc	Measured	NA	8
item	ITEM_TM_DIG	TM28	script_gift	Route114_FossilManiacsHouse	UNK	NA	NA	NONE	1	100	TM_HM	NONE	UNK	UNK	UNK	data/maps/Route114_FossilManiacsHouse/scripts.inc	Measured	NA	9
item	ITEM_REPEAT_BALL	Repeat Ball	script_gift	Route116	UNK	NA	NA	NONE	1	100	POKE_BALLS	NONE	UNK	UNK	UNK	data/maps/Route116/scripts.inc	Measured	NA	7
item	ITEM_TM_ICY_WIND	TM21	script_gift	Route116	UNK	NA	NA	NONE	1	100	TM_HM	NONE	UNK	UNK	UNK	data/maps/Route116/scripts.inc	Measured	NA	7
item	ITEM_MUSCLE_BAND	Muscle Band	script_gift	Route116	UNK	NA	NA	NONE	1	9	ITEMS	MUSCLE_BAND	UNK	UNK	UNK	data/maps/Route116/scripts.inc	Measured	NA	7
item	ITEM_TM_HIDDEN_POWER	TM10	script_gift	Route117	UNK	NA	NA	NONE	1	100	TM_HM	NONE	UNK	UNK	UNK	data/maps/Route117/scripts.inc	Measured	NA	6
item	ITEM_TM_PSYCHIC	TM29	script_gift	Route117	UNK	NA	NA	NONE	1	100	TM_HM	NONE	UNK	UNK	UNK	data/maps/Route117/scripts.inc	Measured	NA	6
item	ITEM_TM_SHADOW_BALL	TM30	script_gift	Route117	UNK	NA	NA	NONE	1	100	TM_HM	NONE	UNK	UNK	UNK	data/maps/Route117/scripts.inc	Measured	NA	6
item	ITEM_TM_BRICK_BREAK	TM31	script_gift	Route117	UNK	NA	NA	NONE	1	100	TM_HM	NONE	UNK	UNK	UNK	data/maps/Route117/scripts.inc	Measured	NA	6
item	ITEM_BANETTITE	Banettite	script_gift	Route117	UNK	NA	NA	NONE	1	0	MEGA_STONES	MEGA_STONE	UNK	UNK	UNK	data/maps/Route117/scripts.inc	Measured	NA	6
item	ITEM_SABLENITE	Sablenite	script_gift	Route117	UNK	NA	NA	NONE	1	0	MEGA_STONES	MEGA_STONE	UNK	UNK	UNK	data/maps/Route117/scripts.inc	Measured	NA	6
item	ITEM_GENGARITE	Gengarite	script_gift	Route117	UNK	NA	NA	NONE	1	0	MEGA_STONES	MEGA_STONE	UNK	UNK	UNK	data/maps/Route117/scripts.inc	Measured	NA	6
item	ITEM_DUSKNOIRITE	Dusknoirite	script_gift	Route117	UNK	NA	NA	NONE	1	0	MEGA_STONES	MEGA_STONE	UNK	UNK	UNK	data/maps/Route117/scripts.inc	Measured	NA	6
item	ITEM_METRONOME	Metronome	script_gift	Route117	UNK	NA	NA	NONE	1	9	ITEMS	METRONOME	UNK	UNK	UNK	data/maps/Route117/scripts.inc	Measured	NA	6
item	ITEM_LEFTOVERS	Leftovers	script_gift	Route117	UNK	NA	NA	NONE	1	9	ITEMS	LEFTOVERS	UNK	UNK	UNK	data/maps/Route117/scripts.inc	Measured	NA	6
item	ITEM_LAPRASITE	Laprasite	script_gift	Route118	UNK	NA	NA	NONE	1	0	MEGA_STONES	MEGA_STONE	UNK	UNK	UNK	data/maps/Route118/scripts.inc	Measured	NA	6
item	ITEM_DREDNAWITE	Drednawite	script_gift	Route118	UNK	NA	NA	NONE	1	0	MEGA_STONES	MEGA_STONE	UNK	UNK	UNK	data/maps/Route118/scripts.inc	Measured	NA	6
item	ITEM_GYARADOSITE	Gyaradosite	script_gift	Route118	UNK	NA	NA	NONE	1	0	MEGA_STONES	MEGA_STONE	UNK	UNK	UNK	data/maps/Route118/scripts.inc	Measured	NA	6
item	ITEM_FOCUS_SASH	Focus Sash	script_gift	Route118	UNK	NA	NA	NONE	1	9	ITEMS	FOCUS_SASH	UNK	UNK	UNK	data/maps/Route118/scripts.inc	Measured	NA	6
item	ITEM_LIFE_ORB	Life Orb	script_gift	Route119	UNK	NA	NA	NONE	1	9	ITEMS	LIFE_ORB	11	UNK	UNK	data/maps/Route119/scripts.inc	Measured	Measured	7
item	ITEM_HEAVY_DUTY_BOOTS	Heavy-DtyBts	script_gift	Route119	UNK	NA	NA	NONE	1	9	ITEMS	HEAVY_DUTY_BOOTS	11	UNK	UNK	data/maps/Route119/scripts.inc	Measured	Measured	7
item	ITEM_LEFTOVERS	Leftovers	script_gift	Route119	UNK	NA	NA	NONE	1	9	ITEMS	LEFTOVERS	11	UNK	UNK	data/maps/Route119/scripts.inc	Measured	Measured	7
item	ITEM_PP_MAX	PP Max	script_gift	Route119	UNK	NA	NA	NONE	999	7	ITEMS	NONE	11	UNK	UNK	data/maps/Route119/scripts.inc	Measured	Measured	7
item	ITEM_DEVON_SCOPE	Devon Scope	script_gift	Route120	UNK	NA	NA	NONE	1	0	KEY_ITEMS	NONE	UNK	UNK	UNK	data/maps/Route120/scripts.inc	Measured	NA	9
item	ITEM_TM_STEALTH_ROCK	TM76	script_gift	Route121	UNK	NA	NA	NONE	1	100	TM_HM	NONE	UNK	UNK	UNK	data/maps/Route121/scripts.inc	Measured	NA	9
item	ITEM_TM_HIGH_HORSEPOWER	TM147	script_gift	Route121	UNK	NA	NA	NONE	1	100	TM_HM	NONE	UNK	UNK	UNK	data/maps/Route121/scripts.inc	Measured	NA	9
item	ITEM_COPPERAJITE	Copperajite	script_gift	Route121	UNK	NA	NA	NONE	1	0	MEGA_STONES	MEGA_STONE	UNK	UNK	UNK	data/maps/Route121/scripts.inc	Measured	NA	9
item	ITEM_ROCKY_HELMET	Rocky Helmet	script_gift	Route121	UNK	NA	NA	NONE	1	9	ITEMS	ROCKY_HELMET	UNK	UNK	UNK	data/maps/Route121/scripts.inc	Measured	NA	9
item	ITEM_LEFTOVERS	Leftovers	script_gift	Route121	UNK	NA	NA	NONE	1	9	ITEMS	LEFTOVERS	UNK	UNK	UNK	data/maps/Route121/scripts.inc	Measured	NA	9
item	ITEM_SPELON_BERRY	Spelon Berry	script_gift	Route123_BerryMastersHouse	UNK	NA	NA	NONE	1	0	BERRIES	NONE	UNK	UNK	UNK	data/maps/Route123_BerryMastersHouse/scripts.inc	Measured	NA	8
item	ITEM_PAMTRE_BERRY	Pamtre Berry	script_gift	Route123_BerryMastersHouse	UNK	NA	NA	NONE	1	0	BERRIES	NONE	UNK	UNK	UNK	data/maps/Route123_BerryMastersHouse/scripts.inc	Measured	NA	8
item	ITEM_WATMEL_BERRY	Watmel Berry	script_gift	Route123_BerryMastersHouse	UNK	NA	NA	NONE	1	0	BERRIES	NONE	UNK	UNK	UNK	data/maps/Route123_BerryMastersHouse/scripts.inc	Measured	NA	8
item	ITEM_DURIN_BERRY	Durin Berry	script_gift	Route123_BerryMastersHouse	UNK	NA	NA	NONE	1	0	BERRIES	NONE	UNK	UNK	UNK	data/maps/Route123_BerryMastersHouse/scripts.inc	Measured	NA	8
item	ITEM_BELUE_BERRY	Belue Berry	script_gift	Route123_BerryMastersHouse	UNK	NA	NA	NONE	1	0	BERRIES	NONE	UNK	UNK	UNK	data/maps/Route123_BerryMastersHouse/scripts.inc	Measured	NA	8
item	ITEM_ROTOM_CATALOG	RotomCatalog	script_gift	Route124_DivingTreasureHuntersHouse	UNK	NA	NA	NONE	1	0	KEY_ITEMS	NONE	UNK	UNK	UNK	data/maps/Route124_DivingTreasureHuntersHouse/scripts.inc	Measured	NA	10
item	ITEM_REVEAL_GLASS	Reveal Glass	script_gift	Route124_DivingTreasureHuntersHouse	UNK	NA	NA	NONE	1	0	KEY_ITEMS	NONE	UNK	UNK	UNK	data/maps/Route124_DivingTreasureHuntersHouse/scripts.inc	Measured	NA	10
item	ITEM_GRACIDEA	Gracidea	script_gift	Route124_DivingTreasureHuntersHouse	UNK	NA	NA	NONE	1	0	KEY_ITEMS	NONE	UNK	UNK	UNK	data/maps/Route124_DivingTreasureHuntersHouse/scripts.inc	Measured	NA	10
item	ITEM_PRISON_BOTTLE	Prison Bottle	script_gift	Route124_DivingTreasureHuntersHouse	UNK	NA	NA	NONE	1	0	KEY_ITEMS	NONE	UNK	UNK	UNK	data/maps/Route124_DivingTreasureHuntersHouse/scripts.inc	Measured	NA	10
item	ITEM_TM_STONE_EDGE	TM71	script_gift	Route125	UNK	NA	NA	NONE	1	100	TM_HM	NONE	UNK	UNK	UNK	data/maps/Route125/scripts.inc	Measured	NA	9
item	ITEM_TM_HEAVY_SLAM	TM172	script_gift	Route125	UNK	NA	NA	NONE	1	100	TM_HM	NONE	UNK	UNK	UNK	data/maps/Route125/scripts.inc	Measured	NA	9
mart_stock	ITEM_POMEG_BERRY	Pomeg Berry	purchase	RustboroCity	UNK	NA	NA	NONE	UNLIMITED	0	BERRIES	NONE	2	UNK	UNK	data/maps/RustboroCity/scripts.inc	Measured	Measured	6
mart_stock	ITEM_NONE	????????	purchase	RustboroCity	UNK	NA	NA	NONE	UNLIMITED	0	ITEMS	NONE	2	UNK	UNK	data/maps/RustboroCity/scripts.inc	Measured	Measured	6
item	ITEM_GREAT_BALL	Great Ball	script_gift	RustboroCity	UNK	NA	NA	NONE	1	600	POKE_BALLS	NONE	2	UNK	UNK	data/maps/RustboroCity/scripts.inc	Measured	Measured	6
item	ITEM_HM_CUT	HM01	script_gift	RustboroCity_CuttersHouse	UNK	NA	NA	NONE	1	0	TM_HM	NONE	1	UNK	UNK	data/maps/RustboroCity_CuttersHouse/scripts.inc	Measured	Inferred	7
item	ITEM_DNA_SPLICERS	DNA Splicers	script_gift	RustboroCity_DevonCorp_2F	UNK	NA	NA	NONE	1	0	KEY_ITEMS	NONE	1	UNK	UNK	data/maps/RustboroCity_DevonCorp_2F/scripts.inc	Measured	Inferred	8
item	ITEM_REINS_OF_UNITY	ReinsOfUnity	script_gift	RustboroCity_DevonCorp_2F	UNK	NA	NA	NONE	1	0	KEY_ITEMS	NONE	1	UNK	UNK	data/maps/RustboroCity_DevonCorp_2F/scripts.inc	Measured	Inferred	8
item	ITEM_N_SOLARIZER	N-Solarizer	script_gift	RustboroCity_DevonCorp_2F	UNK	NA	NA	NONE	1	0	KEY_ITEMS	NONE	1	UNK	UNK	data/maps/RustboroCity_DevonCorp_2F/scripts.inc	Measured	Inferred	8
item	ITEM_N_LUNARIZER	N-Lunarizer	script_gift	RustboroCity_DevonCorp_2F	UNK	NA	NA	NONE	1	0	KEY_ITEMS	NONE	1	UNK	UNK	data/maps/RustboroCity_DevonCorp_2F/scripts.inc	Measured	Inferred	8
item	ITEM_LETTER	Letter	script_gift	RustboroCity_DevonCorp_3F	UNK	NA	NA	NONE	1	0	KEY_ITEMS	NONE	1	UNK	UNK	data/maps/RustboroCity_DevonCorp_3F/scripts.inc	Measured	Inferred	9
item	ITEM_WATER_STONE	Water Stone	script_gift	RustboroCity_DevonCorp_3F	UNK	NA	NA	NONE	10	500	ITEMS	NONE	1	UNK	UNK	data/maps/RustboroCity_DevonCorp_3F/scripts.inc	Measured	Inferred	9
item	ITEM_FIRE_STONE	Fire Stone	script_gift	RustboroCity_DevonCorp_3F	UNK	NA	NA	NONE	10	500	ITEMS	NONE	1	UNK	UNK	data/maps/RustboroCity_DevonCorp_3F/scripts.inc	Measured	Inferred	9
item	ITEM_THUNDER_STONE	Thunder Stone	script_gift	RustboroCity_DevonCorp_3F	UNK	NA	NA	NONE	10	500	ITEMS	NONE	1	UNK	UNK	data/maps/RustboroCity_DevonCorp_3F/scripts.inc	Measured	Inferred	9
item	ITEM_SUN_STONE	Sun Stone	script_gift	RustboroCity_DevonCorp_3F	UNK	NA	NA	NONE	10	500	ITEMS	NONE	1	UNK	UNK	data/maps/RustboroCity_DevonCorp_3F/scripts.inc	Measured	Inferred	9
item	ITEM_PREMIER_BALL	Premier Ball	script_gift	RustboroCity_Flat2_2F	UNK	NA	NA	NONE	1	7	POKE_BALLS	NONE	1	UNK	UNK	data/maps/RustboroCity_Flat2_2F/scripts.inc	Measured	Inferred	8
item	ITEM_TM_BULLDOZE	TM96	script_gift	RustboroCity_Gym	UNK	NA	NA	NONE	1	100	TM_HM	NONE	1	UNK	UNK	data/maps/RustboroCity_Gym/scripts.inc	Measured	Measured	7
mart_stock	ITEM_POKE_BALL	Poké Ball	purchase	RustboroCity_Mart	UNK	NA	NA	NONE	UNLIMITED	200	POKE_BALLS	NONE	1	UNK	UNK	data/maps/RustboroCity_Mart/scripts.inc	Measured	Inferred	7
mart_stock	ITEM_POTION	Potion	purchase	RustboroCity_Mart	UNK	NA	NA	NONE	UNLIMITED	7	ITEMS	NONE	1	UNK	UNK	data/maps/RustboroCity_Mart/scripts.inc	Measured	Inferred	7
mart_stock	ITEM_SUPER_POTION	Super Potion	purchase	RustboroCity_Mart	UNK	NA	NA	NONE	UNLIMITED	700	ITEMS	NONE	1	UNK	UNK	data/maps/RustboroCity_Mart/scripts.inc	Measured	Inferred	7
mart_stock	ITEM_ANTIDOTE	Antidote	purchase	RustboroCity_Mart	UNK	NA	NA	NONE	UNLIMITED	7	ITEMS	NONE	1	UNK	UNK	data/maps/RustboroCity_Mart/scripts.inc	Measured	Inferred	7
mart_stock	ITEM_FULL_HEAL	Full Heal	purchase	RustboroCity_Mart	UNK	NA	NA	NONE	UNLIMITED	100	ITEMS	NONE	1	UNK	UNK	data/maps/RustboroCity_Mart/scripts.inc	Measured	Inferred	7
mart_stock	ITEM_MAX_ELIXIR	Max Elixir	purchase	RustboroCity_Mart	UNK	NA	NA	NONE	UNLIMITED	100	ITEMS	NONE	1	UNK	UNK	data/maps/RustboroCity_Mart/scripts.inc	Measured	Inferred	7
mart_stock	ITEM_REPEL	Repel	purchase	RustboroCity_Mart	UNK	NA	NA	NONE	UNLIMITED	7	ITEMS	NONE	1	UNK	UNK	data/maps/RustboroCity_Mart/scripts.inc	Measured	Inferred	7
mart_stock	ITEM_X_SPEED	X Speed	purchase	RustboroCity_Mart	UNK	NA	NA	NONE	UNLIMITED	7	ITEMS	NONE	1	UNK	UNK	data/maps/RustboroCity_Mart/scripts.inc	Measured	Inferred	7
mart_stock	ITEM_X_ATTACK	X Attack	purchase	RustboroCity_Mart	UNK	NA	NA	NONE	UNLIMITED	7	ITEMS	NONE	1	UNK	UNK	data/maps/RustboroCity_Mart/scripts.inc	Measured	Inferred	7
mart_stock	ITEM_X_DEFENSE	X Defense	purchase	RustboroCity_Mart	UNK	NA	NA	NONE	UNLIMITED	7	ITEMS	NONE	1	UNK	UNK	data/maps/RustboroCity_Mart/scripts.inc	Measured	Inferred	7
mart_stock	ITEM_NONE	????????	purchase	RustboroCity_Mart	UNK	NA	NA	NONE	UNLIMITED	0	ITEMS	NONE	1	UNK	UNK	data/maps/RustboroCity_Mart/scripts.inc	Measured	Inferred	7
mart_stock	ITEM_POKE_BALL	Poké Ball	purchase	RustboroCity_Mart	UNK	NA	NA	NONE	UNLIMITED	200	POKE_BALLS	NONE	1	UNK	UNK	data/maps/RustboroCity_Mart/scripts.inc	Measured	Inferred	7
mart_stock	ITEM_TIMER_BALL	Timer Ball	purchase	RustboroCity_Mart	UNK	NA	NA	NONE	UNLIMITED	100	POKE_BALLS	NONE	1	UNK	UNK	data/maps/RustboroCity_Mart/scripts.inc	Measured	Inferred	7
mart_stock	ITEM_REPEAT_BALL	Repeat Ball	purchase	RustboroCity_Mart	UNK	NA	NA	NONE	UNLIMITED	100	POKE_BALLS	NONE	1	UNK	UNK	data/maps/RustboroCity_Mart/scripts.inc	Measured	Inferred	7
mart_stock	ITEM_POTION	Potion	purchase	RustboroCity_Mart	UNK	NA	NA	NONE	UNLIMITED	7	ITEMS	NONE	1	UNK	UNK	data/maps/RustboroCity_Mart/scripts.inc	Measured	Inferred	7
mart_stock	ITEM_SUPER_POTION	Super Potion	purchase	RustboroCity_Mart	UNK	NA	NA	NONE	UNLIMITED	700	ITEMS	NONE	1	UNK	UNK	data/maps/RustboroCity_Mart/scripts.inc	Measured	Inferred	7
mart_stock	ITEM_FULL_HEAL	Full Heal	purchase	RustboroCity_Mart	UNK	NA	NA	NONE	UNLIMITED	100	ITEMS	NONE	1	UNK	UNK	data/maps/RustboroCity_Mart/scripts.inc	Measured	Inferred	7
mart_stock	ITEM_MAX_ELIXIR	Max Elixir	purchase	RustboroCity_Mart	UNK	NA	NA	NONE	UNLIMITED	100	ITEMS	NONE	1	UNK	UNK	data/maps/RustboroCity_Mart/scripts.inc	Measured	Inferred	7
mart_stock	ITEM_ESCAPE_ROPE	Escape Rope	purchase	RustboroCity_Mart	UNK	NA	NA	NONE	UNLIMITED	0	KEY_ITEMS	NONE	1	UNK	UNK	data/maps/RustboroCity_Mart/scripts.inc	Measured	Inferred	7
mart_stock	ITEM_REPEL	Repel	purchase	RustboroCity_Mart	UNK	NA	NA	NONE	UNLIMITED	7	ITEMS	NONE	1	UNK	UNK	data/maps/RustboroCity_Mart/scripts.inc	Measured	Inferred	7
mart_stock	ITEM_X_SPEED	X Speed	purchase	RustboroCity_Mart	UNK	NA	NA	NONE	UNLIMITED	7	ITEMS	NONE	1	UNK	UNK	data/maps/RustboroCity_Mart/scripts.inc	Measured	Inferred	7
mart_stock	ITEM_X_ATTACK	X Attack	purchase	RustboroCity_Mart	UNK	NA	NA	NONE	UNLIMITED	7	ITEMS	NONE	1	UNK	UNK	data/maps/RustboroCity_Mart/scripts.inc	Measured	Inferred	7
mart_stock	ITEM_X_DEFENSE	X Defense	purchase	RustboroCity_Mart	UNK	NA	NA	NONE	UNLIMITED	7	ITEMS	NONE	1	UNK	UNK	data/maps/RustboroCity_Mart/scripts.inc	Measured	Inferred	7
mart_stock	ITEM_NONE	????????	purchase	RustboroCity_Mart	UNK	NA	NA	NONE	UNLIMITED	0	ITEMS	NONE	1	UNK	UNK	data/maps/RustboroCity_Mart/scripts.inc	Measured	Inferred	7
item	ITEM_QUICK_CLAW	Quick Claw	script_gift	RustboroCity_PokemonSchool	UNK	NA	NA	NONE	1	9	ITEMS	QUICK_CLAW	1	UNK	UNK	data/maps/RustboroCity_PokemonSchool/scripts.inc	Measured	Inferred	7
item	ITEM_HM_STRENGTH	HM04	script_gift	RusturfTunnel	UNK	NA	NA	NONE	1	0	TM_HM	NONE	UNK	UNK	UNK	data/maps/RusturfTunnel/scripts.inc	Measured	NA	8
item	ITEM_DEVON_PARTS	Devon Parts	script_gift	RusturfTunnel	UNK	NA	NA	NONE	1	0	KEY_ITEMS	NONE	UNK	UNK	UNK	data/maps/RusturfTunnel/scripts.inc	Measured	NA	8
item	ITEM_TM_LEECH_LIFE	TM49	script_gift	SSTidalRooms	UNK	NA	NA	NONE	1	100	TM_HM	NONE	UNK	UNK	UNK	data/maps/SSTidalRooms/scripts.inc	Measured	NA	UNK
item	ITEM_SHELL_BELL	Shell Bell	script_gift	ShoalCave_LowTideEntranceRoom	UNK	NA	NA	NONE	1	9	ITEMS	SHELL_BELL	UNK	UNK	UNK	data/maps/ShoalCave_LowTideEntranceRoom/scripts.inc	Measured	NA	10
item	ITEM_SHOAL_SHELL	Shoal Shell	script_gift	ShoalCave_LowTideInnerRoom	UNK	NA	NA	NONE	1	20	ITEMS	NONE	UNK	UNK	UNK	data/maps/ShoalCave_LowTideInnerRoom/scripts.inc	Measured	NA	11
item	ITEM_SHOAL_SHELL	Shoal Shell	script_gift	ShoalCave_LowTideInnerRoom	UNK	NA	NA	NONE	1	20	ITEMS	NONE	UNK	UNK	UNK	data/maps/ShoalCave_LowTideInnerRoom/scripts.inc	Measured	NA	11
item	ITEM_SHOAL_SHELL	Shoal Shell	script_gift	ShoalCave_LowTideInnerRoom	UNK	NA	NA	NONE	1	20	ITEMS	NONE	UNK	UNK	UNK	data/maps/ShoalCave_LowTideInnerRoom/scripts.inc	Measured	NA	11
item	ITEM_SHOAL_SHELL	Shoal Shell	script_gift	ShoalCave_LowTideInnerRoom	UNK	NA	NA	NONE	1	20	ITEMS	NONE	UNK	UNK	UNK	data/maps/ShoalCave_LowTideInnerRoom/scripts.inc	Measured	NA	11
item	ITEM_SHOAL_SALT	Shoal Salt	script_gift	ShoalCave_LowTideInnerRoom	UNK	NA	NA	NONE	1	20	ITEMS	NONE	UNK	UNK	UNK	data/maps/ShoalCave_LowTideInnerRoom/scripts.inc	Measured	NA	11
item	ITEM_SHOAL_SALT	Shoal Salt	script_gift	ShoalCave_LowTideInnerRoom	UNK	NA	NA	NONE	1	20	ITEMS	NONE	UNK	UNK	UNK	data/maps/ShoalCave_LowTideInnerRoom/scripts.inc	Measured	NA	11
item	ITEM_SHOAL_SALT	Shoal Salt	script_gift	ShoalCave_LowTideLowerRoom	UNK	NA	NA	NONE	1	20	ITEMS	NONE	UNK	UNK	UNK	data/maps/ShoalCave_LowTideLowerRoom/scripts.inc	Measured	NA	12
item	ITEM_SHOAL_SALT	Shoal Salt	script_gift	ShoalCave_LowTideStairsRoom	UNK	NA	NA	NONE	1	20	ITEMS	NONE	UNK	UNK	UNK	data/maps/ShoalCave_LowTideStairsRoom/scripts.inc	Measured	NA	12
mart_stock	ITEM_ABILITY_CAPSULE	AbilityCapsle	purchase	SlateportCity	UNK	NA	NA	NONE	UNLIMITED	100	ITEMS	NONE	4	UNK	UNK	data/maps/SlateportCity/scripts.inc	Measured	Inferred	5
mart_stock	ITEM_NONE	????????	purchase	SlateportCity	UNK	NA	NA	NONE	UNLIMITED	0	ITEMS	NONE	4	UNK	UNK	data/maps/SlateportCity/scripts.inc	Measured	Inferred	5
mart_stock	ITEM_ABILITY_CAPSULE	AbilityCapsle	purchase	SlateportCity	UNK	NA	NA	NONE	UNLIMITED	100	ITEMS	NONE	4	UNK	UNK	data/maps/SlateportCity/scripts.inc	Measured	Inferred	5
mart_stock	ITEM_ABILITY_PATCH	AbilityPatch	purchase	SlateportCity	UNK	NA	NA	NONE	UNLIMITED	100	ITEMS	NONE	4	UNK	UNK	data/maps/SlateportCity/scripts.inc	Measured	Inferred	5
mart_stock	ITEM_NONE	????????	purchase	SlateportCity	UNK	NA	NA	NONE	UNLIMITED	0	ITEMS	NONE	4	UNK	UNK	data/maps/SlateportCity/scripts.inc	Measured	Inferred	5
mart_stock	ITEM_BLUE_SHARD	Blue Shard	purchase	SlateportCity	UNK	NA	NA	NONE	UNLIMITED	100	ITEMS	NONE	4	UNK	UNK	data/maps/SlateportCity/scripts.inc	Measured	Inferred	5
mart_stock	ITEM_RED_SHARD	Red Shard	purchase	SlateportCity	UNK	NA	NA	NONE	UNLIMITED	100	ITEMS	NONE	4	UNK	UNK	data/maps/SlateportCity/scripts.inc	Measured	Inferred	5
mart_stock	ITEM_GREEN_SHARD	Green Shard	purchase	SlateportCity	UNK	NA	NA	NONE	UNLIMITED	100	ITEMS	NONE	4	UNK	UNK	data/maps/SlateportCity/scripts.inc	Measured	Inferred	5
mart_stock	ITEM_YELLOW_SHARD	Yellow Shard	purchase	SlateportCity	UNK	NA	NA	NONE	UNLIMITED	100	ITEMS	NONE	4	UNK	UNK	data/maps/SlateportCity/scripts.inc	Measured	Inferred	5
mart_stock	ITEM_NONE	????????	purchase	SlateportCity	UNK	NA	NA	NONE	UNLIMITED	0	ITEMS	NONE	4	UNK	UNK	data/maps/SlateportCity/scripts.inc	Measured	Inferred	5
mart_stock	ITEM_CHOPLE_BERRY	Chople Berry	purchase	SlateportCity	UNK	NA	NA	NONE	UNLIMITED	0	BERRIES	RESIST_BERRY	4	UNK	UNK	data/maps/SlateportCity/scripts.inc	Measured	Inferred	5
mart_stock	ITEM_COLBUR_BERRY	Colbur Berry	purchase	SlateportCity	UNK	NA	NA	NONE	UNLIMITED	0	BERRIES	RESIST_BERRY	4	UNK	UNK	data/maps/SlateportCity/scripts.inc	Measured	Inferred	5
mart_stock	ITEM_WACAN_BERRY	Wacan Berry	purchase	SlateportCity	UNK	NA	NA	NONE	UNLIMITED	0	BERRIES	RESIST_BERRY	4	UNK	UNK	data/maps/SlateportCity/scripts.inc	Measured	Inferred	5
mart_stock	ITEM_CHARTI_BERRY	Charti Berry	purchase	SlateportCity	UNK	NA	NA	NONE	UNLIMITED	0	BERRIES	RESIST_BERRY	4	UNK	UNK	data/maps/SlateportCity/scripts.inc	Measured	Inferred	5
mart_stock	ITEM_CHILAN_BERRY	Chilan Berry	purchase	SlateportCity	UNK	NA	NA	NONE	UNLIMITED	0	BERRIES	RESIST_BERRY	4	UNK	UNK	data/maps/SlateportCity/scripts.inc	Measured	Inferred	5
mart_stock	ITEM_HABAN_BERRY	Haban Berry	purchase	SlateportCity	UNK	NA	NA	NONE	UNLIMITED	0	BERRIES	RESIST_BERRY	4	UNK	UNK	data/maps/SlateportCity/scripts.inc	Measured	Inferred	5
mart_stock	ITEM_ROSELI_BERRY	Roseli Berry	purchase	SlateportCity	UNK	NA	NA	NONE	UNLIMITED	0	BERRIES	RESIST_BERRY	4	UNK	UNK	data/maps/SlateportCity/scripts.inc	Measured	Inferred	5
mart_stock	ITEM_SHUCA_BERRY	Shuca Berry	purchase	SlateportCity	UNK	NA	NA	NONE	UNLIMITED	0	BERRIES	RESIST_BERRY	4	UNK	UNK	data/maps/SlateportCity/scripts.inc	Measured	Inferred	5
mart_stock	ITEM_BABIRI_BERRY	Babiri Berry	purchase	SlateportCity	UNK	NA	NA	NONE	UNLIMITED	0	BERRIES	RESIST_BERRY	4	UNK	UNK	data/maps/SlateportCity/scripts.inc	Measured	Inferred	5
mart_stock	ITEM_KASIB_BERRY	Kasib Berry	purchase	SlateportCity	UNK	NA	NA	NONE	UNLIMITED	0	BERRIES	RESIST_BERRY	4	UNK	UNK	data/maps/SlateportCity/scripts.inc	Measured	Inferred	5
mart_stock	ITEM_COBA_BERRY	Coba Berry	purchase	SlateportCity	UNK	NA	NA	NONE	UNLIMITED	0	BERRIES	RESIST_BERRY	4	UNK	UNK	data/maps/SlateportCity/scripts.inc	Measured	Inferred	5
mart_stock	ITEM_KEBIA_BERRY	Kebia Berry	purchase	SlateportCity	UNK	NA	NA	NONE	UNLIMITED	0	BERRIES	RESIST_BERRY	4	UNK	UNK	data/maps/SlateportCity/scripts.inc	Measured	Inferred	5
mart_stock	ITEM_OCCA_BERRY	Occa Berry	purchase	SlateportCity	UNK	NA	NA	NONE	UNLIMITED	0	BERRIES	RESIST_BERRY	4	UNK	UNK	data/maps/SlateportCity/scripts.inc	Measured	Inferred	5
mart_stock	ITEM_PASSHO_BERRY	Passho Berry	purchase	SlateportCity	UNK	NA	NA	NONE	UNLIMITED	0	BERRIES	RESIST_BERRY	4	UNK	UNK	data/maps/SlateportCity/scripts.inc	Measured	Inferred	5
mart_stock	ITEM_PAYAPA_BERRY	Payapa Berry	purchase	SlateportCity	UNK	NA	NA	NONE	UNLIMITED	0	BERRIES	RESIST_BERRY	4	UNK	UNK	data/maps/SlateportCity/scripts.inc	Measured	Inferred	5
mart_stock	ITEM_RINDO_BERRY	Rindo Berry	purchase	SlateportCity	UNK	NA	NA	NONE	UNLIMITED	0	BERRIES	RESIST_BERRY	4	UNK	UNK	data/maps/SlateportCity/scripts.inc	Measured	Inferred	5
mart_stock	ITEM_YACHE_BERRY	Yache Berry	purchase	SlateportCity	UNK	NA	NA	NONE	UNLIMITED	0	BERRIES	RESIST_BERRY	4	UNK	UNK	data/maps/SlateportCity/scripts.inc	Measured	Inferred	5
mart_stock	ITEM_TANGA_BERRY	Tanga Berry	purchase	SlateportCity	UNK	NA	NA	NONE	UNLIMITED	0	BERRIES	RESIST_BERRY	4	UNK	UNK	data/maps/SlateportCity/scripts.inc	Measured	Inferred	5
mart_stock	ITEM_NONE	????????	purchase	SlateportCity	UNK	NA	NA	NONE	UNLIMITED	0	ITEMS	NONE	4	UNK	UNK	data/maps/SlateportCity/scripts.inc	Measured	Inferred	5
item	ITEM_POWDER_JAR	Powder Jar	script_gift	SlateportCity	UNK	NA	NA	NONE	1	0	KEY_ITEMS	NONE	4	UNK	UNK	data/maps/SlateportCity/scripts.inc	Measured	Inferred	5
item	ITEM_TM_THIEF	TM46	script_gift	SlateportCity_BattleTentLobby	UNK	NA	NA	NONE	1	100	TM_HM	NONE	4	UNK	UNK	data/maps/SlateportCity_BattleTentLobby/scripts.inc	Measured	Inferred	6
item	ITEM_DEEP_SEA_TOOTH	DeepSeaTooth	script_gift	SlateportCity_Harbor	UNK	NA	NA	NONE	1	7	ITEMS	DEEP_SEA_TOOTH	4	UNK	UNK	data/maps/SlateportCity_Harbor/scripts.inc	Measured	Inferred	6
item	ITEM_DEEP_SEA_SCALE	DeepSeaScale	script_gift	SlateportCity_Harbor	UNK	NA	NA	NONE	1	7	ITEMS	DEEP_SEA_SCALE	4	UNK	UNK	data/maps/SlateportCity_Harbor/scripts.inc	Measured	Inferred	6
mart_stock	ITEM_POKE_BALL	Poké Ball	purchase	SlateportCity_Mart	UNK	NA	NA	NONE	UNLIMITED	200	POKE_BALLS	NONE	4	UNK	UNK	data/maps/SlateportCity_Mart/scripts.inc	Measured	Inferred	6
mart_stock	ITEM_GREAT_BALL	Great Ball	purchase	SlateportCity_Mart	UNK	NA	NA	NONE	UNLIMITED	600	POKE_BALLS	NONE	4	UNK	UNK	data/maps/SlateportCity_Mart/scripts.inc	Measured	Inferred	6
mart_stock	ITEM_QUICK_BALL	Quick Ball	purchase	SlateportCity_Mart	UNK	NA	NA	NONE	UNLIMITED	100	POKE_BALLS	NONE	4	UNK	UNK	data/maps/SlateportCity_Mart/scripts.inc	Measured	Inferred	6
mart_stock	ITEM_POTION	Potion	purchase	SlateportCity_Mart	UNK	NA	NA	NONE	UNLIMITED	7	ITEMS	NONE	4	UNK	UNK	data/maps/SlateportCity_Mart/scripts.inc	Measured	Inferred	6
mart_stock	ITEM_SUPER_POTION	Super Potion	purchase	SlateportCity_Mart	UNK	NA	NA	NONE	UNLIMITED	700	ITEMS	NONE	4	UNK	UNK	data/maps/SlateportCity_Mart/scripts.inc	Measured	Inferred	6
mart_stock	ITEM_ANTIDOTE	Antidote	purchase	SlateportCity_Mart	UNK	NA	NA	NONE	UNLIMITED	7	ITEMS	NONE	4	UNK	UNK	data/maps/SlateportCity_Mart/scripts.inc	Measured	Inferred	6
mart_stock	ITEM_PARALYZE_HEAL	Paralyze Heal	purchase	SlateportCity_Mart	UNK	NA	NA	NONE	UNLIMITED	7	ITEMS	NONE	4	UNK	UNK	data/maps/SlateportCity_Mart/scripts.inc	Measured	Inferred	6
mart_stock	ITEM_ESCAPE_ROPE	Escape Rope	purchase	SlateportCity_Mart	UNK	NA	NA	NONE	UNLIMITED	0	KEY_ITEMS	NONE	4	UNK	UNK	data/maps/SlateportCity_Mart/scripts.inc	Measured	Inferred	6
mart_stock	ITEM_REPEL	Repel	purchase	SlateportCity_Mart	UNK	NA	NA	NONE	UNLIMITED	7	ITEMS	NONE	4	UNK	UNK	data/maps/SlateportCity_Mart/scripts.inc	Measured	Inferred	6
mart_stock	ITEM_HARBOR_MAIL	Harbor Mail	purchase	SlateportCity_Mart	UNK	NA	NA	NONE	UNLIMITED	50	ITEMS	NONE	4	UNK	UNK	data/maps/SlateportCity_Mart/scripts.inc	Measured	Inferred	6
mart_stock	ITEM_NONE	????????	purchase	SlateportCity_Mart	UNK	NA	NA	NONE	UNLIMITED	0	ITEMS	NONE	4	UNK	UNK	data/maps/SlateportCity_Mart/scripts.inc	Measured	Inferred	6
item	ITEM_TM_FLIP_TURN	TM03	script_gift	SlateportCity_OceanicMuseum_1F	UNK	NA	NA	NONE	1	100	TM_HM	NONE	4	UNK	UNK	data/maps/SlateportCity_OceanicMuseum_1F/scripts.inc	Measured	Inferred	6
item	ITEM_RED_SCARF	Red Scarf	script_gift	SlateportCity_PokemonFanClub	UNK	NA	NA	NONE	1	100	ITEMS	NONE	4	UNK	UNK	data/maps/SlateportCity_PokemonFanClub/scripts.inc	Measured	Inferred	6
item	ITEM_BLUE_SCARF	Blue Scarf	script_gift	SlateportCity_PokemonFanClub	UNK	NA	NA	NONE	1	100	ITEMS	NONE	4	UNK	UNK	data/maps/SlateportCity_PokemonFanClub/scripts.inc	Measured	Inferred	6
item	ITEM_PINK_SCARF	Pink Scarf	script_gift	SlateportCity_PokemonFanClub	UNK	NA	NA	NONE	1	100	ITEMS	NONE	4	UNK	UNK	data/maps/SlateportCity_PokemonFanClub/scripts.inc	Measured	Inferred	6
item	ITEM_GREEN_SCARF	Green Scarf	script_gift	SlateportCity_PokemonFanClub	UNK	NA	NA	NONE	1	100	ITEMS	NONE	4	UNK	UNK	data/maps/SlateportCity_PokemonFanClub/scripts.inc	Measured	Inferred	6
item	ITEM_YELLOW_SCARF	Yellow Scarf	script_gift	SlateportCity_PokemonFanClub	UNK	NA	NA	NONE	1	100	ITEMS	NONE	4	UNK	UNK	data/maps/SlateportCity_PokemonFanClub/scripts.inc	Measured	Inferred	6
item	ITEM_SOOTHE_BELL	Soothe Bell	script_gift	SlateportCity_PokemonFanClub	UNK	NA	NA	NONE	1	9	ITEMS	FRIENDSHIP_UP	4	UNK	UNK	data/maps/SlateportCity_PokemonFanClub/scripts.inc	Measured	Inferred	6
item	ITEM_FIGY_BERRY	Figy Berry	script_gift	SootopolisCity	UNK	NA	NA	NONE	1	0	BERRIES	CONFUSE_SPICY	17	UNK	UNK	data/maps/SootopolisCity/scripts.inc	Measured	Inferred	8
item	ITEM_IAPAPA_BERRY	Iapapa Berry	script_gift	SootopolisCity	UNK	NA	NA	NONE	1	0	BERRIES	CONFUSE_SOUR	17	UNK	UNK	data/maps/SootopolisCity/scripts.inc	Measured	Inferred	8
item	ITEM_HM_WATERFALL	HM07	script_gift	SootopolisCity	UNK	NA	NA	NONE	1	0	TM_HM	NONE	17	UNK	UNK	data/maps/SootopolisCity/scripts.inc	Measured	Inferred	8
item	ITEM_GRIMMITE	Grimmite	script_gift	SootopolisCity_Gym_1F	UNK	NA	NA	NONE	1	0	MEGA_STONES	MEGA_STONE	17	UNK	UNK	data/maps/SootopolisCity_Gym_1F/scripts.inc	Measured	Measured	9
item	ITEM_TM_MOONBLAST	TM157	script_gift	SootopolisCity_Gym_1F	UNK	NA	NA	NONE	1	100	TM_HM	NONE	17	UNK	UNK	data/maps/SootopolisCity_Gym_1F/scripts.inc	Measured	Measured	9
item	ITEM_TM_MISTY_EXPLOSION	TM174	script_gift	SootopolisCity_Gym_1F	UNK	NA	NA	NONE	1	100	TM_HM	NONE	17	UNK	UNK	data/maps/SootopolisCity_Gym_1F/scripts.inc	Measured	Measured	9
item	ITEM_GRIMMITE	Grimmite	script_gift	SootopolisCity_Gym_1F	UNK	NA	NA	NONE	1	0	MEGA_STONES	MEGA_STONE	17	UNK	UNK	data/maps/SootopolisCity_Gym_1F/scripts.inc	Measured	Measured	9
item	ITEM_TM_MOONBLAST	TM157	script_gift	SootopolisCity_Gym_1F	UNK	NA	NA	NONE	1	100	TM_HM	NONE	17	UNK	UNK	data/maps/SootopolisCity_Gym_1F/scripts.inc	Measured	Measured	9
item	ITEM_TM_MISTY_EXPLOSION	TM174	script_gift	SootopolisCity_Gym_1F	UNK	NA	NA	NONE	1	100	TM_HM	NONE	17	UNK	UNK	data/maps/SootopolisCity_Gym_1F/scripts.inc	Measured	Measured	9
item	ITEM_DRACO_PLATE	Draco Plate	script_gift	SootopolisCity_House2	UNK	NA	NA	NONE	1	1000	ITEMS	PLATE	17	UNK	UNK	data/maps/SootopolisCity_House2/scripts.inc	Measured	Inferred	9
item	ITEM_ADAMANT_ORB	Adamant Orb	script_gift	SootopolisCity_House4	UNK	NA	NA	NONE	1	7	ITEMS	PRIMAL_ORB	17	UNK	UNK	data/maps/SootopolisCity_House4/scripts.inc	Measured	Inferred	9
item	ITEM_ADAMANT_CRYSTAL	AdamantCrystl	script_gift	SootopolisCity_House4	UNK	NA	NA	NONE	1	0	ITEMS	NONE	17	UNK	UNK	data/maps/SootopolisCity_House4/scripts.inc	Measured	Inferred	9
item	ITEM_LUSTROUS_ORB	Lustrous Orb	script_gift	SootopolisCity_House4	UNK	NA	NA	NONE	1	7	ITEMS	PRIMAL_ORB	17	UNK	UNK	data/maps/SootopolisCity_House4/scripts.inc	Measured	Inferred	9
item	ITEM_LUSTROUS_GLOBE	LustrousGlobe	script_gift	SootopolisCity_House4	UNK	NA	NA	NONE	1	0	ITEMS	NONE	17	UNK	UNK	data/maps/SootopolisCity_House4/scripts.inc	Measured	Inferred	9
item	ITEM_GRISEOUS_ORB	Griseous Orb	script_gift	SootopolisCity_House4	UNK	NA	NA	NONE	1	7	ITEMS	GRISEOUS_ORB	17	UNK	UNK	data/maps/SootopolisCity_House4/scripts.inc	Measured	Inferred	9
item	ITEM_RUSTED_SWORD	RustedSword	script_gift	SootopolisCity_LotadAndSeedotHouse	UNK	NA	NA	NONE	1	0	ITEMS	NONE	17	UNK	UNK	data/maps/SootopolisCity_LotadAndSeedotHouse/scripts.inc	Measured	Inferred	9
item	ITEM_RUSTED_SHIELD	RustedShield	script_gift	SootopolisCity_LotadAndSeedotHouse	UNK	NA	NA	NONE	1	0	ITEMS	NONE	17	UNK	UNK	data/maps/SootopolisCity_LotadAndSeedotHouse/scripts.inc	Measured	Inferred	9
mart_stock	ITEM_ULTRA_BALL	Ultra Ball	purchase	SootopolisCity_Mart	UNK	NA	NA	NONE	UNLIMITED	7	POKE_BALLS	NONE	17	UNK	UNK	data/maps/SootopolisCity_Mart/scripts.inc	Measured	Inferred	9
mart_stock	ITEM_HYPER_POTION	Hyper Potion	purchase	SootopolisCity_Mart	UNK	NA	NA	NONE	UNLIMITED	2	ITEMS	NONE	17	UNK	UNK	data/maps/SootopolisCity_Mart/scripts.inc	Measured	Inferred	9
mart_stock	ITEM_MAX_POTION	Max Potion	purchase	SootopolisCity_Mart	UNK	NA	NA	NONE	UNLIMITED	2500	ITEMS	NONE	17	UNK	UNK	data/maps/SootopolisCity_Mart/scripts.inc	Measured	Inferred	9
mart_stock	ITEM_FULL_HEAL	Full Heal	purchase	SootopolisCity_Mart	UNK	NA	NA	NONE	UNLIMITED	100	ITEMS	NONE	17	UNK	UNK	data/maps/SootopolisCity_Mart/scripts.inc	Measured	Inferred	9
mart_stock	ITEM_REVIVE	Revive	purchase	SootopolisCity_Mart	UNK	NA	NA	NONE	UNLIMITED	7	ITEMS	NONE	17	UNK	UNK	data/maps/SootopolisCity_Mart/scripts.inc	Measured	Inferred	9
mart_stock	ITEM_MAX_REPEL	Max Repel	purchase	SootopolisCity_Mart	UNK	NA	NA	NONE	UNLIMITED	7	ITEMS	NONE	17	UNK	UNK	data/maps/SootopolisCity_Mart/scripts.inc	Measured	Inferred	9
mart_stock	ITEM_X_ATTACK	X Attack	purchase	SootopolisCity_Mart	UNK	NA	NA	NONE	UNLIMITED	7	ITEMS	NONE	17	UNK	UNK	data/maps/SootopolisCity_Mart/scripts.inc	Measured	Inferred	9
mart_stock	ITEM_X_DEFENSE	X Defense	purchase	SootopolisCity_Mart	UNK	NA	NA	NONE	UNLIMITED	7	ITEMS	NONE	17	UNK	UNK	data/maps/SootopolisCity_Mart/scripts.inc	Measured	Inferred	9
mart_stock	ITEM_SHADOW_MAIL	Shadow Mail	purchase	SootopolisCity_Mart	UNK	NA	NA	NONE	UNLIMITED	50	ITEMS	NONE	17	UNK	UNK	data/maps/SootopolisCity_Mart/scripts.inc	Measured	Inferred	9
mart_stock	ITEM_NONE	????????	purchase	SootopolisCity_Mart	UNK	NA	NA	NONE	UNLIMITED	0	ITEMS	NONE	17	UNK	UNK	data/maps/SootopolisCity_Mart/scripts.inc	Measured	Inferred	9
mart_stock	ITEM_SUPER_POTION	Super Potion	purchase	TrainerHill_Entrance	UNK	NA	NA	NONE	UNLIMITED	700	ITEMS	NONE	UNK	UNK	UNK	data/maps/TrainerHill_Entrance/scripts.inc	Measured	NA	7
mart_stock	ITEM_ANTIDOTE	Antidote	purchase	TrainerHill_Entrance	UNK	NA	NA	NONE	UNLIMITED	7	ITEMS	NONE	UNK	UNK	UNK	data/maps/TrainerHill_Entrance/scripts.inc	Measured	NA	7
mart_stock	ITEM_PARALYZE_HEAL	Paralyze Heal	purchase	TrainerHill_Entrance	UNK	NA	NA	NONE	UNLIMITED	7	ITEMS	NONE	UNK	UNK	UNK	data/maps/TrainerHill_Entrance/scripts.inc	Measured	NA	7
mart_stock	ITEM_AWAKENING	Awakening	purchase	TrainerHill_Entrance	UNK	NA	NA	NONE	UNLIMITED	2	ITEMS	NONE	UNK	UNK	UNK	data/maps/TrainerHill_Entrance/scripts.inc	Measured	NA	7
mart_stock	ITEM_X_SPEED	X Speed	purchase	TrainerHill_Entrance	UNK	NA	NA	NONE	UNLIMITED	7	ITEMS	NONE	UNK	UNK	UNK	data/maps/TrainerHill_Entrance/scripts.inc	Measured	NA	7
mart_stock	ITEM_X_SP_ATK	X Sp. Atk	purchase	TrainerHill_Entrance	UNK	NA	NA	NONE	UNLIMITED	7	ITEMS	NONE	UNK	UNK	UNK	data/maps/TrainerHill_Entrance/scripts.inc	Measured	NA	7
mart_stock	ITEM_X_ATTACK	X Attack	purchase	TrainerHill_Entrance	UNK	NA	NA	NONE	UNLIMITED	7	ITEMS	NONE	UNK	UNK	UNK	data/maps/TrainerHill_Entrance/scripts.inc	Measured	NA	7
mart_stock	ITEM_X_DEFENSE	X Defense	purchase	TrainerHill_Entrance	UNK	NA	NA	NONE	UNLIMITED	7	ITEMS	NONE	UNK	UNK	UNK	data/maps/TrainerHill_Entrance/scripts.inc	Measured	NA	7
mart_stock	ITEM_DIRE_HIT	Dire Hit	purchase	TrainerHill_Entrance	UNK	NA	NA	NONE	UNLIMITED	7	ITEMS	NONE	UNK	UNK	UNK	data/maps/TrainerHill_Entrance/scripts.inc	Measured	NA	7
mart_stock	ITEM_GUARD_SPEC	Guard Spec.	purchase	TrainerHill_Entrance	UNK	NA	NA	NONE	UNLIMITED	7	ITEMS	NONE	UNK	UNK	UNK	data/maps/TrainerHill_Entrance/scripts.inc	Measured	NA	7
mart_stock	ITEM_X_ACCURACY	X Accuracy	purchase	TrainerHill_Entrance	UNK	NA	NA	NONE	UNLIMITED	7	ITEMS	NONE	UNK	UNK	UNK	data/maps/TrainerHill_Entrance/scripts.inc	Measured	NA	7
mart_stock	ITEM_NONE	????????	purchase	TrainerHill_Entrance	UNK	NA	NA	NONE	UNLIMITED	0	ITEMS	NONE	UNK	UNK	UNK	data/maps/TrainerHill_Entrance/scripts.inc	Measured	NA	7
mart_stock	ITEM_HYPER_POTION	Hyper Potion	purchase	TrainerHill_Entrance	UNK	NA	NA	NONE	UNLIMITED	2	ITEMS	NONE	UNK	UNK	UNK	data/maps/TrainerHill_Entrance/scripts.inc	Measured	NA	7
mart_stock	ITEM_MAX_POTION	Max Potion	purchase	TrainerHill_Entrance	UNK	NA	NA	NONE	UNLIMITED	2500	ITEMS	NONE	UNK	UNK	UNK	data/maps/TrainerHill_Entrance/scripts.inc	Measured	NA	7
mart_stock	ITEM_FULL_RESTORE	Full Restore	purchase	TrainerHill_Entrance	UNK	NA	NA	NONE	UNLIMITED	3000	ITEMS	NONE	UNK	UNK	UNK	data/maps/TrainerHill_Entrance/scripts.inc	Measured	NA	7
mart_stock	ITEM_FULL_HEAL	Full Heal	purchase	TrainerHill_Entrance	UNK	NA	NA	NONE	UNLIMITED	100	ITEMS	NONE	UNK	UNK	UNK	data/maps/TrainerHill_Entrance/scripts.inc	Measured	NA	7
mart_stock	ITEM_REVIVE	Revive	purchase	TrainerHill_Entrance	UNK	NA	NA	NONE	UNLIMITED	7	ITEMS	NONE	UNK	UNK	UNK	data/maps/TrainerHill_Entrance/scripts.inc	Measured	NA	7
mart_stock	ITEM_X_SPEED	X Speed	purchase	TrainerHill_Entrance	UNK	NA	NA	NONE	UNLIMITED	7	ITEMS	NONE	UNK	UNK	UNK	data/maps/TrainerHill_Entrance/scripts.inc	Measured	NA	7
mart_stock	ITEM_X_SP_ATK	X Sp. Atk	purchase	TrainerHill_Entrance	UNK	NA	NA	NONE	UNLIMITED	7	ITEMS	NONE	UNK	UNK	UNK	data/maps/TrainerHill_Entrance/scripts.inc	Measured	NA	7
mart_stock	ITEM_X_ATTACK	X Attack	purchase	TrainerHill_Entrance	UNK	NA	NA	NONE	UNLIMITED	7	ITEMS	NONE	UNK	UNK	UNK	data/maps/TrainerHill_Entrance/scripts.inc	Measured	NA	7
mart_stock	ITEM_X_DEFENSE	X Defense	purchase	TrainerHill_Entrance	UNK	NA	NA	NONE	UNLIMITED	7	ITEMS	NONE	UNK	UNK	UNK	data/maps/TrainerHill_Entrance/scripts.inc	Measured	NA	7
mart_stock	ITEM_DIRE_HIT	Dire Hit	purchase	TrainerHill_Entrance	UNK	NA	NA	NONE	UNLIMITED	7	ITEMS	NONE	UNK	UNK	UNK	data/maps/TrainerHill_Entrance/scripts.inc	Measured	NA	7
mart_stock	ITEM_GUARD_SPEC	Guard Spec.	purchase	TrainerHill_Entrance	UNK	NA	NA	NONE	UNLIMITED	7	ITEMS	NONE	UNK	UNK	UNK	data/maps/TrainerHill_Entrance/scripts.inc	Measured	NA	7
mart_stock	ITEM_X_ACCURACY	X Accuracy	purchase	TrainerHill_Entrance	UNK	NA	NA	NONE	UNLIMITED	7	ITEMS	NONE	UNK	UNK	UNK	data/maps/TrainerHill_Entrance/scripts.inc	Measured	NA	7
mart_stock	ITEM_NONE	????????	purchase	TrainerHill_Entrance	UNK	NA	NA	NONE	UNLIMITED	0	ITEMS	NONE	UNK	UNK	UNK	data/maps/TrainerHill_Entrance/scripts.inc	Measured	NA	7
item	ITEM_TM_DRAINING_KISS	TM45	script_gift	VerdanturfTown_BattleTentLobby	UNK	NA	NA	NONE	1	100	TM_HM	NONE	UNK	UNK	UNK	data/maps/VerdanturfTown_BattleTentLobby/scripts.inc	Measured	NA	8
item	ITEM_TM_CALM_MIND	TM04	script_gift	VerdanturfTown_House	UNK	NA	NA	NONE	1	100	TM_HM	NONE	UNK	UNK	UNK	data/maps/VerdanturfTown_House/scripts.inc	Measured	NA	8
item	ITEM_TM_BULK_UP	TM08	script_gift	VerdanturfTown_House	UNK	NA	NA	NONE	1	100	TM_HM	NONE	UNK	UNK	UNK	data/maps/VerdanturfTown_House/scripts.inc	Measured	NA	8
item	ITEM_TM_POWER_UP_PUNCH	TM56	script_gift	VerdanturfTown_House	UNK	NA	NA	NONE	1	100	TM_HM	NONE	UNK	UNK	UNK	data/maps/VerdanturfTown_House/scripts.inc	Measured	NA	8
item	ITEM_TM_CHARGE_BEAM	TM57	script_gift	VerdanturfTown_House	UNK	NA	NA	NONE	1	100	TM_HM	NONE	UNK	UNK	UNK	data/maps/VerdanturfTown_House/scripts.inc	Measured	NA	8
item	ITEM_TM_ROCK_POLISH	TM69	script_gift	VerdanturfTown_House	UNK	NA	NA	NONE	1	100	TM_HM	NONE	UNK	UNK	UNK	data/maps/VerdanturfTown_House/scripts.inc	Measured	NA	8
item	ITEM_TM_FLAME_CHARGE	TM77	script_gift	VerdanturfTown_House	UNK	NA	NA	NONE	1	100	TM_HM	NONE	UNK	UNK	UNK	data/maps/VerdanturfTown_House/scripts.inc	Measured	NA	8
item	ITEM_TM_TRAILBLAZE	TM94	script_gift	VerdanturfTown_House	UNK	NA	NA	NONE	1	100	TM_HM	NONE	UNK	UNK	UNK	data/maps/VerdanturfTown_House/scripts.inc	Measured	NA	8
item	ITEM_TM_WORK_UP	TM98	script_gift	VerdanturfTown_House	UNK	NA	NA	NONE	1	100	TM_HM	NONE	UNK	UNK	UNK	data/maps/VerdanturfTown_House/scripts.inc	Measured	NA	8
mart_stock	ITEM_FIRE_STONE	Fire Stone	purchase	VerdanturfTown_Mart	UNK	NA	NA	NONE	UNLIMITED	500	ITEMS	NONE	UNK	UNK	UNK	data/maps/VerdanturfTown_Mart/scripts.inc	Measured	NA	8
mart_stock	ITEM_THUNDER_STONE	Thunder Stone	purchase	VerdanturfTown_Mart	UNK	NA	NA	NONE	UNLIMITED	500	ITEMS	NONE	UNK	UNK	UNK	data/maps/VerdanturfTown_Mart/scripts.inc	Measured	NA	8
mart_stock	ITEM_LEAF_STONE	Leaf Stone	purchase	VerdanturfTown_Mart	UNK	NA	NA	NONE	UNLIMITED	500	ITEMS	NONE	UNK	UNK	UNK	data/maps/VerdanturfTown_Mart/scripts.inc	Measured	NA	8
mart_stock	ITEM_WATER_STONE	Water Stone	purchase	VerdanturfTown_Mart	UNK	NA	NA	NONE	UNLIMITED	500	ITEMS	NONE	UNK	UNK	UNK	data/maps/VerdanturfTown_Mart/scripts.inc	Measured	NA	8
mart_stock	ITEM_ICE_STONE	Ice Stone	purchase	VerdanturfTown_Mart	UNK	NA	NA	NONE	UNLIMITED	500	ITEMS	NONE	UNK	UNK	UNK	data/maps/VerdanturfTown_Mart/scripts.inc	Measured	NA	8
mart_stock	ITEM_SUN_STONE	Sun Stone	purchase	VerdanturfTown_Mart	UNK	NA	NA	NONE	UNLIMITED	500	ITEMS	NONE	UNK	UNK	UNK	data/maps/VerdanturfTown_Mart/scripts.inc	Measured	NA	8
mart_stock	ITEM_MOON_STONE	Moon Stone	purchase	VerdanturfTown_Mart	UNK	NA	NA	NONE	UNLIMITED	500	ITEMS	NONE	UNK	UNK	UNK	data/maps/VerdanturfTown_Mart/scripts.inc	Measured	NA	8
mart_stock	ITEM_PRISM_SCALE	Prism Scale	purchase	VerdanturfTown_Mart	UNK	NA	NA	NONE	UNLIMITED	500	ITEMS	NONE	UNK	UNK	UNK	data/maps/VerdanturfTown_Mart/scripts.inc	Measured	NA	8
mart_stock	ITEM_LINKING_CORD	Linking Cord	purchase	VerdanturfTown_Mart	UNK	NA	NA	NONE	UNLIMITED	500	ITEMS	NONE	UNK	UNK	UNK	data/maps/VerdanturfTown_Mart/scripts.inc	Measured	NA	8
mart_stock	ITEM_DUSK_STONE	Dusk Stone	purchase	VerdanturfTown_Mart	UNK	NA	NA	NONE	UNLIMITED	500	ITEMS	NONE	UNK	UNK	UNK	data/maps/VerdanturfTown_Mart/scripts.inc	Measured	NA	8
mart_stock	ITEM_DAWN_STONE	Dawn Stone	purchase	VerdanturfTown_Mart	UNK	NA	NA	NONE	UNLIMITED	500	ITEMS	NONE	UNK	UNK	UNK	data/maps/VerdanturfTown_Mart/scripts.inc	Measured	NA	8
mart_stock	ITEM_SHINY_STONE	Shiny Stone	purchase	VerdanturfTown_Mart	UNK	NA	NA	NONE	UNLIMITED	500	ITEMS	NONE	UNK	UNK	UNK	data/maps/VerdanturfTown_Mart/scripts.inc	Measured	NA	8
mart_stock	ITEM_KINGS_ROCK	King's Rock	purchase	VerdanturfTown_Mart	UNK	NA	NA	NONE	UNLIMITED	500	ITEMS	FLINCH	UNK	UNK	UNK	data/maps/VerdanturfTown_Mart/scripts.inc	Measured	NA	8
mart_stock	ITEM_METAL_COAT	Metal Coat	purchase	VerdanturfTown_Mart	UNK	NA	NA	NONE	UNLIMITED	500	ITEMS	STEEL_POWER	UNK	UNK	UNK	data/maps/VerdanturfTown_Mart/scripts.inc	Measured	NA	8
mart_stock	ITEM_NONE	????????	purchase	VerdanturfTown_Mart	UNK	NA	NA	NONE	UNLIMITED	0	ITEMS	NONE	UNK	UNK	UNK	data/maps/VerdanturfTown_Mart/scripts.inc	Measured	NA	8
item	ITEM_SLAKITE	Slakite	script_gift	VictoryRoad_1F	UNK	NA	NA	NONE	1	0	MEGA_STONES	MEGA_STONE	18	UNK	UNK	data/maps/VictoryRoad_1F/scripts.inc	Measured	Measured	9
item	ITEM_TYRANITARITE	Tyranitarite	script_gift	VictoryRoad_1F	UNK	NA	NA	NONE	1	0	MEGA_STONES	MEGA_STONE	18	UNK	UNK	data/maps/VictoryRoad_1F/scripts.inc	Measured	Measured	9
item	ITEM_SALAMENCITE	Salamencite	script_gift	VictoryRoad_1F	UNK	NA	NA	NONE	1	0	MEGA_STONES	MEGA_STONE	18	UNK	UNK	data/maps/VictoryRoad_1F/scripts.inc	Measured	Measured	9
item	ITEM_GARCHOMPITE	Garchompite	script_gift	VictoryRoad_1F	UNK	NA	NA	NONE	1	0	MEGA_STONES	MEGA_STONE	18	UNK	UNK	data/maps/VictoryRoad_1F/scripts.inc	Measured	Measured	9
item	ITEM_METAGROSSITE	Metagrossite	script_gift	VictoryRoad_1F	UNK	NA	NA	NONE	1	0	MEGA_STONES	MEGA_STONE	18	UNK	UNK	data/maps/VictoryRoad_1F/scripts.inc	Measured	Measured	9
item	ITEM_EON_TICKET	Eon Ticket	script_gift	VictoryRoad_1F	UNK	NA	NA	NONE	1	0	KEY_ITEMS	NONE	18	UNK	UNK	data/maps/VictoryRoad_1F/scripts.inc	Measured	Measured	9
item	ITEM_AURORA_TICKET	Aurora Ticket	script_gift	VictoryRoad_1F	UNK	NA	NA	NONE	1	0	KEY_ITEMS	NONE	18	UNK	UNK	data/maps/VictoryRoad_1F/scripts.inc	Measured	Measured	9
item	ITEM_PECHA_BERRY	Pecha Berry	script_gift	SHARED:berry_blender	UNK	NA	NA	NONE	1	0	BERRIES	CURE_PSN	UNK	UNK	UNK	data/scripts/berry_blender.inc	Measured	NA	UNK
item	ITEM_PECHA_BERRY	Pecha Berry	script_gift	SHARED:berry_blender	UNK	NA	NA	NONE	1	0	BERRIES	CURE_PSN	UNK	UNK	UNK	data/scripts/berry_blender.inc	Measured	NA	UNK
item	ITEM_EON_TICKET	Eon Ticket	script_gift	SHARED:cable_club	UNK	NA	NA	NONE	1	0	KEY_ITEMS	NONE	UNK	UNK	UNK	data/scripts/cable_club.inc	Measured	NA	UNK
item	ITEM_POKEBLOCK_CASE	{POKEBLOCK} Case	script_gift	SHARED:contest_hall	UNK	NA	NA	NONE	1	0	KEY_ITEMS	NONE	UNK	UNK	UNK	data/scripts/contest_hall.inc	Measured	NA	UNK
item	ITEM_LUXURY_BALL	Luxury Ball	script_gift	SHARED:contest_hall	UNK	NA	NA	NONE	1	100	POKE_BALLS	NONE	UNK	UNK	UNK	data/scripts/contest_hall.inc	Measured	NA	UNK
item	ITEM_LUXURY_BALL	Luxury Ball	script_gift	SHARED:contest_hall	UNK	NA	NA	NONE	1	100	POKE_BALLS	NONE	UNK	UNK	UNK	data/scripts/contest_hall.inc	Measured	NA	UNK
item	ITEM_AURORA_TICKET	Aurora Ticket	script_gift	SHARED:gift_aurora_ticket	UNK	NA	NA	NONE	1	0	KEY_ITEMS	NONE	UNK	UNK	UNK	data/scripts/gift_aurora_ticket.inc	Measured	NA	UNK
item	ITEM_POTION	Potion	script_gift	SHARED:gift_battle_card	UNK	NA	NA	NONE	1	7	ITEMS	NONE	UNK	UNK	UNK	data/scripts/gift_battle_card.inc	Measured	NA	UNK
item	ITEM_MYSTIC_TICKET	Mystic Ticket	script_gift	SHARED:gift_mystic_ticket	UNK	NA	NA	NONE	1	0	KEY_ITEMS	NONE	UNK	UNK	UNK	data/scripts/gift_mystic_ticket.inc	Measured	NA	UNK
item	ITEM_OLD_SEA_MAP	Old Sea Map	script_gift	SHARED:gift_old_sea_map	UNK	NA	NA	NONE	1	0	KEY_ITEMS	NONE	UNK	UNK	UNK	data/scripts/gift_old_sea_map.inc	Measured	NA	UNK
item	ITEM_AMULET_COIN	Amulet Coin	script_gift	SHARED:players_house	UNK	NA	NA	NONE	1	9	ITEMS	DOUBLE_PRIZE	UNK	UNK	UNK	data/scripts/players_house.inc	Measured	NA	UNK
item	ITEM_SS_TICKET	S.S. Ticket	script_gift	SHARED:players_house	UNK	NA	NA	NONE	1	0	KEY_ITEMS	NONE	UNK	UNK	UNK	data/scripts/players_house.inc	Measured	NA	UNK
item	ITEM_TM_DEFOG	TM43	script_gift	SHARED:secret_power_tm	UNK	NA	NA	NONE	1	100	TM_HM	NONE	UNK	UNK	UNK	data/scripts/secret_power_tm.inc	Measured	NA	UNK
