trainer_id	trainer_label	trainer_base	battle_index	role	battle_type	ai_flags	party_size	min_level	max_level	perfect_ivs	has_ev_spread	roster	ivs	evs	source	confidence	checkpoint	checkpoint_method
1	Hiker Sawyer	Hiker Sawyer	1	route	Singles	Check Bad Move,Try To Faint,Check Viability	1	40	40	FALSE	FALSE	Graveler-Alola:40:UNK:NONE:Hardy:Self-Destruct,Stealth Rock,Rock Blast,Discharge	0 hp,0 at,0 df,0 sa,0 sd,0 sp	0	hzla_dynamic_calc_imp_1-3	Asserted	NA	NA
2	Team Aqua Grunt Aqua Hideout	Team Aqua Grunt Aqua Hideout	1	route	Singles	Check Bad Move	1	65	65	FALSE	FALSE	Sharpedo:65:UNK:NONE:Hardy:Crunch,Agility,Skull Bash,Taunt	0 hp,0 at,0 df,0 sa,0 sd,0 sp	0	hzla_dynamic_calc_imp_1-3	Asserted	NA	NA
3	Team Aqua Grunt Aqua Hideout2	Team Aqua Grunt Aqua Hideout	2	route	Singles	Check Bad Move	2	65	65	FALSE	FALSE	Crobat:65:UNK:NONE:Hardy:Haze,Venoshock,Air Slash,Quick Guard|Lanturn:65:UNK:NONE:Hardy:Hydro Pump,Ion Deluge,Parabolic Charge,Charge	0 hp,0 at,0 df,0 sa,0 sd,0 sp|0 hp,0 at,0 df,0 sa,0 sd,0 sp	0|0	hzla_dynamic_calc_imp_1-3	Asserted	NA	NA
4	Team Aqua Grunt Aqua Hideout3	Team Aqua Grunt Aqua Hideout	3	route	Singles	Check Bad Move	1	65	65	FALSE	FALSE	Beartic:65:UNK:NONE:Hardy:Blizzard,Snowscape,Thrash,Ice Hammer	0 hp,0 at,0 df,0 sa,0 sd,0 sp	0	hzla_dynamic_calc_imp_1-3	Asserted	NA	NA
5	Team Aqua Grunt Aqua Hideout4	Team Aqua Grunt Aqua Hideout	4	route	Singles	Check Bad Move	1	65	65	FALSE	FALSE	Palossand:65:UNK:NONE:Hardy:Shadow Ball,Earth Power,Shore Up,Sandstorm	0 hp,0 at,0 df,0 sa,0 sd,0 sp	0	hzla_dynamic_calc_imp_1-3	Asserted	NA	NA
6	Team Aqua Grunt Seafloor Cavern	Team Aqua Grunt Seafloor Cavern	1	route	Singles	Check Bad Move	3	70	70	FALSE	FALSE	Mightyena:70:UNK:NONE:Hardy:Embargo,Yawn,Jaw Lock,Play Rough|Persian:70:UNK:NONE:Hardy:Assurance,Captivate,Night Slash,Feint|Persian-Alola:70:UNK:NONE:Hardy:Captivate,Night Slash,Feint,Dark Pulse	0 hp,0 at,0 df,0 sa,0 sd,0 sp|0 hp,0 at,0 df,0 sa,0 sd,0 sp|0 hp,0 at,0 df,0 sa,0 sd,0 sp	0|0|0	hzla_dynamic_calc_imp_1-3	Asserted	NA	NA
7	Aqua Admin Matt Seafloor Cavern	Aqua Admin Matt Seafloor Cavern	1	admin	Singles	Check Bad Move,Try To Faint,Check Viability,Smart Switching,Omniscient	5	80	80	TRUE	TRUE	Froslass:80:Stakeout:Wide Lens:Jolly:Triple Axel,Poltergeist,Wake-Up Slap,Ice Shard|Greninja:80:Battle Bond:Expert Belt:Timid:Dark Pulse,Surf,Ice Beam,Grass Knot|Dragonite:80:Multiscale:Heavy-Duty Boots:Jolly:Dragon Dance,Dual Wingbeat,Earthquake,Dragon Claw|Machamp:80:Guts:Machampite:Adamant:Mach Punch,Drain Punch,Thunder Punch,Fire Punch|Machamp-Mega:80:ORAORAORAORA:Machampite:Adamant:Mach Punch,Drain Punch,Thunder Punch,Fire Punch	31 hp,31 at,31 df,31 sa,31 sd,31 sp|31 hp,31 at,31 df,31 sa,31 sd,31 sp|31 hp,31 at,31 df,31 sa,31 sd,31 sp|31 hp,31 at,31 df,31 sa,31 sd,31 sp|31 hp,31 at,31 df,31 sa,31 sd,31 sp	6 hp,252 at,252 sp|6 hp,252 sa,252 sp|6 hp,252 at,252 sp|6 hp,252 at,252 sp|6 hp,252 at,252 sp	hzla_dynamic_calc_imp_1-3	Asserted	16	exact
8	Team Aqua Grunt Seafloor Cavern3	Team Aqua Grunt Seafloor Cavern	3	route	Singles	Check Bad Move	2	70	70	FALSE	FALSE	Crobat:70:UNK:NONE:Hardy:Haze,Venoshock,Air Slash,Quick Guard|Carracosta:70:UNK:NONE:Hardy:Rock Slide,Wave Crash,Rain Dance,Hydro Pump	0 hp,0 at,0 df,0 sa,0 sd,0 sp|0 hp,0 at,0 df,0 sa,0 sd,0 sp	0|0	hzla_dynamic_calc_imp_1-3	Asserted	NA	NA
9	Pkmn Breeder Gabrielle	Pkmn Breeder Gabrielle	1	route	Singles	Check Bad Move	2	64	64	FALSE	FALSE	Marowak:64:UNK:NONE:Hardy:Stomping Tantrum,Endeavor,Double-Edge,Retaliate|Marowak-Alola:64:UNK:NONE:Hardy:Stomping Tantrum,Endeavor,Flare Blitz,Retaliate	0 hp,0 at,0 df,0 sa,0 sd,0 sp|0 hp,0 at,0 df,0 sa,0 sd,0 sp	0|0	hzla_dynamic_calc_imp_1-3	Asserted	NA	NA
10	Lvl -2 Team Aqua Grunt Petalburg Woods	Lvl -2 Team Aqua Grunt Petalburg Woods	1	route	Singles	Check Bad Move,Try To Faint,Check Viability,Smart Switching,Omniscient	2	-2	-2	TRUE	FALSE	Poochyena:-2:Quick Feet:NONE:Adamant:Bite,Tackle|Carvanha:-2:Rough Skin:NONE:Adamant:Aqua Jet,Bite	31 hp,31 at,31 df,31 sa,31 sd,31 sp|31 hp,31 at,31 df,31 sa,31 sd,31 sp	0|0	hzla_dynamic_calc_imp_1-3	Asserted	NA	NA
11	Cooltrainer Marcel	Cooltrainer Marcel	1	route	Singles	Check Bad Move,Try To Faint,Check Viability	2	64	64	FALSE	FALSE	Cloyster:64:UNK:NONE:Hardy:Spike Cannon,Ice Shard,Spikes,Icicle Crash|Carracosta:64:UNK:NONE:Hardy:Rock Slide,Wave Crash,Rain Dance,Hydro Pump	0 hp,0 at,0 df,0 sa,0 sd,0 sp|0 hp,0 at,0 df,0 sa,0 sd,0 sp	0|0	hzla_dynamic_calc_imp_1-3	Asserted	NA	NA
12	Bird Keeper Alberto	Bird Keeper Alberto	1	route	Singles	Check Bad Move	2	58	58	FALSE	FALSE	Salamence:58:UNK:NONE:Hardy:Dragon Claw,Zen Headbutt,Scary Face,Flamethrower|Flygon:58:UNK:NONE:Hardy:Wing Attack,Hyper Beam,Dragon Rush,Sandsear Storm	0 hp,0 at,0 df,0 sa,0 sd,0 sp|0 hp,0 at,0 df,0 sa,0 sd,0 sp	0|0	hzla_dynamic_calc_imp_1-3	Asserted	NA	NA
13	Collector Ed	Collector Ed	1	route	Singles	Check Bad Move	2	56	56	FALSE	FALSE	Meganium:56:UNK:NONE:Hardy:Sweet Scent,Light Screen,Body Slam,Safeguard|Porygon2:56:UNK:NONE:Hardy:Discharge,Lock-On,Tri Attack,Magic Coat	0 hp,0 at,0 df,0 sa,0 sd,0 sp|0 hp,0 at,0 df,0 sa,0 sd,0 sp	0|0	hzla_dynamic_calc_imp_1-3	Asserted	NA	NA
14	Team Aqua Grunt Seafloor Cavern4	Team Aqua Grunt Seafloor Cavern	4	route	Singles	Check Bad Move	2	70	70	FALSE	FALSE	Golisopod:70:UNK:NONE:Hardy:Sucker Punch,Iron Defense,Pin Missile,Liquidation|Lokix:70:UNK:NONE:Hardy:Sucker Punch,First Impression,Bounce,Axe Kick	0 hp,0 at,0 df,0 sa,0 sd,0 sp|0 hp,0 at,0 df,0 sa,0 sd,0 sp	0|0	hzla_dynamic_calc_imp_1-3	Asserted	NA	NA
15	Lvl -1 Triathlete Declan	Lvl -1 Triathlete Declan	1	route	Singles	Check Bad Move,Try To Faint,Check Viability,Smart Switching,Omniscient,Powerful Status	3	-1	-1	FALSE	TRUE	Farigiraf:-1:Armor Tail:Focus Sash:Quiet:Psyshock,Hyper Voice,Thunderbolt,Trick Room|Slither Wing:-1:Protosynthesis:Life Orb:Brave:First Impression,Close Combat,Leech Life,Stomping Tantrum|Cinderace:-1:Libero:Wide Lens:Jolly:Pyro Ball,Sucker Punch,High Jump Kick,Gunk Shot	31 hp,31 at,31 df,31 sa,31 sd,0 sp|31 hp,31 at,31 df,31 sa,31 sd,0 sp|31 hp,31 at,31 df,31 sa,31 sd,31 sp	252 hp,252 sa,6 sd|6 hp,252 at,252 sd|6 hp,252 at,252 sp	hzla_dynamic_calc_imp_1-3	Asserted	NA	NA
16	Lvl -2 Team Aqua Grunt Rusturf Tunnel	Lvl -2 Team Aqua Grunt Rusturf Tunnel	1	route	Singles	Check Bad Move,Try To Faint,Check Viability,Smart Switching,Omniscient	3	-2	-2	TRUE	FALSE	Glameow:-2:Own Tempo:Silk Scarf:Jolly:Fake Out,Knock Off,U-turn,Facade|Mightyena:-2:Intimidate:Muscle Band:Adamant:Bite,Sucker Punch,Fire Fang,Thunder Fang|Spoink:-2:Gluttony:Sitrus Berry:Calm:Psybeam,Flash,Icy Wind,Grass Knot	31 hp,31 at,31 df,31 sa,31 sd,31 sp|31 hp,31 at,31 df,31 sa,31 sd,31 sp|31 hp,31 at,31 df,31 sa,31 sd,31 sp	0|0|0	hzla_dynamic_calc_imp_1-3	Asserted	NA	NA
17	Team Aqua Grunt Weather Inst	Team Aqua Grunt Weather Inst	1	route	Singles	Check Bad Move	2	60	60	FALSE	FALSE	Perrserker:60:UNK:NONE:Hardy:Screech,Slash,Metal Sound,Thrash|Persian-Alola:60:UNK:NONE:Hardy:Slash,Nasty Plot,Assurance,Captivate	0 hp,0 at,0 df,0 sa,0 sd,0 sp|0 hp,0 at,0 df,0 sa,0 sd,0 sp	0|0	hzla_dynamic_calc_imp_1-3	Asserted	NA	NA
18	Aqua Admin Matt Weather Inst	Aqua Admin Matt Weather Inst	1	admin	Singles	Check Bad Move,Try To Faint,Check Viability,Smart Switching,Omniscient	4	64	64	TRUE	TRUE	Machamp:64:Guts:Machampite:Adamant:Mach Punch,Drain Punch,Thunder Punch,Fire Punch|Ogerpon-Wellspring:64:Water Absorb:Wellspring Mask:Jolly:Ivy Cudgel,Horn Leech,Throat Chop,Play Rough|Greninja:64:Battle Bond:Expert Belt:Timid:Dark Pulse,Surf,Ice Beam,Grass Knot|Machamp-Mega:64:ORAORAORAORA:Machampite:Adamant:Mach Punch,Drain Punch,Thunder Punch,Fire Punch	31 hp,31 at,31 df,31 sa,31 sd,31 sp|31 hp,31 at,31 df,31 sa,31 sd,31 sp|31 hp,31 at,31 df,31 sa,31 sd,31 sp|31 hp,31 at,31 df,31 sa,31 sd,31 sp	6 hp,252 at,252 sp|6 hp,252 at,252 sp|6 hp,252 sa,252 sp|6 hp,252 at,252 sp	hzla_dynamic_calc_imp_1-3	Asserted	11	exact
19	Team Aqua Grunt Weather Inst3	Team Aqua Grunt Weather Inst	3	route	Singles	Check Bad Move	2	60	60	FALSE	FALSE	Mightyena:60:UNK:NONE:Hardy:Embargo,Yawn,Jaw Lock,Play Rough|Crobat:60:UNK:NONE:Hardy:Haze,Venoshock,Air Slash,Quick Guard	0 hp,0 at,0 df,0 sa,0 sd,0 sp|0 hp,0 at,0 df,0 sa,0 sd,0 sp	0|0	hzla_dynamic_calc_imp_1-3	Asserted	NA	NA
20	Team Aqua Grunt Museum	Team Aqua Grunt Museum	1	route	Singles	Check Bad Move,Try To Faint,Check Viability,Smart Switching,Omniscient	2	28	30	TRUE	FALSE	Lokix:30:Tinted Lens:Muscle Band:Adamant:First Impression,Lunge,Assurance,Double Kick|Qwilfish:28:Intimidate:Wacan Berry:Jolly:Barb Barrage,Waterfall,Aqua Jet,Revenge	31 hp,31 at,31 df,31 sa,31 sd,31 sp|31 hp,31 at,31 df,31 sa,31 sd,31 sp	0|0	hzla_dynamic_calc_imp_1-3	Asserted	NA	NA
21	Team Aqua Grunt Museum2	Team Aqua Grunt Museum	2	route	Singles	Check Bad Move,Try To Faint,Check Viability,Smart Switching,Omniscient	3	28	30	TRUE	FALSE	Golisopod:30:Emergency Exit:Muscle Band:Adamant:First Impression,Razor Shell,Aqua Jet,Leech Life|Palpitoad:28:Water Absorb:Eviolite:Timid:Bubble Beam,Icy Wind,Mud Bomb,Uproar|Qwilfish-Hisui:28:Intimidate:Shuca Berry:Jolly:Barb Barrage,Throat Chop,Fell Stinger,Flip Turn	31 hp,31 at,31 df,31 sa,31 sd,31 sp|31 hp,31 at,31 df,31 sa,31 sd,31 sp|31 hp,31 at,31 df,31 sa,31 sd,31 sp	0|0|0	hzla_dynamic_calc_imp_1-3	Asserted	NA	NA
22	Team Magma Grunt Space Center	Team Magma Grunt Space Center	1	route	Singles	Check Bad Move	1	32	32	FALSE	FALSE	Numel:32:UNK:NONE:Hardy:Lava Plume,Earth Power,Curse,Take Down	0 hp,0 at,0 df,0 sa,0 sd,0 sp	0	hzla_dynamic_calc_imp_1-3	Asserted	NA	NA
23	Lvl -1 Leader Gardenia2	Lvl -1 Leader Gardenia	2	route	Singles	Check Bad Move,Try To Faint,Check Viability,Smart Switching,Omniscient	6	-1	0	FALSE	TRUE	Vileplume:-1:Effect Spore:Black Sludge:Bold:Giga Drain,Toxic,Sludge Bomb,Synthesis|Arboliva:-1:Harvest:Sitrus Berry:Calm:Leech Seed,Protect,Giga Drain,Hyper Voice|Sudowoodo:-1:Sturdy:Muscle Band:Adamant:Rock Slide,High Horsepower,Trailblaze,Sucker Punch|Bellossom:-1:Chlorophyll:Leftovers:Bold:Giga Drain,Stun Spore,Dazzling Gleam,Synthesis|Roserade:0:Technician:Roseradite:Timid:Mega Drain,Sludge,Sleep Powder,Hidden Power|Roserade-Mega:0:Technician:Roseradite:Timid:Mega Drain,Sludge,Sleep Powder,Hidden Power	31 hp,31 at,31 df,31 sa,31 sd,31 sp|31 hp,31 at,31 df,31 sa,31 sd,31 sp|31 hp,31 at,31 df,31 sa,31 sd,31 sp|31 hp,31 at,31 df,31 sa,31 sd,31 sp|31 hp,30 at,31 df,30 sa,31 sd,30 sp|31 hp,30 at,31 df,30 sa,31 sd,30 sp	252 hp,252 df,6 sa|252 hp,6 sa,252 sd|6 hp,252 at,252 sp|252 hp,252 df,6 sa|6 hp,252 sa,252 sp|6 hp,252 sa,252 sp	hzla_dynamic_calc_imp_1-3	Asserted	NA	NA
24	Rival Dollamike	Rival Dollamike	1	rival	Singles	Check Bad Move,Try To Faint,Check Viability,Smart Switching,Omniscient	7	0	0	TRUE	TRUE	Gengar:0:Levitate:Gengarite:Timid:Hypnosis,Sludge Bomb,Shadow Ball,Nasty Plot|Blaziken:0:Striker:Leftovers:Jolly:Flame Charge,Brick Break,Swords Dance,Blaze Kick|Ninetales-Alola:0:Snow Warning:Shell Bell:Timid:Blizzard,Aurora Veil,Dazzling Gleam,Freeze-Dry|Swampert:0:Torrent:Muscle Band:Impish:Muddy Water,Rock Slide,Earthquake,Stealth Rock|Sylveon:0:Pixilate:Focus Sash:Bold:Calm Mind,Iron Tail,Dazzling Gleam,Psyshock|Silvally:0:RKS System:Leftovers:Jolly:Thunder Fang,Rock Slide,Parting Shot,Multi-Attack|Gengar-Mega:0:Shadow Tag:Gengarite:Timid:Hypnosis,Sludge Bomb,Shadow Ball,Nasty Plot	31 hp,31 at,31 df,31 sa,31 sd,31 sp|31 hp,31 at,31 df,31 sa,31 sd,31 sp|31 hp,31 at,31 df,31 sa,31 sd,31 sp|31 hp,31 at,31 df,31 sa,31 sd,31 sp|31 hp,31 at,31 df,31 sa,31 sd,31 sp|31 hp,31 at,31 df,31 sa,31 sd,31 sp|31 hp,31 at,31 df,31 sa,31 sd,31 sp	6 hp,252 sa,252 sp|6 hp,252 at,252 sp|6 hp,252 sa,252 sp|252 hp,6 at,252 df|252 hp,252 df,6 sa|6 hp,252 at,252 sp|6 hp,252 sa,252 sp	hzla_dynamic_calc_imp_1-3	Asserted	DYNAMIC	player_relative
25	Rival Danni	Rival Danni	1	rival	Singles	Check Bad Move,Try To Faint,Check Viability,Smart Switching,Omniscient	6	0	0	TRUE	TRUE	Urshifu-Rapid-Strike:0:Unseen Fist:Life Orb:Jolly:Surging Strikes,Close Combat,Aqua Jet,U-turn|Darkrai:0:Bad Dreams:Expert Belt:Timid:Dark Pulse,Focus Blast,Dark Void,Nasty Plot|Dragapult:0:Infiltrator:Choice Specs:Timid:Dragon Pulse,Shadow Ball,Flamethrower,Thunderbolt|Cinderace:0:Libero:Muscle Band:Jolly:Pyro Ball,High Jump Kick,Sucker Punch,U-turn|Flutter Mane:0:Protosynthesis:Booster Energy:Timid:Shadow Ball,Moonblast,Mystical Fire,Power Gem|Melmetal:0:Iron Fist:Assault Vest:Adamant:Double Iron Bash,Earthquake,Ice Punch,Thunder Punch	31 hp,31 at,31 df,31 sa,31 sd,31 sp|31 hp,31 at,31 df,31 sa,31 sd,31 sp|31 hp,31 at,31 df,31 sa,31 sd,31 sp|31 hp,31 at,31 df,31 sa,31 sd,31 sp|31 hp,31 at,31 df,31 sa,31 sd,31 sp|31 hp,31 at,31 df,31 sa,31 sd,31 sp	6 hp,252 at,252 sp|6 hp,252 sa,252 sp|6 hp,252 sa,252 sp|6 hp,252 at,252 sp|6 hp,252 sa,252 sp|6 hp,252 at,252 sp	hzla_dynamic_calc_imp_1-3	Asserted	DYNAMIC	player_relative
26	Team Aqua Grunt Weather Inst4	Team Aqua Grunt Weather Inst	4	route	Singles	Check Bad Move	1	60	60	FALSE	FALSE	Sharpedo:60:UNK:NONE:Hardy:Crunch,Agility,Skull Bash,Taunt	0 hp,0 at,0 df,0 sa,0 sd,0 sp	0	hzla_dynamic_calc_imp_1-3	Asserted	NA	NA
27	Team Aqua Grunt Aqua Hideout5	Team Aqua Grunt Aqua Hideout	5	route	Singles	Check Bad Move	1	65	65	FALSE	FALSE	Bisharp:65:UNK:NONE:Hardy:Embargo,Iron Defense,Night Slash,Sucker Punch	0 hp,0 at,0 df,0 sa,0 sd,0 sp	0	hzla_dynamic_calc_imp_1-3	Asserted	NA	NA
28	Team Aqua Grunt Aqua Hideout6	Team Aqua Grunt Aqua Hideout	6	route	Singles	Check Bad Move	1	65	65	FALSE	FALSE	Grapploct:65:UNK:NONE:Hardy:Superpower,Topsy-Turvy,Brutal Swing,Arm Thrust	0 hp,0 at,0 df,0 sa,0 sd,0 sp	0	hzla_dynamic_calc_imp_1-3	Asserted	NA	NA
29	Expert Fredrick	Expert Fredrick	1	route	Singles	Check Bad Move,Try To Faint,Check Viability	2	56	56	FALSE	FALSE	Florges:56:UNK:NONE:Hardy:Moonblast,Petal Dance,Aromatherapy,Pollen Puff|Golurk:56:UNK:NONE:Hardy:Night Shade,Curse,Earthquake,Hammer Arm	0 hp,0 at,0 df,0 sa,0 sd,0 sp|0 hp,0 at,0 df,0 sa,0 sd,0 sp	0|0	hzla_dynamic_calc_imp_1-3	Asserted	NA	NA
30	Aqua Leader Archie Hideout	Aqua Leader Archie Hideout	1	team_boss	Singles	Check Bad Move,Try To Faint,Check Viability,Smart Switching,Omniscient	7	74	74	FALSE	TRUE	Overqwil:74:Intimidate:Focus Sash:Jolly:Toxic Spikes,Haze,Barb Barrage,Throat Chop|Basculegion:74:Adaptability:Assault Vest:Adamant:Spirit Shackle,Wave Crash,Superpower,Shadow Sneak|Eelektross:74:Levitate:Expert Belt:Timid:Thunderbolt,Dragon Pulse,Flamethrower,Thunderclap|Poliwrath:74:Water Absorb:Life Orb:Jolly:Surging Strikes,Close Combat,Poison Jab,Jet Punch|Iron Bundle:74:Quark Drive:Booster Energy:Timid:Hydro Pump,Ice Beam,Freeze-Dry,Hidden Power|Sharpedo:74:Speed Boost:Sharpedonite:Jolly:Crunch,Psychic Fangs,Aqua Jet,Aqua Fang|Sharpedo-Mega:74:Strong Jaw:Sharpedonite:Jolly:Crunch,Psychic Fangs,Aqua Jet,Aqua Fang	31 hp,31 at,31 df,31 sa,31 sd,31 sp|31 hp,31 at,31 df,31 sa,31 sd,31 sp|31 hp,31 at,31 df,31 sa,31 sd,31 sp|31 hp,31 at,31 df,31 sa,31 sd,31 sp|31 hp,31 at,31 df,30 sa,30 sd,30 sp|31 hp,31 at,31 df,31 sa,31 sd,31 sp|31 hp,31 at,31 df,31 sa,31 sd,31 sp	6 hp,252 at,252 sp|6 hp,252 at,252 sp|6 hp,252 sa,252 sp|6 hp,252 at,252 sp|6 hp,252 sa,252 sp|6 hp,252 at,252 sp|6 hp,252 at,252 sp	hzla_dynamic_calc_imp_1-3	Asserted	14	exact
31	Black Belt Zander	Black Belt Zander	1	route	Singles	Check Bad Move	1	65	65	FALSE	FALSE	Annihilape:65:UNK:NONE:Hardy:Cross Chop,Final Gambit,Close Combat,Rage Fist	0 hp,0 at,0 df,0 sa,0 sd,0 sp	0	hzla_dynamic_calc_imp_1-3	Asserted	NA	NA
32	Aqua Admin Shelly Weather Institute	Aqua Admin Shelly Weather Institute	1	admin	Singles	Check Bad Move,Try To Faint,Check Viability,Smart Switching,Omniscient	7	64	64	FALSE	TRUE	Huntail:64:Defiant:White Herb:Jolly:Shell Smash,Ice Fang,Crunch,Wave Crash|Keldeo-Resolute:64:Sharpness:Choice Specs:Timid:Secret Sword,Air Slash,Hydro Pump,Hidden Power|Haxorus:64:Mold Breaker:Lum Berry:Jolly:Dual Chop,Earthquake,Poison Jab,Dragon Dance|Decidueye:64:Tinted Lens:Assault Vest:Jolly:Spirit Shackle,Leaf Blade,Thousand Arrows,Shadow Sneak|Braviary-Hisui:64:Sheer Force:Life Orb:Modest:Psychic,Air Slash,Heat Wave,Roost|Gyarados:64:Intimidate:Gyaradosite:Jolly:Dragon Dance,Earthquake,Aqua Tail,Crunch|Gyarados-Mega:64:Mold Breaker:Gyaradosite:Jolly:Dragon Dance,Earthquake,Aqua Tail,Crunch	31 hp,31 at,31 df,31 sa,31 sd,31 sp|31 hp,30 at,31 df,30 sa,31 sd,31 sp|31 hp,31 at,31 df,31 sa,31 sd,31 sp|31 hp,31 at,31 df,31 sa,31 sd,31 sp|31 hp,31 at,31 df,31 sa,31 sd,31 sp|31 hp,31 at,31 df,31 sa,31 sd,31 sp|31 hp,31 at,31 df,31 sa,31 sd,31 sp	6 hp,252 at,252 sp|6 hp,252 sa,252 sp|6 hp,252 at,252 sp|6 hp,252 at,252 sp|6 hp,252 sa,252 sp|6 hp,252 at,252 sp|6 hp,252 at,252 sp	hzla_dynamic_calc_imp_1-3	Asserted	11	exact
33	Aqua Admin Shelly Seafloor Cavern	Aqua Admin Shelly Seafloor Cavern	1	admin	Singles	Check Bad Move,Try To Faint,Check Viability,Smart Switching,Omniscient	5	80	80	FALSE	TRUE	Keldeo-Resolute:80:Sharpness:Life Orb:Timid:Secret Sword,Air Slash,Hydro Pump,Hidden Power|Decidueye:80:Tinted Lens:Focus Sash:Jolly:Spirit Shackle,Leaf Blade,Thousand Arrows,Shadow Sneak|Goodra-Hisui:80:Sap Sipper:Assault Vest:Calm:Dragon Pulse,Flash Cannon,Thunderbolt,Ice Beam|Gyarados:80:Intimidate:Gyaradosite:Jolly:Dragon Dance,Earthquake,Aqua Tail,Crunch|Gyarados-Mega:80:Mold Breaker:Gyaradosite:Jolly:Dragon Dance,Earthquake,Aqua Tail,Crunch	31 hp,30 at,31 df,30 sa,31 sd,31 sp|31 hp,31 at,31 df,31 sa,31 sd,31 sp|31 hp,31 at,31 df,31 sa,31 sd,31 sp|31 hp,31 at,31 df,31 sa,31 sd,31 sp|31 hp,31 at,31 df,31 sa,31 sd,31 sp	6 hp,252 sa,252 sp|6 hp,252 at,252 sp|252 hp,6 sa,252 sd|6 hp,252 at,252 sp|6 hp,252 at,252 sp	hzla_dynamic_calc_imp_1-3	Asserted	16	exact
34	Aqua Leader Archie	Aqua Leader Archie	1	team_boss	Doubles	Check Bad Move,Try To Faint,Check Viability,Smart Switching,Omniscient	7	80	80	FALSE	TRUE	Iron Bundle:80:Quark Drive:Booster Energy:Timid:Hydro Pump,Icy Wind,Freeze-Dry,Hidden Power|Golurk:80:No Guard:Focus Sash:Adamant:Dynamic Punch,Poltergeist,Stone Edge,Headlong Rush|Eelektross:80:Fatal Precision:Expert Belt:Timid:Thunderbolt,Dragon Pulse,Flamethrower,Thunderclap|Quaquaval:80:Moxie:Life Orb:Jolly:Aqua Step,Close Combat,Ice Spinner,Brave Bird|Sharpedo:80:Speed Boost:Sharpedonite:Jolly:Crunch,Psychic Fangs,Aqua Fang,Aqua Jet|Kyogre:80:Drizzle:Blue Orb:Timid:Origin Pulse,Thunder,Ice Beam,Water Spout|Kyogre-Primal:80:Primordial Sea:Blue Orb:Timid:Origin Pulse,Thunder,Ice Beam,Water Spout	31 hp,31 at,31 df,30 sa,30 sd,30 sp|31 hp,31 at,31 df,31 sa,31 sd,31 sp|31 hp,31 at,31 df,31 sa,31 sd,31 sp|31 hp,31 at,31 df,31 sa,31 sd,31 sp|31 hp,31 at,31 df,31 sa,31 sd,31 sp|31 hp,31 at,31 df,31 sa,31 sd,31 sp|31 hp,31 at,31 df,31 sa,31 sd,31 sp	6 hp,252 sa,252 sp|6 hp,252 at,252 sp|6 hp,252 sa,252 sp|6 hp,252 at,252 sp|6 hp,252 at,252 sp|6 hp,252 sa,252 sp|6 hp,252 sa,252 sp	hzla_dynamic_calc_imp_1-3	Asserted	16	exact
35	Hex Maniac Leah	Hex Maniac Leah	1	route	Singles	Check Bad Move	1	65	65	FALSE	FALSE	Grumpig:65:UNK:NONE:Hardy:Payback,Psychic,Bounce,Slack Off	0 hp,0 at,0 df,0 sa,0 sd,0 sp	0	hzla_dynamic_calc_imp_1-3	Asserted	NA	NA
36	Aroma Lady Daisy	Aroma Lady Daisy	1	route	Singles	Check Bad Move	2	24	24	FALSE	FALSE	Breloom:24:UNK:NONE:Hardy:Mega Drain,Headbutt,Feint,Counter|Squawkabilly:24:UNK:NONE:Hardy:Aerial Ace,Fury Attack,Taunt,Uproar	0 hp,0 at,0 df,0 sa,0 sd,0 sp|0 hp,0 at,0 df,0 sa,0 sd,0 sp	0|0	hzla_dynamic_calc_imp_1-3	Asserted	NA	NA
37	Aroma Lady Rose	Aroma Lady Rose	1	route	Singles	Check Bad Move	2	29	29	FALSE	FALSE	Lilligant:29:UNK:NONE:Hardy:Synthesis,Teeter Dance,Sleep Powder,Quiver Dance|Garbodor:29:UNK:NONE:Hardy:Stockpile,Swallow,Body Slam,Sludge Bomb	0 hp,0 at,0 df,0 sa,0 sd,0 sp|0 hp,0 at,0 df,0 sa,0 sd,0 sp	0|0	hzla_dynamic_calc_imp_1-3	Asserted	NA	NA
38	Cooltrainer Felix	Cooltrainer Felix	1	route	Singles	Check Bad Move,Try To Faint,Check Viability,Smart Switching,Omniscient	6	83	84	FALSE	TRUE	Reuniclus:83:Magic Guard:Life Orb:Modest:Psychic,Shadow Ball,Focus Blast,Energy Ball|Granbull:83:Bull Rush:Choice Band:Adamant:Play Rough,Ice Fang,Jaw Lock,Crunch|Regidrago:83:Dragons Maw:Dragon Fang:Jolly:Dragon Energy,Dragon Claw,Body Slam,Dragon Dance|Aegislash-Shield:83:Stance Change:Leftovers:Bold:Toxic,Flash Cannon,Shadow Ball,King's Shield|Manectric:84:Intimidate:Manectite:Timid:Thunderbolt,Flamethrower,Charge Beam,Hidden Power|Manectric-Mega:84:Intimidate:Manectite:Timid:Thunderbolt,Flamethrower,Charge Beam,Hidden Power	31 hp,31 at,31 df,31 sa,31 sd,31 sp|31 hp,31 at,31 df,31 sa,31 sd,31 sp|31 hp,31 at,31 df,31 sa,31 sd,31 sp|31 hp,31 at,31 df,31 sa,31 sd,31 sp|31 hp,31 at,31 df,31 sa,31 sd,30 sp|31 hp,31 at,31 df,31 sa,31 sd,30 sp	6 hp,252 sa,252 sp|6 hp,252 at,252 sp|6 hp,252 at,252 sp|252 hp,252 df,6 sa|6 hp,252 sa,252 sp|6 hp,252 sa,252 sp	hzla_dynamic_calc_imp_1-3	Asserted	NA	NA
39	Aroma Lady Violet	Aroma Lady Violet	1	route	Singles	Check Bad Move	2	56	56	FALSE	FALSE	Vileplume:56:UNK:NONE:Hardy:Aromatherapy,Poison Powder,Stun Spore,Petal Blizzard|Bellossom:56:UNK:NONE:Hardy:Stun Spore,Sunny Day,Petal Blizzard,Petal Dance	0 hp,0 at,0 df,0 sa,0 sd,0 sp|0 hp,0 at,0 df,0 sa,0 sd,0 sp	0|0	hzla_dynamic_calc_imp_1-3	Asserted	NA	NA
40	Aroma Lady Rose2	Aroma Lady Rose	2	route	Singles	Check Bad Move	2	29	29	FALSE	FALSE	Lilligant:29:UNK:NONE:Hardy:Synthesis,Teeter Dance,Sleep Powder,Quiver Dance|Garbodor:29:UNK:NONE:Hardy:Stockpile,Swallow,Body Slam,Sludge Bomb	0 hp,0 at,0 df,0 sa,0 sd,0 sp|0 hp,0 at,0 df,0 sa,0 sd,0 sp	0|0	hzla_dynamic_calc_imp_1-3	Asserted	NA	NA
41	Aroma Lady Rose3	Aroma Lady Rose	3	route	Singles	Check Bad Move	2	29	29	FALSE	FALSE	Lilligant:29:UNK:NONE:Hardy:Synthesis,Teeter Dance,Sleep Powder,Quiver Dance|Garbodor:29:UNK:NONE:Hardy:Stockpile,Swallow,Body Slam,Sludge Bomb	0 hp,0 at,0 df,0 sa,0 sd,0 sp|0 hp,0 at,0 df,0 sa,0 sd,0 sp	0|0	hzla_dynamic_calc_imp_1-3	Asserted	NA	NA
42	Aroma Lady Rose4	Aroma Lady Rose	4	route	Singles	Check Bad Move	2	29	29	FALSE	FALSE	Lilligant:29:UNK:NONE:Hardy:Synthesis,Teeter Dance,Sleep Powder,Quiver Dance|Garbodor:29:UNK:NONE:Hardy:Stockpile,Swallow,Body Slam,Sludge Bomb	0 hp,0 at,0 df,0 sa,0 sd,0 sp|0 hp,0 at,0 df,0 sa,0 sd,0 sp	0|0	hzla_dynamic_calc_imp_1-3	Asserted	NA	NA
43	Aroma Lady Rose5	Aroma Lady Rose	5	route	Singles	Check Bad Move	2	29	29	FALSE	FALSE	Lilligant:29:UNK:NONE:Hardy:Synthesis,Teeter Dance,Sleep Powder,Quiver Dance|Garbodor:29:UNK:NONE:Hardy:Stockpile,Swallow,Body Slam,Sludge Bomb	0 hp,0 at,0 df,0 sa,0 sd,0 sp|0 hp,0 at,0 df,0 sa,0 sd,0 sp	0|0	hzla_dynamic_calc_imp_1-3	Asserted	NA	NA
44	Lvl -1 Ruin Maniac Dusty	Lvl -1 Ruin Maniac Dusty	1	route	Singles	Check Bad Move,Try To Faint,Check Viability,Smart Switching,Omniscient	5	-1	-2	TRUE	TRUE	Dugtrio-Alola:-2:Sand Force:Life Orb:Jolly:Earthquake,Iron Head,Stone Edge,Sucker Punch|Minior:-2:Shields Down:White Herb:Naive:Shell Smash,Power Gem,Earthquake,Acrobatics|Dracovish:-2:Sand Rush:Mystic Water:Jolly:Fishious Rend,Dragon Claw,Ice Fang,Psychic Fangs|Aerodactyl:-1:Rock Head:Aerodactylite:Jolly:Hone Claws,Stone Edge,Earthquake,Dual Wingbeat|Aerodactyl-Mega:-1:Tough Claws:Aerodactylite:Jolly:Hone Claws,Stone Edge,Earthquake,Dual Wingbeat	31 hp,31 at,31 df,31 sa,31 sd,31 sp|31 hp,31 at,31 df,31 sa,31 sd,31 sp|31 hp,31 at,31 df,31 sa,31 sd,31 sp|31 hp,31 at,31 df,31 sa,31 sd,31 sp|31 hp,31 at,31 df,31 sa,31 sd,31 sp	6 hp,252 at,252 sp|252 at,6 sa,252 sp|6 hp,252 at,252 sp|6 hp,252 at,252 sp|6 hp,252 at,252 sp	hzla_dynamic_calc_imp_1-3	Asserted	NA	NA
45	Rival Masta Janes	Rival Masta Janes	1	rival	Singles	Check Bad Move,Try To Faint,Check Viability,Smart Switching,Omniscient	7	0	0	TRUE	TRUE	Iron Bundle:0:Quark Drive:Booster Energy:Hasty:Freeze-Dry,Flip Turn,Ice Beam,Drill Peck|Meowscarada:0:Protean:Life Orb:Adamant:Triple Axel,Play Rough,Flower Trick,Sucker Punch|Alakazam:0:Magic Guard:Wise Glasses:Modest:Dazzling Gleam,Hidden Power,Psychic,Energy Ball|Ninjask:0:Speed Boost:Expert Belt:Adamant:Swords Dance,X-Scissor,Dual Wingbeat,First Impression|Urshifu-Rapid-Strike:0:Unseen Fist:Coba Berry:Jolly:Surging Strikes,Bulk Up,Iron Head,Close Combat|Infernape:0:Iron Fist:Infernapite:Jolly:Poison Jab,Close Combat,Pyro Ball,Acrobatics|Infernape-Mega:0:Iron Fist:Infernapite:Jolly:Poison Jab,Close Combat,Pyro Ball,Acrobatics	31 hp,31 at,31 df,31 sa,31 sd,31 sp|31 hp,31 at,31 df,31 sa,31 sd,31 sp|31 hp,31 at,31 df,31 sa,31 sd,31 sp|31 hp,31 at,31 df,31 sa,31 sd,31 sp|31 hp,31 at,31 df,31 sa,31 sd,31 sp|31 hp,31 at,31 df,31 sa,31 sd,31 sp|31 hp,31 at,31 df,31 sa,31 sd,31 sp	6 at,252 sa,252 sp|6 hp,252 at,252 sp|6 hp,252 sa,252 sp|6 hp,252 at,252 sp|6 hp,252 at,252 sp|6 hp,252 at,252 sp|6 hp,252 at,252 sp	hzla_dynamic_calc_imp_1-3	Asserted	DYNAMIC	player_relative
46	Ruin Maniac Foster	Ruin Maniac Foster	1	route	Singles	Check Bad Move	2	55	55	FALSE	FALSE	Seismitoad:55:UNK:NONE:Hardy:Flail,Drain Punch,Echoed Voice,Hydro Pump|Sandslash:55:UNK:NONE:Hardy:Gyro Ball,Swords Dance,Sandstorm,Earthquake	0 hp,0 at,0 df,0 sa,0 sd,0 sp|0 hp,0 at,0 df,0 sa,0 sd,0 sp	0|0	hzla_dynamic_calc_imp_1-3	Asserted	NA	NA
47	Lvl -1 Ruin Maniac Dusty2	Lvl -1 Ruin Maniac Dusty	2	route	Singles	Check Bad Move	5	-1	-2	TRUE	TRUE	Dugtrio-Alola:-2:Sand Force:Life Orb:Jolly:Earthquake,Iron Head,Stone Edge,Sucker Punch|Minior:-2:Shields Down:White Herb:Naive:Shell Smash,Power Gem,Earthquake,Acrobatics|Dracovish:-2:Sand Rush:Mystic Water:Jolly:Fishious Rend,Dragon Claw,Ice Fang,Psychic Fangs|Aerodactyl:-1:Rock Head:Aerodactylite:Jolly:Hone Claws,Stone Edge,Earthquake,Dual Wingbeat|Aerodactyl-Mega:-1:Tough Claws:Aerodactylite:Jolly:Hone Claws,Stone Edge,Earthquake,Dual Wingbeat	31 hp,31 at,31 df,31 sa,31 sd,31 sp|31 hp,31 at,31 df,31 sa,31 sd,31 sp|31 hp,31 at,31 df,31 sa,31 sd,31 sp|31 hp,31 at,31 df,31 sa,31 sd,31 sp|31 hp,31 at,31 df,31 sa,31 sd,31 sp	6 hp,252 at,252 sp|252 at,6 sa,252 sp|6 hp,252 at,252 sp|6 hp,252 at,252 sp|6 hp,252 at,252 sp	hzla_dynamic_calc_imp_1-3	Asserted	NA	NA
48	Lvl -1 Ruin Maniac Dusty3	Lvl -1 Ruin Maniac Dusty	3	route	Singles	Check Bad Move	5	-1	-2	TRUE	TRUE	Dugtrio-Alola:-2:Sand Force:Life Orb:Jolly:Earthquake,Iron Head,Stone Edge,Sucker Punch|Minior:-2:Shields Down:White Herb:Naive:Shell Smash,Power Gem,Earthquake,Acrobatics|Dracovish:-2:Sand Rush:Mystic Water:Jolly:Fishious Rend,Dragon Claw,Ice Fang,Psychic Fangs|Aerodactyl:-1:Rock Head:Aerodactylite:Jolly:Hone Claws,Stone Edge,Earthquake,Dual Wingbeat|Aerodactyl-Mega:-1:Tough Claws:Aerodactylite:Jolly:Hone Claws,Stone Edge,Earthquake,Dual Wingbeat	31 hp,31 at,31 df,31 sa,31 sd,31 sp|31 hp,31 at,31 df,31 sa,31 sd,31 sp|31 hp,31 at,31 df,31 sa,31 sd,31 sp|31 hp,31 at,31 df,31 sa,31 sd,31 sp|31 hp,31 at,31 df,31 sa,31 sd,31 sp	6 hp,252 at,252 sp|252 at,6 sa,252 sp|6 hp,252 at,252 sp|6 hp,252 at,252 sp|6 hp,252 at,252 sp	hzla_dynamic_calc_imp_1-3	Asserted	NA	NA
49	Lvl -1 Ruin Maniac Dusty4	Lvl -1 Ruin Maniac Dusty	4	route	Singles	Check Bad Move	5	-1	-2	TRUE	TRUE	Dugtrio-Alola:-2:Sand Force:Life Orb:Jolly:Earthquake,Iron Head,Stone Edge,Sucker Punch|Minior:-2:Shields Down:White Herb:Naive:Shell Smash,Power Gem,Earthquake,Acrobatics|Dracovish:-2:Sand Rush:Mystic Water:Jolly:Fishious Rend,Dragon Claw,Ice Fang,Psychic Fangs|Aerodactyl:-1:Rock Head:Aerodactylite:Jolly:Hone Claws,Stone Edge,Earthquake,Dual Wingbeat|Aerodactyl-Mega:-1:Tough Claws:Aerodactylite:Jolly:Hone Claws,Stone Edge,Earthquake,Dual Wingbeat	31 hp,31 at,31 df,31 sa,31 sd,31 sp|31 hp,31 at,31 df,31 sa,31 sd,31 sp|31 hp,31 at,31 df,31 sa,31 sd,31 sp|31 hp,31 at,31 df,31 sa,31 sd,31 sp|31 hp,31 at,31 df,31 sa,31 sd,31 sp	6 hp,252 at,252 sp|252 at,6 sa,252 sp|6 hp,252 at,252 sp|6 hp,252 at,252 sp|6 hp,252 at,252 sp	hzla_dynamic_calc_imp_1-3	Asserted	NA	NA
50	Lvl -1 Ruin Maniac Dusty5	Lvl -1 Ruin Maniac Dusty	5	route	Singles	Check Bad Move	5	-1	-2	TRUE	TRUE	Dugtrio-Alola:-2:Sand Force:Life Orb:Jolly:Earthquake,Iron Head,Stone Edge,Sucker Punch|Minior:-2:Shields Down:White Herb:Naive:Shell Smash,Power Gem,Earthquake,Acrobatics|Dracovish:-2:Sand Rush:Mystic Water:Jolly:Fishious Rend,Dragon Claw,Ice Fang,Psychic Fangs|Aerodactyl:-1:Rock Head:Aerodactylite:Jolly:Hone Claws,Stone Edge,Earthquake,Dual Wingbeat|Aerodactyl-Mega:-1:Tough Claws:Aerodactylite:Jolly:Hone Claws,Stone Edge,Earthquake,Dual Wingbeat	31 hp,31 at,31 df,31 sa,31 sd,31 sp|31 hp,31 at,31 df,31 sa,31 sd,31 sp|31 hp,31 at,31 df,31 sa,31 sd,31 sp|31 hp,31 at,31 df,31 sa,31 sd,31 sp|31 hp,31 at,31 df,31 sa,31 sd,31 sp	6 hp,252 at,252 sp|252 at,6 sa,252 sp|6 hp,252 at,252 sp|6 hp,252 at,252 sp|6 hp,252 at,252 sp	hzla_dynamic_calc_imp_1-3	Asserted	NA	NA
51	Interviewer Gabby And Ty	Interviewer Gabby And Ty	1	route	Doubles	Check Bad Move	2	34	34	FALSE	FALSE	Swalot:34:UNK:NONE:Hardy:Stockpile,Spit Up,Swallow,Sludge Bomb|Zangoose:34:UNK:NONE:Hardy:Revenge,Crush Claw,False Swipe,Embargo	0 hp,0 at,0 df,0 sa,0 sd,0 sp|0 hp,0 at,0 df,0 sa,0 sd,0 sp	0|0	hzla_dynamic_calc_imp_1-3	Asserted	NA	NA
52	Interviewer Gabby And Ty2	Interviewer Gabby And Ty	2	route	Doubles	Check Bad Move	2	55	55	FALSE	FALSE	Swalot:55:UNK:NONE:Hardy:Gastro Acid,Belch,Wring Out,Gunk Shot|Zangoose:55:UNK:NONE:Hardy:Taunt,Agility,Swords Dance,Close Combat	0 hp,0 at,0 df,0 sa,0 sd,0 sp|0 hp,0 at,0 df,0 sa,0 sd,0 sp	0|0	hzla_dynamic_calc_imp_1-3	Asserted	NA	NA
53	Interviewer Gabby And Ty3	Interviewer Gabby And Ty	3	route	Doubles	Check Bad Move	2	60	60	FALSE	FALSE	Swalot:60:UNK:NONE:Hardy:Gastro Acid,Belch,Wring Out,Gunk Shot|Zangoose:60:UNK:NONE:Hardy:Taunt,Agility,Swords Dance,Close Combat	0 hp,0 at,0 df,0 sa,0 sd,0 sp|0 hp,0 at,0 df,0 sa,0 sd,0 sp	0|0	hzla_dynamic_calc_imp_1-3	Asserted	NA	NA
54	Interviewer Gabby And Ty4	Interviewer Gabby And Ty	4	route	Doubles	Check Bad Move	2	60	60	FALSE	FALSE	Swalot:60:UNK:NONE:Hardy:Gastro Acid,Belch,Wring Out,Gunk Shot|Zangoose:60:UNK:NONE:Hardy:Taunt,Agility,Swords Dance,Close Combat	0 hp,0 at,0 df,0 sa,0 sd,0 sp|0 hp,0 at,0 df,0 sa,0 sd,0 sp	0|0	hzla_dynamic_calc_imp_1-3	Asserted	NA	NA
55	Interviewer Gabby And Ty5	Interviewer Gabby And Ty	5	route	Doubles	Check Bad Move	2	60	60	FALSE	FALSE	Swalot:60:UNK:NONE:Hardy:Gastro Acid,Belch,Wring Out,Gunk Shot|Zangoose:60:UNK:NONE:Hardy:Taunt,Agility,Swords Dance,Close Combat	0 hp,0 at,0 df,0 sa,0 sd,0 sp|0 hp,0 at,0 df,0 sa,0 sd,0 sp	0|0	hzla_dynamic_calc_imp_1-3	Asserted	NA	NA
56	Interviewer Gabby And Ty6	Interviewer Gabby And Ty	6	route	Doubles	Check Bad Move	2	60	60	FALSE	FALSE	Swalot:60:UNK:NONE:Hardy:Gastro Acid,Belch,Wring Out,Gunk Shot|Zangoose:60:UNK:NONE:Hardy:Taunt,Agility,Swords Dance,Close Combat	0 hp,0 at,0 df,0 sa,0 sd,0 sp|0 hp,0 at,0 df,0 sa,0 sd,0 sp	0|0	hzla_dynamic_calc_imp_1-3	Asserted	NA	NA
57	Tuber F Lola	Tuber F Lola	1	route	Singles	Check Bad Move	2	20	20	TRUE	FALSE	Clamperl:20:UNK:NONE:Hardy:Bubble,Whirlpool,Iron Defense,Aurora Beam|Seadra:20:UNK:NONE:Hardy:Water Gun,Leer,Water Gun,Twister	31 hp,31 at,31 df,31 sa,31 sd,31 sp|31 hp,31 at,31 df,31 sa,31 sd,31 sp	0|0	hzla_dynamic_calc_imp_1-3	Asserted	NA	NA
58	Tuber F Austina	Tuber F Austina	1	route	Singles	Check Bad Move	1	56	56	FALSE	FALSE	Slaking:56:UNK:NONE:Hardy:Counter,Flail,Fling,Punishment	0 hp,0 at,0 df,0 sa,0 sd,0 sp	0	hzla_dynamic_calc_imp_1-3	Asserted	NA	NA
59	Tuber F Gwen	Tuber F Gwen	1	route	Singles	Check Bad Move	1	56	56	FALSE	FALSE	Slaking:56:UNK:NONE:Hardy:Counter,Flail,Fling,Punishment	0 hp,0 at,0 df,0 sa,0 sd,0 sp	0	hzla_dynamic_calc_imp_1-3	Asserted	NA	NA
60	Tuber F Lola2	Tuber F Lola	2	route	Singles	Check Bad Move	2	20	20	TRUE	FALSE	Clamperl:20:UNK:NONE:Hardy:Bubble,Whirlpool,Iron Defense,Aurora Beam|Seadra:20:UNK:NONE:Hardy:Water Gun,Leer,Water Gun,Twister	31 hp,31 at,31 df,31 sa,31 sd,31 sp|31 hp,31 at,31 df,31 sa,31 sd,31 sp	0|0	hzla_dynamic_calc_imp_1-3	Asserted	NA	NA
61	Tuber F Lola3	Tuber F Lola	3	route	Singles	Check Bad Move	2	20	20	TRUE	FALSE	Clamperl:20:UNK:NONE:Hardy:Bubble,Whirlpool,Iron Defense,Aurora Beam|Seadra:20:UNK:NONE:Hardy:Water Gun,Leer,Water Gun,Twister	31 hp,31 at,31 df,31 sa,31 sd,31 sp|31 hp,31 at,31 df,31 sa,31 sd,31 sp	0|0	hzla_dynamic_calc_imp_1-3	Asserted	NA	NA
62	Tuber F Lola4	Tuber F Lola	4	route	Singles	Check Bad Move	2	20	20	TRUE	FALSE	Clamperl:20:UNK:NONE:Hardy:Bubble,Whirlpool,Iron Defense,Aurora Beam|Seadra:20:UNK:NONE:Hardy:Water Gun,Leer,Water Gun,Twister	31 hp,31 at,31 df,31 sa,31 sd,31 sp|31 hp,31 at,31 df,31 sa,31 sd,31 sp	0|0	hzla_dynamic_calc_imp_1-3	Asserted	NA	NA
63	Tuber F Lola5	Tuber F Lola	5	route	Singles	Check Bad Move	2	20	20	TRUE	FALSE	Clamperl:20:UNK:NONE:Hardy:Bubble,Whirlpool,Iron Defense,Aurora Beam|Seadra:20:UNK:NONE:Hardy:Water Gun,Leer,Water Gun,Twister	31 hp,31 at,31 df,31 sa,31 sd,31 sp|31 hp,31 at,31 df,31 sa,31 sd,31 sp	0|0	hzla_dynamic_calc_imp_1-3	Asserted	NA	NA
64	Tuber M Ricky	Tuber M Ricky	1	route	Singles	Check Bad Move	1	22	22	TRUE	FALSE	Simipour:22:UNK:NONE:Hardy:Scald	31 hp,31 at,31 df,31 sa,31 sd,31 sp	0	hzla_dynamic_calc_imp_1-3	Asserted	NA	NA
65	Guitarist Brian 6 Badges	Guitarist Brian 6 Badges	1	route	Singles	Check Bad Move,Try To Faint,Check Viability,Smart Switching,Omniscient	7	0	0	FALSE	TRUE	Silvally-Dark:0:RKS System:Dark Memory:Jolly:Multi-Attack,Psychic Fangs,Rock Slide,Parting Shot|Silvally-Flying:0:RKS System:Flying Memory:Timid:Air Slash,Tailwind,Shadow Ball,Hidden Power|Silvally-Ground:0:RKS System:Ground Memory:Jolly:Multi-Attack,X-Scissor,Flame Charge,Swords Dance|Silvally-Grass:0:RKS System:Grass Memory:Jolly:Multi-Attack,U-turn,Fire Fang,Ice Fang|Silvally-Ice:0:RKS System:Ice Memory:Timid:Ice Beam,Thunderbolt,Flamethrower,Surf|Silvally:0:RKS System:Life Orb:Jolly:Multi-Attack,Iron Head,Dragon Claw,Shadow Claw|Steelix-Mega:0:Heatproof:Steelixite:Brave:Spin Out,Curse,Earthquake,Stone Edge	31 hp,31 at,31 df,31 sa,31 sd,31 sp|31 hp,31 at,30 df,30 sa,30 sd,30 sp|31 hp,31 at,31 df,31 sa,31 sd,31 sp|31 hp,31 at,31 df,31 sa,31 sd,31 sp|31 hp,31 at,31 df,31 sa,31 sd,31 sp|31 hp,31 at,31 df,31 sa,31 sd,31 sp|31 hp,31 at,31 df,31 sa,31 sd,31 sp	6 hp,252 at,252 sp|6 hp,252 sa,252 sp|6 hp,252 at,252 sp|6 hp,252 at,252 sp|6 hp,252 sa,252 sp|6 hp,252 at,252 sp|6 hp,252 at,252 df	hzla_dynamic_calc_imp_1-3	Asserted	NA	NA
66	Tuber M Charlie	Tuber M Charlie	1	route	Singles	Check Bad Move	2	56	56	FALSE	FALSE	Azumarill:56:UNK:NONE:Hardy:Rain Dance,Double-Edge,Superpower,Hydro Pump|Dudunsparce:56:UNK:NONE:Hardy:Air Slash,Dragon Rush,Endure,Crush Claw	0 hp,0 at,0 df,0 sa,0 sd,0 sp|0 hp,0 at,0 df,0 sa,0 sd,0 sp	0|0	hzla_dynamic_calc_imp_1-3	Asserted	NA	NA
67	Tuber M Ricky2	Tuber M Ricky	2	route	Singles	Check Bad Move	1	22	22	TRUE	FALSE	Simipour:22:UNK:NONE:Hardy:Scald	31 hp,31 at,31 df,31 sa,31 sd,31 sp	0	hzla_dynamic_calc_imp_1-3	Asserted	NA	NA
68	Tuber M Ricky3	Tuber M Ricky	3	route	Singles	Check Bad Move	1	22	22	TRUE	FALSE	Simipour:22:UNK:NONE:Hardy:Scald	31 hp,31 at,31 df,31 sa,31 sd,31 sp	0	hzla_dynamic_calc_imp_1-3	Asserted	NA	NA
69	Tuber M Ricky4	Tuber M Ricky	4	route	Singles	Check Bad Move	1	22	22	TRUE	FALSE	Simipour:22:UNK:NONE:Hardy:Scald	31 hp,31 at,31 df,31 sa,31 sd,31 sp	0	hzla_dynamic_calc_imp_1-3	Asserted	NA	NA
70	Tuber M Ricky5	Tuber M Ricky	5	route	Singles	Check Bad Move	1	22	22	TRUE	FALSE	Simipour:22:UNK:NONE:Hardy:Scald	31 hp,31 at,31 df,31 sa,31 sd,31 sp	0	hzla_dynamic_calc_imp_1-3	Asserted	NA	NA
71	Rival Master Poucine	Rival Master Poucine	1	rival	Singles	Check Bad Move,Try To Faint,Check Viability,Smart Switching,Omniscient	7	0	0	TRUE	TRUE	Dragapult:0:Clear Body:Dragon Fang:Jolly:Dragon Darts,U-turn,Shadow Claw,Dragon Dance|Sneasler:0:Poison Touch:Shuca Berry:Jolly:Swords Dance,Drain Punch,Dire Claw,Mach Punch|Rapidash-Galar:0:Flash Fire:Charcoal:Jolly:Fire Lash,Flame Charge,Play Rough,Wild Charge|Mamoswine:0:Thick Fat:Soft Sand:Adamant:Earthquake,Icicle Crash,Ice Shard,Stone Edge|Urshifu:0:Unseen Fist:Life Orb:Jolly:Close Combat,Wicked Blow,Sucker Punch,Swords Dance|Empoleon:0:Torrent:Empoleonite O:Jolly:Swords Dance,Aqua Jet,Iron Head,Liquidation|Empoleon-Mega-O:0:Emperors Presence:Empoleonite O:Jolly:Swords Dance,Aqua Jet,Iron Head,Liquidation	31 hp,31 at,31 df,31 sa,31 sd,31 sp|31 hp,31 at,31 df,31 sa,31 sd,31 sp|31 hp,31 at,31 df,31 sa,31 sd,31 sp|31 hp,31 at,31 df,31 sa,31 sd,31 sp|31 hp,31 at,31 df,31 sa,31 sd,31 sp|31 hp,31 at,31 df,31 sa,31 sd,31 sp|31 hp,31 at,31 df,31 sa,31 sd,31 sp	6 hp,252 at,252 sp|6 hp,252 at,252 sp|6 hp,252 at,252 sp|6 hp,252 at,252 sp|6 hp,252 at,252 sp|6 hp,252 at,252 sp|6 hp,252 at,252 sp	hzla_dynamic_calc_imp_1-3	Asserted	DYNAMIC	player_relative
72	Rival Oblivion Wing	Rival Oblivion Wing	1	rival	Singles	Check Bad Move,Try To Faint,Check Viability,Smart Switching,Omniscient	7	0	0	TRUE	TRUE	Gyarados:0:Intimidate:Mystic Water:Jolly:Ice Fang,Aqua Tail,Crunch,Twister|Greninja:0:Protean:Mystic Water:Timid:Scald,Icy Wind,Extrasensory,Water Pulse|Blaziken:0:Striker:Expert Belt:Adamant:Triple Arrows,Brave Bird,Blaze Kick,Quick Attack|Roaring Moon:0:Protosynthesis:Booster Energy:Jolly:Night Slash,Dragon Claw,Zen Headbutt,Headbutt|Urshifu:0:Unseen Fist:Life Orb:Jolly:Dynamic Punch,Wicked Blow,Iron Head,Detect|Luxray:0:Intimidate:Luxrite:Jolly:Crunch,Zing Zap,Thunder Fang,Baby-Doll Eyes|Luxray-Mega:0:Strong Jaw:Luxrite:Jolly:Crunch,Zing Zap,Thunder Fang,Baby-Doll Eyes	31 hp,31 at,31 df,31 sa,31 sd,31 sp|31 hp,31 at,31 df,31 sa,31 sd,31 sp|31 hp,31 at,31 df,31 sa,31 sd,31 sp|31 hp,31 at,31 df,31 sa,31 sd,31 sp|31 hp,31 at,31 df,31 sa,31 sd,31 sp|31 hp,31 at,31 df,31 sa,31 sd,31 sp|31 hp,31 at,31 df,31 sa,31 sd,31 sp	6 hp,252 at,252 sp|6 hp,252 sa,252 sp|6 hp,252 at,252 sp|6 hp,252 at,252 sp|6 hp,252 at,252 sp|6 hp,252 at,252 sp|6 hp,252 at,252 sp	hzla_dynamic_calc_imp_1-3	Asserted	DYNAMIC	player_relative
73	Guitarist Brian 7 Badges	Guitarist Brian 7 Badges	1	route	Doubles	Check Bad Move,Try To Faint,Check Viability,Smart Switching,Omniscient	6	0	0	TRUE	TRUE	Sandy Shocks:0:Water Compaction:Focus Sash:Timid:Bulldoze,Parabolic Charge,Substitute|Rhyperior:0:Solid Rock:Weakness Policy:Adamant:Stone Edge,Hammer Arm,Drill Run,Dragon Tail|Rotom-Fan:0:Motor Drive:Lum Berry:Timid:Air Slash,Discharge,Shadow Ball,Will-O-Wisp|Orthworm:0:Earth Eater:Leftovers:Impish:Heavy Slam,Body Press,Stomping Tantrum,Coil|Marowak-Alola:0:Lightning Rod:Thick Club:Brave:Heat Wave,Shadow Bone,Bonemerang,Icy Wind|Lanturn:0:Volt Absorb:Weakness Policy:Bold:Parabolic Charge,Scald,Dazzling Gleam,Ice Beam	31 hp,31 at,31 df,31 sa,31 sd,31 sp|31 hp,31 at,31 df,31 sa,31 sd,31 sp|31 hp,31 at,31 df,31 sa,31 sd,31 sp|31 hp,31 at,31 df,31 sa,31 sd,31 sp|31 hp,31 at,31 df,31 sa,31 sd,31 sp|31 hp,31 at,31 df,31 sa,31 sd,31 sp	6 hp,252 sa,252 sp|6 hp,252 at,252 sp|6 hp,252 sa,252 sp|6 hp,252 at,252 df|6 hp,252 at,252 sa|6 hp,252 df,252 sa	hzla_dynamic_calc_imp_1-3	Asserted	NA	NA
74	Rival Burak	Rival Burak	1	rival	Singles	Check Bad Move,Try To Faint,Check Viability,Smart Switching,Omniscient	7	0	0	TRUE	TRUE	Infernape:0:Iron Fist:Infernapite:Hasty:Fake Out,Overheat,Close Combat,Knock Off|Gouging Fire:0:Protosynthesis:Leftovers:Jolly:Heat Crash,Dragon Claw,Burning Bulwark,Morning Sun|Primarina:0:Liquid Voice:Assault Vest:Calm:Flip Turn,Moonblast,Ice Beam,Hyper Voice|Gyarados:0:Intimidate:Wacan Berry:Jolly:Aqua Tail,Ice Fang,Earthquake,Crunch|Kingambit:0:Defiant:Focus Sash:Adamant:Kowtow Cleave,Sucker Punch,Iron Head,Brick Break|Spidops:0:Stakeout:Life Orb:Adamant:First Impression,Skitter Smack,Facade,Rock Tomb|Infernape-Mega:0:Iron Fist:Infernapite:Hasty:Fake Out,Overheat,Close Combat,Knock Off	31 hp,31 at,31 df,31 sa,31 sd,31 sp|31 hp,31 at,31 df,31 sa,31 sd,31 sp|31 hp,31 at,31 df,31 sa,31 sd,31 sp|31 hp,31 at,31 df,31 sa,31 sd,31 sp|31 hp,31 at,31 df,31 sa,31 sd,31 sp|31 hp,31 at,31 df,31 sa,31 sd,31 sp|31 hp,31 at,31 df,31 sa,31 sd,31 sp	252 at,6 sa,252 sp|6 hp,252 at,252 sp|252 hp,6 sa,252 sd|6 hp,252 at,252 sp|6 hp,252 at,252 sp|6 hp,252 at,252 sp|252 at,6 sa,252 sp	hzla_dynamic_calc_imp_1-3	Asserted	DYNAMIC	player_relative
75	Cooltrainer Braxton	Cooltrainer Braxton	1	route	Singles	Check Bad Move,Try To Faint,Check Viability	3	56	56	FALSE	FALSE	Primeape:56:UNK:NONE:Hardy:Screech,Stomping Tantrum,Outrage,Cross Chop|Magnezone:56:UNK:NONE:Hardy:Screech,Discharge,Lock-On,Magnet Rise|Shiftry:56:UNK:NONE:Hardy:Hurricane,Nasty Plot,Leaf Storm,Toxic Spikes	0 hp,0 at,0 df,0 sa,0 sd,0 sp|0 hp,0 at,0 df,0 sa,0 sd,0 sp|0 hp,0 at,0 df,0 sa,0 sd,0 sp	0|0|0	hzla_dynamic_calc_imp_1-3	Asserted	NA	NA
76	Cooltrainer Vincent	Cooltrainer Vincent	1	route	Singles	Check Bad Move,Try To Faint,Check Viability	3	44	44	FALSE	FALSE	Sableye:44:UNK:NONE:Hardy:Power Gem,Shadow Ball,Foul Play,Quash|Medicham:44:UNK:NONE:Hardy:High Jump Kick,Psych Up,Power Trick,Reversal|Sharpedo:44:UNK:NONE:Hardy:Swagger,Ice Fang,Poison Fang,Crunch	12 hp,12 at,12 df,12 sa,12 sd,12 sp|12 hp,12 at,12 df,12 sa,12 sd,12 sp|12 hp,12 at,12 df,12 sa,12 sd,12 sp	0|0|0	hzla_dynamic_calc_imp_1-3	Asserted	NA	NA
77	Cooltrainer Leroy	Cooltrainer Leroy	1	route	Singles	Check Bad Move,Try To Faint,Check Viability	2	46	46	FALSE	FALSE	Mawile:46:UNK:NONE:Hardy:Stockpile,Swallow,Spit Up,Iron Head|Starmie:46:UNK:NONE:Hardy:Rapid Spin,Psybeam,Recover,Confuse Ray	12 hp,12 at,12 df,12 sa,12 sd,12 sp|12 hp,12 at,12 df,12 sa,12 sd,12 sp	0|0	hzla_dynamic_calc_imp_1-3	Asserted	NA	NA
78	Cooltrainer Wilton	Cooltrainer Wilton	1	route	Singles	Check Bad Move,Try To Faint,Check Viability	3	35	35	FALSE	FALSE	Noctowl:35:UNK:NONE:Hardy:Psycho Shift,Extrasensory,Air Slash,Reflect|Sawsbuck:35:UNK:NONE:Hardy:Return,Jump Kick,Aromatherapy,Energy Ball|Beheeyem:35:UNK:NONE:Hardy:Hidden Power,Imprison,Simple Beam,Zen Headbutt	0 hp,0 at,0 df,0 sa,0 sd,0 sp|0 hp,0 at,0 df,0 sa,0 sd,0 sp|0 hp,0 at,0 df,0 sa,0 sd,0 sp	0|0|0	hzla_dynamic_calc_imp_1-3	Asserted	NA	NA
79	Gentleman Edgar	Gentleman Edgar	1	route	Singles	Check Bad Move,Try To Faint,Check Viability	2	75	75	FALSE	FALSE	Greedent:75:UNK:NONE:Hardy:Counter,Super Fang,Belch,Recycle|Arcanine:75:UNK:NONE:Hardy:Fire Fang,Flare Blitz,Helping Hand,Retaliate	0 hp,0 at,0 df,0 sa,0 sd,0 sp|0 hp,0 at,0 df,0 sa,0 sd,0 sp	0|0	hzla_dynamic_calc_imp_1-3	Asserted	NA	NA
80	Cooltrainer Albert	Cooltrainer Albert	1	route	Singles	Check Bad Move,Try To Faint,Check Viability,Smart Switching,Omniscient	6	83	84	FALSE	TRUE	Toxapex:83:Regenerator:Black Sludge:Impish:Toxic Spikes,Haze,Liquidation,Poison Jab|Mabosstiff:83:Stakeout:Choice Band:Jolly:Crunch,Jaw Lock,Play Rough,Ice Fang|Sigilyph:83:Magic Guard:Life Orb:Timid:Air Slash,Roost,Stored Power,Cosmic Power|Rhyperior:83:Solid Rock:Weakness Policy:Jolly:Stone Edge,Earthquake,Thunder Punch,Megahorn|Venusaur:84:Overgrow:Venusaurite:Timid:Giga Drain,Sludge Bomb,Earth Power,Hidden Power|Venusaur-Mega:84:Thick Fat:Venusaurite:Timid:Giga Drain,Sludge Bomb,Earth Power,Hidden Power	31 hp,31 at,31 df,31 sa,31 sd,31 sp|31 hp,31 at,31 df,31 sa,31 sd,31 sp|31 hp,31 at,31 df,31 sa,31 sd,31 sp|31 hp,31 at,31 df,31 sa,31 sd,31 sp|31 hp,30 at,31 df,30 sa,31 sd,30 sp|31 hp,30 at,31 df,30 sa,31 sd,30 sp	252 hp,6 at,252 df|6 hp,252 at,252 sp|6 hp,252 sa,252 sp|6 hp,252 at,252 sp|6 hp,252 sa,252 sp|6 hp,252 sa,252 sp	hzla_dynamic_calc_imp_1-3	Asserted	NA	NA
81	Cooltrainer Samuel	Cooltrainer Samuel	1	route	Singles	Check Bad Move,Try To Faint,Check Viability,Smart Switching,Omniscient	6	83	84	TRUE	TRUE	Mienshao:83:Regenerator:Life Orb:Jolly:Fake Out,Close Combat,U-turn,Poison Jab|Flapple:83:Hustle:Wide Lens:Adamant:Scale Shot,Grav Apple,Sucker Punch,Dragon Dance|Mr. Rime:83:Screen Cleaner:Assault Vest:Timid:Freezy Frost,Psychic,Dazzling Gleam,Shadow Ball|Inteleon:83:Sniper:Choice Specs:Timid:Snipe Shot,Air Slash,Ice Beam,Hydro Pump|Pinsir:84:Hyper Cutter:Pinsirite:Jolly:X-Scissor,Double-Edge,Close Combat,Swords Dance|Pinsir-Mega:84:Aerilate:Pinsirite:Jolly:X-Scissor,Double-Edge,Close Combat,Swords Dance	31 hp,31 at,31 df,31 sa,31 sd,31 sp|31 hp,31 at,31 df,31 sa,31 sd,31 sp|31 hp,31 at,31 df,31 sa,31 sd,31 sp|31 hp,31 at,31 df,31 sa,31 sd,31 sp|31 hp,31 at,31 df,31 sa,31 sd,31 sp|31 hp,31 at,31 df,31 sa,31 sd,31 sp	6 hp,252 at,252 sp|6 hp,252 at,252 sp|6 hp,252 sa,252 sp|6 hp,252 sa,252 sp|6 hp,252 at,252 sp|6 hp,252 at,252 sp	hzla_dynamic_calc_imp_1-3	Asserted	NA	NA
82	Expert Vito	Expert Vito	1	route	Singles	Check Bad Move,Try To Faint,Check Viability	3	75	75	FALSE	FALSE	Goodra:75:UNK:NONE:Hardy:Dragon Pulse,Power Whip,Outrage,Dragon Hammer|Alakazam:75:UNK:NONE:Hardy:Psychic,Future Sight,Calm Mind,Focus Blast|Galvantula:75:UNK:NONE:Hardy:Sucker Punch,Discharge,Thunder Cage,Bug Buzz	0 hp,0 at,0 df,0 sa,0 sd,0 sp|0 hp,0 at,0 df,0 sa,0 sd,0 sp|0 hp,0 at,0 df,0 sa,0 sd,0 sp	0|0|0	hzla_dynamic_calc_imp_1-3	Asserted	NA	NA
83	Psychic Owen	Psychic Owen	1	route	Singles	Check Bad Move,Try To Faint,Check Viability	3	75	75	FALSE	FALSE	Sigilyph:75:UNK:NONE:Hardy:Air Slash,Psychic,Cosmic Power,Sky Attack|Swoobat:75:UNK:NONE:Hardy:Psychic,Calm Mind,Endeavor,Heat Wave|Xatu:75:UNK:NONE:Hardy:Future Sight,Power Swap,Guard Swap,Me First	0 hp,0 at,0 df,0 sa,0 sd,0 sp|0 hp,0 at,0 df,0 sa,0 sd,0 sp|0 hp,0 at,0 df,0 sa,0 sd,0 sp	0|0|0	hzla_dynamic_calc_imp_1-3	Asserted	NA	NA
84	Cooltrainer Wilton2	Cooltrainer Wilton	2	route	Singles	Check Bad Move,Try To Faint,Check Viability	3	35	35	FALSE	FALSE	Noctowl:35:UNK:NONE:Hardy:Psycho Shift,Extrasensory,Air Slash,Reflect|Sawsbuck:35:UNK:NONE:Hardy:Return,Jump Kick,Aromatherapy,Energy Ball|Beheeyem:35:UNK:NONE:Hardy:Hidden Power,Imprison,Simple Beam,Zen Headbutt	0 hp,0 at,0 df,0 sa,0 sd,0 sp|0 hp,0 at,0 df,0 sa,0 sd,0 sp|0 hp,0 at,0 df,0 sa,0 sd,0 sp	0|0|0	hzla_dynamic_calc_imp_1-3	Asserted	NA	NA
85	Cooltrainer Wilton3	Cooltrainer Wilton	3	route	Singles	Check Bad Move,Try To Faint,Check Viability	3	35	35	FALSE	FALSE	Noctowl:35:UNK:NONE:Hardy:Psycho Shift,Extrasensory,Air Slash,Reflect|Sawsbuck:35:UNK:NONE:Hardy:Return,Jump Kick,Aromatherapy,Energy Ball|Beheeyem:35:UNK:NONE:Hardy:Hidden Power,Imprison,Simple Beam,Zen Headbutt	0 hp,0 at,0 df,0 sa,0 sd,0 sp|0 hp,0 at,0 df,0 sa,0 sd,0 sp|0 hp,0 at,0 df,0 sa,0 sd,0 sp	0|0|0	hzla_dynamic_calc_imp_1-3	Asserted	NA	NA
86	Cooltrainer Wilton4	Cooltrainer Wilton	4	route	Singles	Check Bad Move,Try To Faint,Check Viability	3	35	35	FALSE	FALSE	Noctowl:35:UNK:NONE:Hardy:Psycho Shift,Extrasensory,Air Slash,Reflect|Sawsbuck:35:UNK:NONE:Hardy:Return,Jump Kick,Aromatherapy,Energy Ball|Beheeyem:35:UNK:NONE:Hardy:Hidden Power,Imprison,Simple Beam,Zen Headbutt	0 hp,0 at,0 df,0 sa,0 sd,0 sp|0 hp,0 at,0 df,0 sa,0 sd,0 sp|0 hp,0 at,0 df,0 sa,0 sd,0 sp	0|0|0	hzla_dynamic_calc_imp_1-3	Asserted	NA	NA
87	Cooltrainer Wilton5	Cooltrainer Wilton	5	route	Singles	Check Bad Move,Try To Faint,Check Viability	3	35	35	FALSE	FALSE	Noctowl:35:UNK:NONE:Hardy:Psycho Shift,Extrasensory,Air Slash,Reflect|Sawsbuck:35:UNK:NONE:Hardy:Return,Jump Kick,Aromatherapy,Energy Ball|Beheeyem:35:UNK:NONE:Hardy:Hidden Power,Imprison,Simple Beam,Zen Headbutt	0 hp,0 at,0 df,0 sa,0 sd,0 sp|0 hp,0 at,0 df,0 sa,0 sd,0 sp|0 hp,0 at,0 df,0 sa,0 sd,0 sp	0|0|0	hzla_dynamic_calc_imp_1-3	Asserted	NA	NA
88	Cooltrainer Warren	Cooltrainer Warren	1	route	Singles	Check Bad Move,Try To Faint,Check Viability	2	71	71	FALSE	FALSE	Golem:71:UNK:NONE:Hardy:Headlong Rush,Double-Edge,Stone Edge,Head Smash|Golem-Alola:71:UNK:NONE:Hardy:Double-Edge,Stone Edge,Head Smash,Volt Tackle	0 hp,0 at,0 df,0 sa,0 sd,0 sp|0 hp,0 at,0 df,0 sa,0 sd,0 sp	0|0	hzla_dynamic_calc_imp_1-3	Asserted	NA	NA
89	Cooltrainer Mary	Cooltrainer Mary	1	route	Singles	Check Bad Move,Try To Faint,Check Viability	1	26	26	TRUE	FALSE	Delcatty:26:UNK:NONE:Hardy:Feint Attack,Shock Wave	31 hp,31 at,31 df,31 sa,31 sd,31 sp	0	hzla_dynamic_calc_imp_1-3	Asserted	NA	NA
90	Cooltrainer Alexia	Cooltrainer Alexia	1	route	Singles	Check Bad Move,Try To Faint,Check Viability	1	26	26	TRUE	FALSE	Wigglytuff:26:UNK:NONE:Hardy:Defense Curl,Double-Edge,Shadow Ball	31 hp,31 at,31 df,31 sa,31 sd,31 sp	0	hzla_dynamic_calc_imp_1-3	Asserted	NA	NA
91	Cooltrainer Jody	Cooltrainer Jody	1	route	Singles	Check Bad Move,Try To Faint,Force Setup First Turn	1	26	26	TRUE	FALSE	Zangoose:26:UNK:NONE:Hardy:Swords Dance,Slash	31 hp,31 at,31 df,31 sa,31 sd,31 sp	0	hzla_dynamic_calc_imp_1-3	Asserted	NA	NA
92	Cooltrainer Wendy	Cooltrainer Wendy	1	route	Singles	Check Bad Move,Try To Faint,Force Setup First Turn	3	57	57	FALSE	FALSE	Emolga:57:UNK:NONE:Hardy:Encore,Volt Switch,Agility,Discharge|Roserade:57:UNK:NONE:Hardy:Mega Drain,Magical Leaf,Sweet Scent,Ancient Power|Clawitzer:57:UNK:NONE:Hardy:Smack Down,Aqua Jet,Muddy Water,Snipe Shot	0 hp,0 at,0 df,0 sa,0 sd,0 sp|0 hp,0 at,0 df,0 sa,0 sd,0 sp|0 hp,0 at,0 df,0 sa,0 sd,0 sp	0|0|0	hzla_dynamic_calc_imp_1-3	Asserted	NA	NA
93	Cooltrainer Keira	Cooltrainer Keira	1	route	Singles	Check Bad Move,Try To Faint,Force Setup First Turn	2	45	45	FALSE	FALSE	Lairon:45:UNK:NONE:Hardy:Metal Sound,Iron Tail,Iron Defense,Double-Edge|Manectric:45:UNK:NONE:Hardy:Bite,Discharge,Roar,Wild Charge	12 hp,12 at,12 df,12 sa,12 sd,12 sp|12 hp,12 at,12 df,12 sa,12 sd,12 sp	0|0	hzla_dynamic_calc_imp_1-3	Asserted	NA	NA
94	Cooltrainer Brooke	Cooltrainer Brooke	1	route	Singles	Check Bad Move,Try To Faint,Check Viability	2	37	37	FALSE	FALSE	Gogoat:37:UNK:NONE:Hardy:Take Down,Bulldoze,Seed Bomb,Bulk Up|Greedent:37:UNK:NONE:Hardy:Body Slam,Crunch,Rest,Counter	0 hp,0 at,0 df,0 sa,0 sd,0 sp|0 hp,0 at,0 df,0 sa,0 sd,0 sp	0|0	hzla_dynamic_calc_imp_1-3	Asserted	NA	NA
95	Cooltrainer Jennifer	Cooltrainer Jennifer	1	route	Singles	Check Bad Move,Try To Faint,Check Viability	1	64	64	FALSE	FALSE	Purugly:64:UNK:NONE:Hardy:Sucker Punch,Double-Edge,Attract,Hone Claws	0 hp,0 at,0 df,0 sa,0 sd,0 sp	0	hzla_dynamic_calc_imp_1-3	Asserted	NA	NA
96	Cooltrainer Hope	Cooltrainer Hope	1	route	Singles	Check Bad Move,Try To Faint,Check Viability,Smart Switching,Omniscient	6	83	84	TRUE	TRUE	Maushold:83:Technician:Wide Lens:Jolly:Population Bomb,Bite,Bullet Seed,Tidy Up|Marowak-Alola:83:Rock Head:Thick Club:Adamant:Shadow Bone,Flare Blitz,Bonemerang,Thunder Punch|Togekiss:83:Serene Grace:Leftovers:Timid:Air Slash,Thunder Wave,Moonblast,Roost|Xurkitree:83:Beast Boost:Life Orb:Timid:Thunderbolt,Signal Beam,Energy Ball,Tail Glow|Orbeetle:84:Swarm:Orbeetlite:Timid:Bug Buzz,Psychic,Energy Ball,Calm Mind|Orbeetle-Mega:84:Magic Guard:Orbeetlite:Timid:Bug Buzz,Psychic,Energy Ball,Calm Mind	31 hp,31 at,31 df,31 sa,31 sd,31 sp|31 hp,31 at,31 df,31 sa,31 sd,31 sp|31 hp,31 at,31 df,31 sa,31 sd,31 sp|31 hp,31 at,31 df,31 sa,31 sd,31 sp|31 hp,31 at,31 df,31 sa,31 sd,31 sp|31 hp,31 at,31 df,31 sa,31 sd,31 sp	6 hp,252 at,252 sp|6 hp,252 at,252 sp|6 hp,252 sa,252 sp|6 hp,252 sa,252 sp|6 hp,252 sa,252 sp|6 hp,252 sa,252 sp	hzla_dynamic_calc_imp_1-3	Asserted	NA	NA
97	Battle Girl Shannon	Battle Girl Shannon	1	route	Singles	Check Bad Move,Try To Faint,Check Viability	3	75	75	FALSE	FALSE	Sawk:75:UNK:NONE:Hardy:Reversal,Bulk Up,Hammer Arm,Close Combat|Throh:75:UNK:NONE:Hardy:Wide Guard,Superpower,Reversal,Bulk Up|Durant:75:UNK:NONE:Hardy:X-Scissor,Iron Defense,Hone Claws,Metal Sound	0 hp,0 at,0 df,0 sa,0 sd,0 sp|0 hp,0 at,0 df,0 sa,0 sd,0 sp|0 hp,0 at,0 df,0 sa,0 sd,0 sp	0|0|0	hzla_dynamic_calc_imp_1-3	Asserted	NA	NA
98	Cooltrainer Michelle	Cooltrainer Michelle	1	route	Singles	Check Bad Move,Try To Faint,Check Viability,Smart Switching,Omniscient	6	83	84	FALSE	TRUE	Carbink:83:Sturdy:Custap Berry:Sassy:Stealth Rock,Moonblast,Power Gem,Explosion|Polteageist:83:Heatproof:White Herb:Timid:Shadow Ball,Giga Drain,Stored Power,Shell Smash|Chatot:83:Punk Rock:Throat Spray:Timid:Chatter,Boomburst,Synchronoise,Hidden Power|Torterra:83:Self Sufficient:Leftovers:Impish:Wood Hammer,Earthquake,Crunch,Synthesis|Aggron:84:Sturdy:Aggronite:Impish:Heavy Slam,Stone Edge,Earthquake,Body Press|Aggron-Mega:84:Filter:Aggronite:Impish:Heavy Slam,Stone Edge,Earthquake,Body Press	31 hp,31 at,31 df,31 sa,31 sd,31 sp|31 hp,31 at,31 df,31 sa,31 sd,31 sp|31 hp,30 at,31 df,30 sa,31 sd,31 sp|31 hp,31 at,31 df,31 sa,31 sd,31 sp|31 hp,31 at,31 df,31 sa,31 sd,31 sp|31 hp,31 at,31 df,31 sa,31 sd,31 sp	252 hp,6 sa,252 sd|6 hp,252 sa,252 sp|6 hp,252 sa,252 sp|252 hp,6 at,252 df|252 hp,6 at,252 df|252 hp,6 at,252 df	hzla_dynamic_calc_imp_1-3	Asserted	NA	NA
99	Cooltrainer Caroline	Cooltrainer Caroline	1	route	Singles	Check Bad Move,Try To Faint,Check Viability,Smart Switching,Omniscient	6	83	84	TRUE	TRUE	Weavile:83:Infiltrator:Life Orb:Jolly:Fake Out,Icicle Crash,Knock Off,Low Kick|Magcargo:83:Simple:Focus Sash:Timid:Shell Smash,Flamethrower,Power Gem,Earth Power|Barraskewda:83:Swift Swim:Choice Band:Jolly:Liquidation,Scale Shot,Close Combat,Poison Jab|Mismagius:83:Levitate:Leftovers:Timid:Moonblast,Hex,Will-O-Wisp,Energy Ball|Lopunny:84:Limber:Lopunnite:Jolly:Fake Out,Return,Power-Up Punch,Play Rough|Lopunny-Mega:84:Scrappy:Lopunnite:Jolly:Fake Out,Return,Power-Up Punch,Play Rough	31 hp,31 at,31 df,31 sa,31 sd,31 sp|31 hp,31 at,31 df,31 sa,31 sd,31 sp|31 hp,31 at,31 df,31 sa,31 sd,31 sp|31 hp,31 at,31 df,31 sa,31 sd,31 sp|31 hp,31 at,31 df,31 sa,31 sd,31 sp|31 hp,31 at,31 df,31 sa,31 sd,31 sp	6 hp,252 at,252 sp|6 hp,252 sa,252 sp|6 hp,252 at,252 sp|6 hp,252 sa,252 sp|6 hp,252 at,252 sp|6 hp,252 at,252 sp	hzla_dynamic_calc_imp_1-3	Asserted	NA	NA
100	Triathlete Julie	Triathlete Julie	1	route	Singles	Check Bad Move,Try To Faint,Check Viability	3	75	75	FALSE	FALSE	Muk:75:UNK:NONE:Hardy:Gunk Shot,Acid Armor,Belch,Memento|Swalot:75:UNK:NONE:Hardy:Gastro Acid,Belch,Wring Out,Gunk Shot|Garbodor:75:UNK:NONE:Hardy:Amnesia,Belch,Gunk Shot,Explosion	0 hp,0 at,0 df,0 sa,0 sd,0 sp|0 hp,0 at,0 df,0 sa,0 sd,0 sp|0 hp,0 at,0 df,0 sa,0 sd,0 sp	0|0|0	hzla_dynamic_calc_imp_1-3	Asserted	NA	NA
101	Cooltrainer Brooke2	Cooltrainer Brooke	2	route	Singles	Check Bad Move,Try To Faint,Check Viability	2	37	37	FALSE	FALSE	Gogoat:37:UNK:NONE:Hardy:Take Down,Bulldoze,Seed Bomb,Bulk Up|Greedent:37:UNK:NONE:Hardy:Body Slam,Crunch,Rest,Counter	0 hp,0 at,0 df,0 sa,0 sd,0 sp|0 hp,0 at,0 df,0 sa,0 sd,0 sp	0|0	hzla_dynamic_calc_imp_1-3	Asserted	NA	NA
102	Cooltrainer Brooke3	Cooltrainer Brooke	3	route	Singles	Check Bad Move,Try To Faint,Check Viability	2	37	37	FALSE	FALSE	Gogoat:37:UNK:NONE:Hardy:Take Down,Bulldoze,Seed Bomb,Bulk Up|Greedent:37:UNK:NONE:Hardy:Body Slam,Crunch,Rest,Counter	0 hp,0 at,0 df,0 sa,0 sd,0 sp|0 hp,0 at,0 df,0 sa,0 sd,0 sp	0|0	hzla_dynamic_calc_imp_1-3	Asserted	NA	NA
103	Cooltrainer Brooke4	Cooltrainer Brooke	4	route	Singles	Check Bad Move,Try To Faint,Check Viability	2	37	37	FALSE	FALSE	Gogoat:37:UNK:NONE:Hardy:Take Down,Bulldoze,Seed Bomb,Bulk Up|Greedent:37:UNK:NONE:Hardy:Body Slam,Crunch,Rest,Counter	0 hp,0 at,0 df,0 sa,0 sd,0 sp|0 hp,0 at,0 df,0 sa,0 sd,0 sp	0|0	hzla_dynamic_calc_imp_1-3	Asserted	NA	NA
104	Cooltrainer Brooke5	Cooltrainer Brooke	5	route	Singles	Check Bad Move,Try To Faint,Check Viability	2	37	37	FALSE	FALSE	Gogoat:37:UNK:NONE:Hardy:Take Down,Bulldoze,Seed Bomb,Bulk Up|Greedent:37:UNK:NONE:Hardy:Body Slam,Crunch,Rest,Counter	0 hp,0 at,0 df,0 sa,0 sd,0 sp|0 hp,0 at,0 df,0 sa,0 sd,0 sp	0|0	hzla_dynamic_calc_imp_1-3	Asserted	NA	NA
105	Hex Maniac Patricia	Hex Maniac Patricia	1	route	Singles	Check Bad Move	2	41	41	FALSE	FALSE	Banette:41:UNK:NONE:Hardy:Curse,Shadow Ball,Embargo,Sucker Punch|Lunatone:41:UNK:NONE:Hardy:Lumina Crash,Future Sight,Stone Edge,Photon Geyser	0 hp,0 at,0 df,0 sa,0 sd,0 sp|0 hp,0 at,0 df,0 sa,0 sd,0 sp	0|0	hzla_dynamic_calc_imp_1-3	Asserted	NA	NA
106	Hex Maniac Kindra	Hex Maniac Kindra	1	route	Singles	Check Bad Move	2	56	56	FALSE	FALSE	Dusknoir:56:UNK:NONE:Hardy:Curse,Hex,Shadow Ball,Mean Look|Gothitelle:56:UNK:NONE:Hardy:Future Sight,Shadow Ball,Psychic,Charm	0 hp,0 at,0 df,0 sa,0 sd,0 sp|0 hp,0 at,0 df,0 sa,0 sd,0 sp	0|0	hzla_dynamic_calc_imp_1-3	Asserted	NA	NA
107	Lvl -1 Hex Maniac Tammy	Lvl -1 Hex Maniac Tammy	1	route	Singles	Check Bad Move,Try To Faint,Check Viability,Smart Switching,Omniscient	4	-1	-2	TRUE	TRUE	Jynx:-2:Dry Skin:Focus Sash:Timid:Fake Out,Psystrike,Freeze-Dry,Lovely Kiss|Toxicroak:-2:Dry Skin:Life Orb:Jolly:Fake Out,Gunk Shot,Close Combat,Sucker Punch|Heliolisk:-2:Dry Skin:Wise Glasses:Timid:Surf,Boomburst,Thunder,Dragon Pulse|Vivillon:-1:Shield Dust:Sharp Beak:Timid:Quiver Dance,Hurricane,Giga Drain,Sleep Powder	31 hp,31 at,31 df,31 sa,31 sd,31 sp|31 hp,31 at,31 df,31 sa,31 sd,31 sp|31 hp,31 at,31 df,31 sa,31 sd,31 sp|31 hp,31 at,31 df,31 sa,31 sd,31 sp	6 hp,252 sa,252 sp|6 hp,252 at,252 sp|6 hp,252 sa,252 sp|6 hp,252 sa,252 sp	hzla_dynamic_calc_imp_1-3	Asserted	NA	NA
108	Hex Maniac Valerie	Hex Maniac Valerie	1	route	Singles	Check Bad Move	1	65	65	FALSE	FALSE	Wobbuffet:65:UNK:NONE:Hardy:Destiny Bond,Safeguard,Counter,Mirror Coat	0 hp,0 at,0 df,0 sa,0 sd,0 sp	0	hzla_dynamic_calc_imp_1-3	Asserted	NA	NA
109	Hex Maniac Tasha	Hex Maniac Tasha	1	route	Singles	Check Bad Move	1	65	65	FALSE	FALSE	Dusknoir:65:UNK:NONE:Hardy:Shadow Ball,Mean Look,Payback,Hammer Arm	0 hp,0 at,0 df,0 sa,0 sd,0 sp	0	hzla_dynamic_calc_imp_1-3	Asserted	NA	NA
110	Hex Maniac Valerie2	Hex Maniac Valerie	2	route	Singles	Check Bad Move	1	65	65	FALSE	FALSE	Wobbuffet:65:UNK:NONE:Hardy:Destiny Bond,Safeguard,Counter,Mirror Coat	0 hp,0 at,0 df,0 sa,0 sd,0 sp	0	hzla_dynamic_calc_imp_1-3	Asserted	NA	NA
111	Hex Maniac Valerie3	Hex Maniac Valerie	3	route	Singles	Check Bad Move	1	65	65	FALSE	FALSE	Wobbuffet:65:UNK:NONE:Hardy:Destiny Bond,Safeguard,Counter,Mirror Coat	0 hp,0 at,0 df,0 sa,0 sd,0 sp	0	hzla_dynamic_calc_imp_1-3	Asserted	NA	NA
112	Hex Maniac Valerie4	Hex Maniac Valerie	4	route	Singles	Check Bad Move	1	65	65	FALSE	FALSE	Wobbuffet:65:UNK:NONE:Hardy:Destiny Bond,Safeguard,Counter,Mirror Coat	0 hp,0 at,0 df,0 sa,0 sd,0 sp	0	hzla_dynamic_calc_imp_1-3	Asserted	NA	NA
113	Hex Maniac Valerie5	Hex Maniac Valerie	5	route	Singles	Check Bad Move	1	65	65	FALSE	FALSE	Wobbuffet:65:UNK:NONE:Hardy:Destiny Bond,Safeguard,Counter,Mirror Coat	0 hp,0 at,0 df,0 sa,0 sd,0 sp	0	hzla_dynamic_calc_imp_1-3	Asserted	NA	NA
114	Lady Cindy	Lady Cindy	1	route	Singles	Check Bad Move	1	7	7	FALSE	FALSE	Cutiefly:7:UNK:NONE:Hardy:Mega Drain,Fairy Wind,Stun Spore	0 hp,0 at,0 df,0 sa,0 sd,0 sp	0	hzla_dynamic_calc_imp_1-3	Asserted	NA	NA
115	Lady Daphne	Lady Daphne	1	route	Singles	Check Bad Move	2	70	70	FALSE	FALSE	Clefable:70:UNK:NONE:Hardy:Double Slap,Metronome,Teleport,Moonblast|Whimsicott:70:UNK:NONE:Hardy:Gust,Tailwind,Hurricane,Moonblast	0 hp,0 at,0 df,0 sa,0 sd,0 sp|0 hp,0 at,0 df,0 sa,0 sd,0 sp	0|0	hzla_dynamic_calc_imp_1-3	Asserted	NA	NA
116	Team Magma Grunt Space Center2	Team Magma Grunt Space Center	2	route	Singles	Check Bad Move	3	26	30	FALSE	FALSE	Mightyena:26:UNK:NONE:Hardy:Odor Sleuth,Roar,Poison Fang,Assurance|Mightyena:28:UNK:NONE:Hardy:Roar,Poison Fang,Assurance,Scary Face|Numel:30:UNK:NONE:Hardy:Amnesia,Lava Plume,Earth Power,Curse	0 hp,0 at,0 df,0 sa,0 sd,0 sp|0 hp,0 at,0 df,0 sa,0 sd,0 sp|0 hp,0 at,0 df,0 sa,0 sd,0 sp	0|0|0	hzla_dynamic_calc_imp_1-3	Asserted	NA	NA
117	Lady Cindy2	Lady Cindy	2	route	Singles	Check Bad Move	1	7	7	FALSE	FALSE	Cutiefly:7:UNK:NONE:Hardy:Mega Drain,Fairy Wind,Stun Spore	0 hp,0 at,0 df,0 sa,0 sd,0 sp	0	hzla_dynamic_calc_imp_1-3	Asserted	NA	NA
118	Lady Brianna	Lady Brianna	1	route	Singles	Check Bad Move	2	70	70	FALSE	FALSE	Mr. Mime:70:UNK:NONE:Hardy:Safeguard,Moonblast,Sparkly Swirl,Psycho Boost|Mr. Rime:70:UNK:NONE:Hardy:Psychic,Teeter Dance,Frost Breath,Freezy Frost	0 hp,0 at,0 df,0 sa,0 sd,0 sp|0 hp,0 at,0 df,0 sa,0 sd,0 sp	0|0	hzla_dynamic_calc_imp_1-3	Asserted	NA	NA
119	Lady Naomi	Lady Naomi	1	route	Singles	Check Bad Move	1	45	45	FALSE	FALSE	Roselia:45:UNK:NONE:Hardy:Ingrain,Petal Blizzard,Toxic,Aromatherapy	12 hp,12 at,12 df,12 sa,12 sd,12 sp	0	hzla_dynamic_calc_imp_1-3	Asserted	NA	NA
120	Lady Cindy3	Lady Cindy	3	route	Singles	Check Bad Move	1	7	7	FALSE	FALSE	Cutiefly:7:UNK:NONE:Hardy:Mega Drain,Fairy Wind,Stun Spore	0 hp,0 at,0 df,0 sa,0 sd,0 sp	0	hzla_dynamic_calc_imp_1-3	Asserted	NA	NA
121	Lady Cindy4	Lady Cindy	4	route	Singles	Check Bad Move	1	7	7	FALSE	FALSE	Cutiefly:7:UNK:NONE:Hardy:Mega Drain,Fairy Wind,Stun Spore	0 hp,0 at,0 df,0 sa,0 sd,0 sp	0	hzla_dynamic_calc_imp_1-3	Asserted	NA	NA
122	Lady Cindy5	Lady Cindy	5	route	Singles	Check Bad Move	1	7	7	FALSE	FALSE	Cutiefly:7:UNK:NONE:Hardy:Mega Drain,Fairy Wind,Stun Spore	0 hp,0 at,0 df,0 sa,0 sd,0 sp	0	hzla_dynamic_calc_imp_1-3	Asserted	NA	NA
123	Lady Cindy6	Lady Cindy	6	route	Singles	Check Bad Move	1	7	7	FALSE	FALSE	Cutiefly:7:UNK:NONE:Hardy:Mega Drain,Fairy Wind,Stun Spore	0 hp,0 at,0 df,0 sa,0 sd,0 sp	0	hzla_dynamic_calc_imp_1-3	Asserted	NA	NA
124	Beauty Melissa	Beauty Melissa	1	route	Singles	Check Bad Move	1	40	40	FALSE	FALSE	Vigoroth:40:UNK:NONE:Hardy:Slash,Chip Away,Counter,Focus Punch	0 hp,0 at,0 df,0 sa,0 sd,0 sp	0	hzla_dynamic_calc_imp_1-3	Asserted	NA	NA
125	Beauty Sheila	Beauty Sheila	1	route	Singles	Check Bad Move	1	40	40	FALSE	FALSE	Breloom:40:UNK:NONE:Hardy:Counter,Force Palm,Mind Reader,Sky Uppercut	0 hp,0 at,0 df,0 sa,0 sd,0 sp	0	hzla_dynamic_calc_imp_1-3	Asserted	NA	NA
126	Beauty Shirley	Beauty Shirley	1	route	Singles	Check Bad Move	1	40	40	FALSE	FALSE	Heatmor:40:UNK:NONE:Hardy:Fury Swipes,Snatch,Flame Burst,Bug Bite	0 hp,0 at,0 df,0 sa,0 sd,0 sp	0	hzla_dynamic_calc_imp_1-3	Asserted	NA	NA
127	Lvl -1 Beauty Jessica	Lvl -1 Beauty Jessica	1	route	Singles	Check Bad Move,Try To Faint,Check Viability,Will Suicide,Smart Switching,Omniscient	5	-1	-2	TRUE	TRUE	Magnezone:-2:Sturdy:Custap Berry:Naive:Explosion,Flash Cannon,Thunder,Body Press|Gliscor:-2:Poison Heal:Toxic Orb:Jolly:Roost,Earthquake,Dual Wingbeat,Knock Off|Crawdaunt:-2:Adaptability:Life Orb:Adamant:Liquidation,Knock Off,X-Scissor,Aqua Jet|Blastoise:-1:Torrent:Blastoisinite:Timid:Shell Smash,Water Pulse,Ice Beam,Aura Sphere|Blastoise-Mega:-1:Mega Launcher:Blastoisinite:Timid:Shell Smash,Water Pulse,Ice Beam,Aura Sphere	31 hp,31 at,31 df,31 sa,31 sd,31 sp|31 hp,31 at,31 df,31 sa,31 sd,31 sp|31 hp,31 at,31 df,31 sa,31 sd,31 sp|31 hp,31 at,31 df,31 sa,31 sd,31 sp|31 hp,31 at,31 df,31 sa,31 sd,31 sp	6 at,252 sa,252 sp|6 hp,252 at,252 sp|6 hp,252 at,252 sp|6 hp,252 sa,252 sp|6 hp,252 sa,252 sp	hzla_dynamic_calc_imp_1-3	Asserted	NA	NA
128	Beauty Connie	Beauty Connie	1	route	Singles	Check Bad Move	1	72	72	FALSE	FALSE	Alcremie:72:UNK:NONE:Hardy:Recover,Misty Terrain,Entrainment,Moonblast	0 hp,0 at,0 df,0 sa,0 sd,0 sp	0	hzla_dynamic_calc_imp_1-3	Asserted	NA	NA
129	Beauty Bridget	Beauty Bridget	1	route	Singles	Check Bad Move	1	71	71	FALSE	FALSE	Azumarill:71:UNK:NONE:Hardy:Rain Dance,Double-Edge,Superpower,Hydro Pump	0 hp,0 at,0 df,0 sa,0 sd,0 sp	0	hzla_dynamic_calc_imp_1-3	Asserted	NA	NA
130	Beauty Olivia	Beauty Olivia	1	route	Singles	Check Bad Move	2	71	71	FALSE	FALSE	Gorebyss:71:UNK:NONE:Hardy:Coil,Moonblast,Hydro Pump,Shell Smash|Huntail:71:UNK:NONE:Hardy:Crunch,Aqua Fang,Shell Smash,Wave Crash	0 hp,0 at,0 df,0 sa,0 sd,0 sp|0 hp,0 at,0 df,0 sa,0 sd,0 sp	0|0	hzla_dynamic_calc_imp_1-3	Asserted	NA	NA
131	Beauty Tiffany	Beauty Tiffany	1	route	Singles	Check Bad Move	2	70	70	FALSE	FALSE	Dachsbun:70:UNK:NONE:Hardy:Wish,Charm,Crunch,Last Resort|Hatterene:70:UNK:NONE:Hardy:Psychic,Healing Wish,Magic Powder,Moonblast	0 hp,0 at,0 df,0 sa,0 sd,0 sp|0 hp,0 at,0 df,0 sa,0 sd,0 sp	0|0	hzla_dynamic_calc_imp_1-3	Asserted	NA	NA
132	Lvl -1 Beauty Jessica2	Lvl -1 Beauty Jessica	2	route	Singles	Check Bad Move	5	-1	-2	TRUE	TRUE	Magnezone:-2:Sturdy:Custap Berry:Hasty:Explosion,Flash Cannon,Thunder,Stealth Rock|Gliscor:-2:Poison Heal:Toxic Orb:Jolly:Roost,Earthquake,Dual Wingbeat,Knock Off|Crawdaunt:-2:Adaptability:Life Orb:Adamant:Liquidation,Knock Off,X-Scissor,Aqua Jet|Blastoise:-1:Torrent:Blastoisinite:Timid:Shell Smash,Water Pulse,Ice Beam,Aura Sphere|Blastoise-Mega:-1:Mega Launcher:Blastoisinite:Timid:Shell Smash,Water Pulse,Ice Beam,Aura Sphere	31 hp,31 at,31 df,31 sa,31 sd,31 sp|31 hp,31 at,31 df,31 sa,31 sd,31 sp|31 hp,31 at,31 df,31 sa,31 sd,31 sp|31 hp,31 at,31 df,31 sa,31 sd,31 sp|31 hp,31 at,31 df,31 sa,31 sd,31 sp	6 at,252 sa,252 sp|6 hp,252 at,252 sp|6 hp,252 at,252 sp|6 hp,252 sa,252 sp|6 hp,252 sa,252 sp	hzla_dynamic_calc_imp_1-3	Asserted	NA	NA
133	Lvl -1 Beauty Jessica3	Lvl -1 Beauty Jessica	3	route	Singles	Check Bad Move	5	-1	-2	TRUE	TRUE	Magnezone:-2:Sturdy:Custap Berry:Hasty:Explosion,Flash Cannon,Thunder,Stealth Rock|Gliscor:-2:Poison Heal:Toxic Orb:Jolly:Roost,Earthquake,Dual Wingbeat,Knock Off|Crawdaunt:-2:Adaptability:Life Orb:Adamant:Liquidation,Knock Off,X-Scissor,Aqua Jet|Blastoise:-1:Torrent:Blastoisinite:Timid:Shell Smash,Water Pulse,Ice Beam,Aura Sphere|Blastoise-Mega:-1:Mega Launcher:Blastoisinite:Timid:Shell Smash,Water Pulse,Ice Beam,Aura Sphere	31 hp,31 at,31 df,31 sa,31 sd,31 sp|31 hp,31 at,31 df,31 sa,31 sd,31 sp|31 hp,31 at,31 df,31 sa,31 sd,31 sp|31 hp,31 at,31 df,31 sa,31 sd,31 sp|31 hp,31 at,31 df,31 sa,31 sd,31 sp	6 at,252 sa,252 sp|6 hp,252 at,252 sp|6 hp,252 at,252 sp|6 hp,252 sa,252 sp|6 hp,252 sa,252 sp	hzla_dynamic_calc_imp_1-3	Asserted	NA	NA
134	Lvl -1 Beauty Jessica4	Lvl -1 Beauty Jessica	4	route	Singles	Check Bad Move	5	-1	-2	TRUE	TRUE	Magnezone:-2:Sturdy:Custap Berry:Hasty:Explosion,Flash Cannon,Thunder,Stealth Rock|Gliscor:-2:Poison Heal:Toxic Orb:Jolly:Roost,Earthquake,Dual Wingbeat,Knock Off|Crawdaunt:-2:Adaptability:Life Orb:Adamant:Liquidation,Knock Off,X-Scissor,Aqua Jet|Blastoise:-1:Torrent:Blastoisinite:Timid:Shell Smash,Water Pulse,Ice Beam,Aura Sphere|Blastoise-Mega:-1:Mega Launcher:Blastoisinite:Timid:Shell Smash,Water Pulse,Ice Beam,Aura Sphere	31 hp,31 at,31 df,31 sa,31 sd,31 sp|31 hp,31 at,31 df,31 sa,31 sd,31 sp|31 hp,31 at,31 df,31 sa,31 sd,31 sp|31 hp,31 at,31 df,31 sa,31 sd,31 sp|31 hp,31 at,31 df,31 sa,31 sd,31 sp	6 at,252 sa,252 sp|6 hp,252 at,252 sp|6 hp,252 at,252 sp|6 hp,252 sa,252 sp|6 hp,252 sa,252 sp	hzla_dynamic_calc_imp_1-3	Asserted	NA	NA
135	Lvl -1 Beauty Jessica5	Lvl -1 Beauty Jessica	5	route	Singles	Check Bad Move	5	-1	-2	TRUE	TRUE	Magnezone:-2:Sturdy:Custap Berry:Hasty:Explosion,Flash Cannon,Thunder,Stealth Rock|Gliscor:-2:Poison Heal:Toxic Orb:Jolly:Roost,Earthquake,Dual Wingbeat,Knock Off|Crawdaunt:-2:Adaptability:Life Orb:Adamant:Liquidation,Knock Off,X-Scissor,Aqua Jet|Blastoise:-1:Torrent:Blastoisinite:Timid:Shell Smash,Water Pulse,Ice Beam,Aura Sphere|Blastoise-Mega:-1:Mega Launcher:Blastoisinite:Timid:Shell Smash,Water Pulse,Ice Beam,Aura Sphere	31 hp,31 at,31 df,31 sa,31 sd,31 sp|31 hp,31 at,31 df,31 sa,31 sd,31 sp|31 hp,31 at,31 df,31 sa,31 sd,31 sp|31 hp,31 at,31 df,31 sa,31 sd,31 sp|31 hp,31 at,31 df,31 sa,31 sd,31 sp	6 at,252 sa,252 sp|6 hp,252 at,252 sp|6 hp,252 at,252 sp|6 hp,252 sa,252 sp|6 hp,252 sa,252 sp	hzla_dynamic_calc_imp_1-3	Asserted	NA	NA
136	Rich Boy Winston	Rich Boy Winston	1	route	Singles	Check Bad Move	1	8	8	FALSE	FALSE	Yungoos:8:UNK:NONE:Hardy:Tackle,Leer,Pursuit	0 hp,0 at,0 df,0 sa,0 sd,0 sp	0	hzla_dynamic_calc_imp_1-3	Asserted	NA	NA
137	Expert Mollie	Expert Mollie	1	route	Singles	Check Bad Move	2	33	33	FALSE	FALSE	Whiscash:33:UNK:NONE:Hardy:Magnitude,Rest,Snore,Water Pulse|Meditite:33:UNK:NONE:Hardy:Calm Mind,Mind Reader,High Jump Kick,Psych Up	0 hp,0 at,0 df,0 sa,0 sd,0 sp|24 hp,24 at,24 df,24 sa,24 sd,24 sp	0|0	hzla_dynamic_calc_imp_1-3	Asserted	NA	NA
138	Rich Boy Garret	Rich Boy Garret	1	route	Singles	Check Bad Move	1	45	45	FALSE	FALSE	Azumarill:45:UNK:NONE:Hardy:Play Rough,Aqua Ring,Rain Dance,Double-Edge	0 hp,0 at,0 df,0 sa,0 sd,0 sp	0	hzla_dynamic_calc_imp_1-3	Asserted	NA	NA
139	Rich Boy Winston2	Rich Boy Winston	2	route	Singles	Check Bad Move	1	8	8	FALSE	FALSE	Yungoos:8:UNK:NONE:Hardy:Tackle,Leer,Pursuit	0 hp,0 at,0 df,0 sa,0 sd,0 sp	0	hzla_dynamic_calc_imp_1-3	Asserted	NA	NA
140	Rich Boy Winston3	Rich Boy Winston	3	route	Singles	Check Bad Move	1	8	8	FALSE	FALSE	Yungoos:8:UNK:NONE:Hardy:Tackle,Leer,Pursuit	0 hp,0 at,0 df,0 sa,0 sd,0 sp	0	hzla_dynamic_calc_imp_1-3	Asserted	NA	NA
141	Rich Boy Winston4	Rich Boy Winston	4	route	Singles	Check Bad Move	1	8	8	FALSE	FALSE	Yungoos:8:UNK:NONE:Hardy:Tackle,Leer,Pursuit	0 hp,0 at,0 df,0 sa,0 sd,0 sp	0	hzla_dynamic_calc_imp_1-3	Asserted	NA	NA
142	Rich Boy Winston5	Rich Boy Winston	5	route	Singles	Check Bad Move	1	8	8	FALSE	FALSE	Yungoos:8:UNK:NONE:Hardy:Tackle,Leer,Pursuit	0 hp,0 at,0 df,0 sa,0 sd,0 sp	0	hzla_dynamic_calc_imp_1-3	Asserted	NA	NA
143	Pokemaniac Steve	Pokemaniac Steve	1	route	Singles	Check Bad Move	3	36	36	FALSE	FALSE	Kadabra:36:UNK:NONE:Hardy:Miracle Eye,Reflect,Energy Ball,Recover|Forretress:36:UNK:NONE:Hardy:Natural Gift,Spikes,Payback,Explosion|Lickilicky:36:UNK:NONE:Hardy:Stomp,Disable,Slam,Rollout	0 hp,0 at,0 df,0 sa,0 sd,0 sp|0 hp,0 at,0 df,0 sa,0 sd,0 sp|0 hp,0 at,0 df,0 sa,0 sd,0 sp	0|0|0	hzla_dynamic_calc_imp_1-3	Asserted	NA	NA
144	Beauty Thalia	Beauty Thalia	1	route	Singles	Check Bad Move	2	56	56	FALSE	FALSE	Alakazam:56:UNK:NONE:Hardy:Recover,Psychic,Future Sight,Calm Mind|Granbull:56:UNK:NONE:Hardy:Jaw Lock,Raging Bull,Payback,Hammer Arm	0 hp,0 at,0 df,0 sa,0 sd,0 sp|0 hp,0 at,0 df,0 sa,0 sd,0 sp	0|0	hzla_dynamic_calc_imp_1-3	Asserted	NA	NA
145	Pokemaniac Mark	Pokemaniac Mark	1	route	Singles	Check Bad Move	1	65	65	FALSE	FALSE	Trevenant:65:UNK:NONE:Hardy:Ingrain,Wood Hammer,Destiny Bond,Forest's Curse	0 hp,0 at,0 df,0 sa,0 sd,0 sp	0	hzla_dynamic_calc_imp_1-3	Asserted	NA	NA
146	Magma Admin Courtney Mt Chimney	Magma Admin Courtney Mt Chimney	1	admin	Singles	Check Bad Move,Try To Faint,Check Viability,Smart Switching,Omniscient	4	43	43	FALSE	TRUE	Centiskorch:43:Flash Fire:Centiskite:Jolly:X-Scissor,Fire Lash,Crunch,Power Whip|Serperior:43:Contrary:Focus Sash:Timid:Leaf Storm,Dragon Pulse,Hidden Power,Glare|Tauros-Paldea-Blaze:43:Intimidate:Life Orb:Jolly:Stone Edge,Raging Bull,Close Combat,Zen Headbutt|Centiskorch-Mega:43:Mountaineer:Centiskite:Jolly:X-Scissor,Fire Lash,Crunch,Power Whip	31 hp,31 at,31 df,31 sa,31 sd,31 sp|31 hp,31 at,31 df,31 sa,31 sd,30 sp|31 hp,31 at,31 df,31 sa,31 sd,31 sp|31 hp,31 at,31 df,31 sa,31 sd,31 sp	6 hp,252 at,252 sp|6 hp,252 sa,252 sp|6 hp,252 at,252 sp|6 hp,252 at,252 sp	hzla_dynamic_calc_imp_1-3	Asserted	7	bounded
147	Pokemaniac Steve2	Pokemaniac Steve	2	route	Singles	Check Bad Move	3	36	36	FALSE	FALSE	Kadabra:36:UNK:NONE:Hardy:Miracle Eye,Reflect,Energy Ball,Recover|Forretress:36:UNK:NONE:Hardy:Natural Gift,Spikes,Payback,Explosion|Lickilicky:36:UNK:NONE:Hardy:Stomp,Disable,Slam,Rollout	0 hp,0 at,0 df,0 sa,0 sd,0 sp|0 hp,0 at,0 df,0 sa,0 sd,0 sp|0 hp,0 at,0 df,0 sa,0 sd,0 sp	0|0|0	hzla_dynamic_calc_imp_1-3	Asserted	NA	NA
148	Pokemaniac Steve3	Pokemaniac Steve	3	route	Singles	Check Bad Move	3	36	36	FALSE	FALSE	Kadabra:36:UNK:NONE:Hardy:Miracle Eye,Reflect,Energy Ball,Recover|Forretress:36:UNK:NONE:Hardy:Natural Gift,Spikes,Payback,Explosion|Lickilicky:36:UNK:NONE:Hardy:Stomp,Disable,Slam,Rollout	0 hp,0 at,0 df,0 sa,0 sd,0 sp|0 hp,0 at,0 df,0 sa,0 sd,0 sp|0 hp,0 at,0 df,0 sa,0 sd,0 sp	0|0|0	hzla_dynamic_calc_imp_1-3	Asserted	NA	NA
149	Pokemaniac Steve4	Pokemaniac Steve	4	route	Singles	Check Bad Move	3	36	36	FALSE	FALSE	Kadabra:36:UNK:NONE:Hardy:Miracle Eye,Reflect,Energy Ball,Recover|Forretress:36:UNK:NONE:Hardy:Natural Gift,Spikes,Payback,Explosion|Lickilicky:36:UNK:NONE:Hardy:Stomp,Disable,Slam,Rollout	0 hp,0 at,0 df,0 sa,0 sd,0 sp|0 hp,0 at,0 df,0 sa,0 sd,0 sp|0 hp,0 at,0 df,0 sa,0 sd,0 sp	0|0|0	hzla_dynamic_calc_imp_1-3	Asserted	NA	NA
150	Pokemaniac Steve5	Pokemaniac Steve	5	route	Singles	Check Bad Move	3	36	36	FALSE	FALSE	Kadabra:36:UNK:NONE:Hardy:Miracle Eye,Reflect,Energy Ball,Recover|Forretress:36:UNK:NONE:Hardy:Natural Gift,Spikes,Payback,Explosion|Lickilicky:36:UNK:NONE:Hardy:Stomp,Disable,Slam,Rollout	0 hp,0 at,0 df,0 sa,0 sd,0 sp|0 hp,0 at,0 df,0 sa,0 sd,0 sp|0 hp,0 at,0 df,0 sa,0 sd,0 sp	0|0|0	hzla_dynamic_calc_imp_1-3	Asserted	NA	NA
151	Swimmer M Luis	Swimmer M Luis	1	route	Singles	Check Bad Move	2	55	55	FALSE	FALSE	Bruxish:55:UNK:NONE:Hardy:Screech,Psychic Fangs,Wave Crash,Aqua Fang|Sharpedo:55:UNK:NONE:Hardy:Poison Fang,Crunch,Agility,Skull Bash	0 hp,0 at,0 df,0 sa,0 sd,0 sp|0 hp,0 at,0 df,0 sa,0 sd,0 sp	0|0	hzla_dynamic_calc_imp_1-3	Asserted	NA	NA
152	Swimmer M Dominik	Swimmer M Dominik	1	route	Singles	Check Bad Move	1	55	55	FALSE	FALSE	Inteleon:55:UNK:NONE:Hardy:U-turn,Liquidation,Soak,Rain Dance	0 hp,0 at,0 df,0 sa,0 sd,0 sp	0	hzla_dynamic_calc_imp_1-3	Asserted	NA	NA
153	Swimmer M Douglas	Swimmer M Douglas	1	route	Singles	Check Bad Move	2	55	55	FALSE	FALSE	Grapploct:55:UNK:NONE:Hardy:Reversal,Superpower,Topsy-Turvy,Brutal Swing|Pelipper:55:UNK:NONE:Hardy:Roost,Tailwind,Hydro Pump,Hurricane	0 hp,0 at,0 df,0 sa,0 sd,0 sp|0 hp,0 at,0 df,0 sa,0 sd,0 sp	0|0	hzla_dynamic_calc_imp_1-3	Asserted	NA	NA
154	Swimmer M Darrin	Swimmer M Darrin	1	route	Singles	Check Bad Move	3	56	56	FALSE	FALSE	Poliwrath:56:UNK:NONE:Hardy:Double Slap,Dynamic Punch,Circle Throw,Jet Punch|Politoed:56:UNK:NONE:Hardy:Perish Song,Swagger,Bounce,Hyper Voice|Whiscash:56:UNK:NONE:Hardy:Earthquake,Muddy Water,Future Sight,Dragon Dance	0 hp,0 at,0 df,0 sa,0 sd,0 sp|0 hp,0 at,0 df,0 sa,0 sd,0 sp|0 hp,0 at,0 df,0 sa,0 sd,0 sp	0|0|0	hzla_dynamic_calc_imp_1-3	Asserted	NA	NA
155	Camper Tony	Camper Tony	1	route	Singles	Check Bad Move	1	56	56	FALSE	FALSE	Rhydon:56:UNK:NONE:Hardy:Take Down,Stone Edge,Earthquake,Megahorn	0 hp,0 at,0 df,0 sa,0 sd,0 sp	0	hzla_dynamic_calc_imp_1-3	Asserted	NA	NA
156	Swimmer M Jerome	Swimmer M Jerome	1	route	Singles	Check Bad Move	2	56	56	FALSE	FALSE	Golduck:56:UNK:NONE:Hardy:Psych Up,Nasty Plot,Hydro Pump,Wonder Room|Clefable:56:UNK:NONE:Hardy:Double Slap,Metronome,Teleport,Moonblast	0 hp,0 at,0 df,0 sa,0 sd,0 sp|0 hp,0 at,0 df,0 sa,0 sd,0 sp	0|0	hzla_dynamic_calc_imp_1-3	Asserted	NA	NA
157	Swimmer M Matthew	Swimmer M Matthew	1	route	Singles	Check Bad Move	2	56	56	FALSE	FALSE	Sharpedo:56:UNK:NONE:Hardy:Crunch,Agility,Skull Bash,Taunt|Sirfetch’d:56:UNK:NONE:Hardy:Brick Break,Swords Dance,Slam,Leaf Blade	0 hp,0 at,0 df,0 sa,0 sd,0 sp|0 hp,0 at,0 df,0 sa,0 sd,0 sp	0|0	hzla_dynamic_calc_imp_1-3	Asserted	NA	NA
158	Swimmer M David	Swimmer M David	1	route	Singles	Check Bad Move	2	56	56	FALSE	FALSE	Tentacruel:56:UNK:NONE:Hardy:Hex,Sludge Wave,Hydro Pump,Wring Out|Clodsire:56:UNK:NONE:Hardy:Sludge Wave,Megahorn,Toxic,Earthquake	0 hp,0 at,0 df,0 sa,0 sd,0 sp|0 hp,0 at,0 df,0 sa,0 sd,0 sp	0|0	hzla_dynamic_calc_imp_1-3	Asserted	NA	NA
159	Lvl -1 Kindler Spencer	Lvl -1 Kindler Spencer	1	route	Singles	Check Bad Move,Try To Faint,Check Viability,Smart Switching,Omniscient	6	-1	-2	TRUE	TRUE	Swampert:-2:Torrent:Rindo Berry:Careful:Knock Off,Earthquake,Flip Turn,Stealth Rock|Sunflora:-2:Chlorophyll:Life Orb:Timid:Seed Flare,Weather Ball,Earth Power,Sludge Bomb|Chandelure:-2:Shadow Tag:Choice Specs:Timid:Shadow Ball,Flamethrower,Energy Ball,Scorching Sands|Baxcalibur:-1:Thermal Exchange:Focus Sash:Jolly:Glaive Rush,Iron Head,Icicle Crash,Dragon Dance|Medicham:-1:Huge Power:Medichamite:Jolly:Close Combat,Rock Slide,Zen Headbutt,Bullet Punch|Medicham-Mega:-1:Huge Power:Medichamite:Jolly:Close Combat,Rock Slide,Zen Headbutt,Bullet Punch	31 hp,31 at,31 df,31 sa,31 sd,31 sp|31 hp,31 at,31 df,31 sa,31 sd,31 sp|31 hp,31 at,31 df,31 sa,31 sd,31 sp|31 hp,31 at,31 df,31 sa,31 sd,31 sp|31 hp,31 at,31 df,31 sa,31 sd,31 sp|31 hp,31 at,31 df,31 sa,31 sd,31 sp	252 hp,6 at,252 sd|6 hp,252 sa,252 sp|6 hp,252 sa,252 sp|6 hp,252 at,252 sp|6 hp,252 at,252 sp|6 hp,252 at,252 sp	hzla_dynamic_calc_imp_1-3	Asserted	NA	NA
160	Swimmer M Roland	Swimmer M Roland	1	route	Singles	Check Bad Move	1	66	66	FALSE	FALSE	Poliwrath:66:UNK:NONE:Hardy:Dynamic Punch,Circle Throw,Jet Punch,Surging Strikes	0 hp,0 at,0 df,0 sa,0 sd,0 sp	0	hzla_dynamic_calc_imp_1-3	Asserted	NA	NA
161	Swimmer M Nolen	Swimmer M Nolen	1	route	Singles	Check Bad Move	1	60	60	FALSE	FALSE	Tentacruel:60:UNK:NONE:Hardy:Hex,Sludge Wave,Hydro Pump,Wring Out	0 hp,0 at,0 df,0 sa,0 sd,0 sp	0	hzla_dynamic_calc_imp_1-3	Asserted	NA	NA
162	Swimmer M Stan	Swimmer M Stan	1	route	Singles	Check Bad Move	1	60	60	FALSE	FALSE	Dondozo:60:UNK:NONE:Hardy:Sleep Talk,Heavy Slam,Double-Edge,Wave Crash	0 hp,0 at,0 df,0 sa,0 sd,0 sp	0	hzla_dynamic_calc_imp_1-3	Asserted	NA	NA
163	Swimmer M Barry	Swimmer M Barry	1	route	Singles	Check Bad Move	2	61	61	FALSE	FALSE	Floatzel:61:UNK:NONE:Hardy:Whirlpool,Aqua Tail,Hydro Pump,Wave Crash|Carracosta:61:UNK:NONE:Hardy:Rock Slide,Wave Crash,Rain Dance,Hydro Pump	0 hp,0 at,0 df,0 sa,0 sd,0 sp|0 hp,0 at,0 df,0 sa,0 sd,0 sp	0|0	hzla_dynamic_calc_imp_1-3	Asserted	NA	NA
164	Swimmer M Dean	Swimmer M Dean	1	route	Singles	Check Bad Move	3	59	59	FALSE	FALSE	Basculegion:59:UNK:NONE:Hardy:Waterfall,Head Smash,Shadow Ball,Spirit Shackle|Basculegion-F:59:UNK:NONE:Hardy:Waterfall,Head Smash,Shadow Ball,Spirit Shackle|Basculin:59:UNK:NONE:Hardy:Aqua Fang,Head Smash,Waterfall,Wave Crash	0 hp,0 at,0 df,0 sa,0 sd,0 sp|0 hp,0 at,0 df,0 sa,0 sd,0 sp|0 hp,0 at,0 df,0 sa,0 sd,0 sp	0|0|0	hzla_dynamic_calc_imp_1-3	Asserted	NA	NA
165	Swimmer M Rodney	Swimmer M Rodney	1	route	Singles	Check Bad Move	2	65	65	FALSE	FALSE	Gyarados:65:UNK:NONE:Hardy:Hurricane,Rain Dance,Hyper Beam,Bounce|Eelektross:65:UNK:NONE:Hardy:Headbutt,Acid,Discharge,Thunderclap	0 hp,0 at,0 df,0 sa,0 sd,0 sp|0 hp,0 at,0 df,0 sa,0 sd,0 sp	0|0	hzla_dynamic_calc_imp_1-3	Asserted	NA	NA
166	Swimmer M Richard	Swimmer M Richard	1	route	Singles	Check Bad Move	2	68	68	FALSE	FALSE	Jellicent:68:UNK:NONE:Hardy:Rain Dance,Hex,Hydro Pump,Wring Out|Tauros-Paldea-Aqua:68:UNK:NONE:Hardy:Swagger,Thrash,Wave Crash,Close Combat	0 hp,0 at,0 df,0 sa,0 sd,0 sp|0 hp,0 at,0 df,0 sa,0 sd,0 sp	0|0	hzla_dynamic_calc_imp_1-3	Asserted	NA	NA
167	Swimmer M Herman	Swimmer M Herman	1	route	Singles	Check Bad Move	2	70	70	FALSE	FALSE	Palpitoad:70:UNK:NONE:Hardy:Flail,Echoed Voice,Hydro Pump,Hyper Voice|Cursola:70:UNK:NONE:Hardy:Power Gem,Night Shade,Grudge,Mirror Coat	0 hp,0 at,0 df,0 sa,0 sd,0 sp|0 hp,0 at,0 df,0 sa,0 sd,0 sp	0|0	hzla_dynamic_calc_imp_1-3	Asserted	NA	NA
168	Swimmer M Santiago	Swimmer M Santiago	1	route	Singles	Check Bad Move	2	65	65	FALSE	FALSE	Simipour:65:UNK:NONE:Hardy:Scald,Leer,Lick,Fury Swipes|Wigglytuff:65:UNK:NONE:Hardy:Covet,Alluring Voice,Moonblast,Lovely Kiss	0 hp,0 at,0 df,0 sa,0 sd,0 sp|0 hp,0 at,0 df,0 sa,0 sd,0 sp	0|0	hzla_dynamic_calc_imp_1-3	Asserted	NA	NA
169	Swimmer M Gilbert	Swimmer M Gilbert	1	route	Singles	Check Bad Move	2	70	70	FALSE	FALSE	Lapras:70:UNK:NONE:Hardy:Dragon Dance,Wish,Boomburst,Dragon Hammer|Hawlucha:70:UNK:NONE:Hardy:High Jump Kick,Sky Attack,Dual Wingbeat,Acrobatics	0 hp,0 at,0 df,0 sa,0 sd,0 sp|0 hp,0 at,0 df,0 sa,0 sd,0 sp	0|0	hzla_dynamic_calc_imp_1-3	Asserted	NA	NA
170	Swimmer M Franklin	Swimmer M Franklin	1	route	Singles	Check Bad Move	2	70	70	FALSE	FALSE	Walrein:70:UNK:NONE:Hardy:Snore,Snowscape,Blizzard,Ice Beam|Dewgong:70:UNK:NONE:Hardy:Dive,Aqua Tail,Safeguard,Snowscape	0 hp,0 at,0 df,0 sa,0 sd,0 sp|0 hp,0 at,0 df,0 sa,0 sd,0 sp	0|0	hzla_dynamic_calc_imp_1-3	Asserted	NA	NA
171	Swimmer M Kevin	Swimmer M Kevin	1	route	Singles	Check Bad Move	2	67	67	FALSE	FALSE	Crawdaunt:67:UNK:NONE:Hardy:Crunch,Crabhammer,Slash,Dragon Dance|Muk-Alola:67:UNK:NONE:Hardy:Acid Armor,Belch,Memento,Sucker Punch	0 hp,0 at,0 df,0 sa,0 sd,0 sp|0 hp,0 at,0 df,0 sa,0 sd,0 sp	0|0	hzla_dynamic_calc_imp_1-3	Asserted	NA	NA
172	Swimmer M Jack	Swimmer M Jack	1	route	Singles	Check Bad Move	1	74	74	FALSE	FALSE	Noctowl:74:UNK:NONE:Hardy:Roost,Moonblast,Synchronoise,Oblivion Wing	0 hp,0 at,0 df,0 sa,0 sd,0 sp	0	hzla_dynamic_calc_imp_1-3	Asserted	NA	NA
173	Swimmer M Dudley	Swimmer M Dudley	1	route	Singles	Check Bad Move	3	33	33	FALSE	FALSE	Tentacool:33:UNK:NONE:Hardy:Sludge,Bubble Beam,Barrier,Poison Jab|Wingull:33:UNK:NONE:Hardy:Air Cutter,Pursuit,Aerial Ace,Roost|Tentacruel:33:UNK:NONE:Hardy:Sludge,Bubble Beam,Barrier,Poison Jab	0 hp,0 at,0 df,0 sa,0 sd,0 sp|0 hp,0 at,0 df,0 sa,0 sd,0 sp|0 hp,0 at,0 df,0 sa,0 sd,0 sp	0|0|0	hzla_dynamic_calc_imp_1-3	Asserted	NA	NA
174	Swimmer M Chad	Swimmer M Chad	1	route	Singles	Check Bad Move	1	66	66	FALSE	FALSE	Tentacruel:66:UNK:NONE:Hardy:Hex,Sludge Wave,Hydro Pump,Wring Out	0 hp,0 at,0 df,0 sa,0 sd,0 sp	0	hzla_dynamic_calc_imp_1-3	Asserted	NA	NA
175	Swimmer M Tony2	Swimmer M Tony	2	route	Singles	Check Bad Move	1	56	56	FALSE	FALSE	Rhydon:56:UNK:NONE:Hardy:Take Down,Stone Edge,Earthquake,Megahorn	0 hp,0 at,0 df,0 sa,0 sd,0 sp	0	hzla_dynamic_calc_imp_1-3	Asserted	NA	NA
176	Swimmer M Tony3	Swimmer M Tony	3	route	Singles	Check Bad Move	1	56	56	FALSE	FALSE	Rhydon:56:UNK:NONE:Hardy:Take Down,Stone Edge,Earthquake,Megahorn	0 hp,0 at,0 df,0 sa,0 sd,0 sp	0	hzla_dynamic_calc_imp_1-3	Asserted	NA	NA
177	Swimmer M Tony4	Swimmer M Tony	4	route	Singles	Check Bad Move	1	56	56	FALSE	FALSE	Rhydon:56:UNK:NONE:Hardy:Take Down,Stone Edge,Earthquake,Megahorn	0 hp,0 at,0 df,0 sa,0 sd,0 sp	0	hzla_dynamic_calc_imp_1-3	Asserted	NA	NA
178	Swimmer M Tony5	Swimmer M Tony	5	route	Singles	Check Bad Move	1	56	56	FALSE	FALSE	Rhydon:56:UNK:NONE:Hardy:Take Down,Stone Edge,Earthquake,Megahorn	0 hp,0 at,0 df,0 sa,0 sd,0 sp	0	hzla_dynamic_calc_imp_1-3	Asserted	NA	NA
179	Black Belt Takao	Black Belt Takao	1	route	Singles	Check Bad Move	2	17	17	TRUE	FALSE	Stufful:17:UNK:NONE:Hardy:Leer,Bide,Baby-Doll Eyes,Brutal Swing|Crabrawler:17:UNK:NONE:Hardy:Rock Smash,Leer,Pursuit,Bubble Beam	31 hp,31 at,31 df,31 sa,31 sd,31 sp|31 hp,31 at,31 df,31 sa,31 sd,31 sp	0|0	hzla_dynamic_calc_imp_1-3	Asserted	NA	NA
180	Black Belt Hitoshi	Black Belt Hitoshi	1	route	Singles	Check Bad Move	2	72	72	FALSE	FALSE	Flamigo:72:UNK:NONE:Hardy:Mega Kick,Wide Guard,Throat Chop,Brave Bird|Falinks:72:UNK:NONE:Hardy:Lunge,Close Combat,Megahorn,Counter	0 hp,0 at,0 df,0 sa,0 sd,0 sp|0 hp,0 at,0 df,0 sa,0 sd,0 sp	0|0	hzla_dynamic_calc_imp_1-3	Asserted	NA	NA
181	Black Belt Kiyo	Black Belt Kiyo	1	route	Singles	Check Bad Move	2	70	70	FALSE	FALSE	Hariyama:70:UNK:NONE:Hardy:Endure,Close Combat,Reversal,Heavy Slam|Conkeldurr:70:UNK:NONE:Hardy:Hammer Arm,Stone Edge,Focus Punch,Superpower	0 hp,0 at,0 df,0 sa,0 sd,0 sp|0 hp,0 at,0 df,0 sa,0 sd,0 sp	0|0	hzla_dynamic_calc_imp_1-3	Asserted	NA	NA
182	Black Belt Koichi	Black Belt Koichi	1	route	Singles	Check Bad Move	2	55	55	FALSE	FALSE	Mienshao:55:UNK:NONE:Hardy:Jump Kick,U-turn,Wide Guard,Bounce|Gigalith:55:UNK:NONE:Hardy:Stealth Rock,Sandstorm,Stone Edge,Explosion	0 hp,0 at,0 df,0 sa,0 sd,0 sp|0 hp,0 at,0 df,0 sa,0 sd,0 sp	0|0	hzla_dynamic_calc_imp_1-3	Asserted	NA	NA
183	Black Belt Nob	Black Belt Nob	1	route	Singles	Check Bad Move	1	40	40	FALSE	FALSE	Machamp:40:UNK:NONE:Hardy:Vital Throw,Wake-Up Slap,Dual Chop,Submission	0 hp,0 at,0 df,0 sa,0 sd,0 sp	0	hzla_dynamic_calc_imp_1-3	Asserted	NA	NA
184	Black Belt Nob2	Black Belt Nob	2	route	Singles	Check Bad Move	1	40	40	FALSE	FALSE	Machamp:40:UNK:NONE:Hardy:Vital Throw,Wake-Up Slap,Dual Chop,Submission	0 hp,0 at,0 df,0 sa,0 sd,0 sp	0	hzla_dynamic_calc_imp_1-3	Asserted	NA	NA
185	Black Belt Nob3	Black Belt Nob	3	route	Singles	Check Bad Move	1	40	40	FALSE	FALSE	Machamp:40:UNK:NONE:Hardy:Vital Throw,Wake-Up Slap,Dual Chop,Submission	0 hp,0 at,0 df,0 sa,0 sd,0 sp	0	hzla_dynamic_calc_imp_1-3	Asserted	NA	NA
186	Black Belt Nob4	Black Belt Nob	4	route	Singles	Check Bad Move	1	40	40	FALSE	FALSE	Machamp:40:UNK:NONE:Hardy:Vital Throw,Wake-Up Slap,Dual Chop,Submission	0 hp,0 at,0 df,0 sa,0 sd,0 sp	0	hzla_dynamic_calc_imp_1-3	Asserted	NA	NA
187	Black Belt Nob5	Black Belt Nob	5	route	Singles	Check Bad Move	1	40	40	FALSE	FALSE	Machamp:40:UNK:NONE:Hardy:Vital Throw,Wake-Up Slap,Dual Chop,Submission	0 hp,0 at,0 df,0 sa,0 sd,0 sp	0	hzla_dynamic_calc_imp_1-3	Asserted	NA	NA
188	Black Belt Yuji	Black Belt Yuji	1	route	Singles	Check Bad Move	2	26	26	FALSE	FALSE	Makuhita:26:UNK:NONE:Hardy:Whirlwind,Knock Off,Vital Throw,Belly Drum|Machoke:26:UNK:NONE:Hardy:Seismic Toss,Revenge,Knock Off,Vital Throw	12 hp,12 at,12 df,12 sa,12 sd,12 sp|12 hp,12 at,12 df,12 sa,12 sd,12 sp	0|0	hzla_dynamic_calc_imp_1-3	Asserted	NA	NA
189	Lvl -1 Black Belt Daisuke	Lvl -1 Black Belt Daisuke	1	route	Singles	Check Bad Move,Try To Faint,Check Viability,Smart Switching,Omniscient	5	-1	-2	TRUE	TRUE	Granbull:-2:Intimidate:Expert Belt:Adamant:Play Rough,Ice Fang,Jaw Lock,Roar|Krookodile:-2:Intimidate:Focus Sash:Jolly:Earthquake,Knock Off,Stone Edge,Cut|Hitmontop:-1:Intimidate:Wide Lens:Jolly:Triple Axel,Triple Kick,Sucker Punch,Facade|Hitmonchan:-1:Iron Fist:Punching Glove:Adamant:Drain Punch,Fire Punch,Thunder Punch,Mach Punch|Hitmonlee:-1:Striker:Kicking Shoes:Jolly:High Jump Kick,Sucker Punch,Blaze Kick,Aqua Step	31 hp,31 at,31 df,31 sa,31 sd,31 sp|31 hp,31 at,31 df,31 sa,31 sd,31 sp|31 hp,31 at,31 df,31 sa,31 sd,31 sp|31 hp,31 at,31 df,31 sa,31 sd,31 sp|31 hp,31 at,31 df,31 sa,31 sd,31 sp	6 hp,252 at,252 sp|6 hp,252 at,252 sp|6 hp,252 at,252 sp|6 hp,252 at,252 sp|6 hp,252 at,252 sp	hzla_dynamic_calc_imp_1-3	Asserted	NA	NA
190	Black Belt Atsushi	Black Belt Atsushi	1	route	Singles	Check Bad Move	2	65	65	FALSE	FALSE	Throh:65:UNK:NONE:Hardy:Wide Guard,Superpower,Reversal,Bulk Up|Sawk:65:UNK:NONE:Hardy:Reversal,Bulk Up,Hammer Arm,Close Combat	0 hp,0 at,0 df,0 sa,0 sd,0 sp|0 hp,0 at,0 df,0 sa,0 sd,0 sp	0|0	hzla_dynamic_calc_imp_1-3	Asserted	NA	NA
191	Guitarist Kirk	Guitarist Kirk	1	route	Singles	Check Bad Move	2	27	27	FALSE	FALSE	Chimecho:27:UNK:NONE:Hardy:Psywave,Take Down,Extrasensory,Heal Bell|Alcremie:27:UNK:NONE:Hardy:Sweet Scent,Draining Kiss,Aromatherapy,Attract	0 hp,0 at,0 df,0 sa,0 sd,0 sp|0 hp,0 at,0 df,0 sa,0 sd,0 sp	0|0	hzla_dynamic_calc_imp_1-3	Asserted	NA	NA
192	Team Aqua Grunt Aqua Hideout7	Team Aqua Grunt Aqua Hideout	7	route	Singles	Check Bad Move	2	64	64	FALSE	FALSE	Toxapex:64:UNK:NONE:Hardy:Poison Jab,Venom Drench,Pin Missile,Liquidation|Spiritomb:64:UNK:NONE:Hardy:Extrasensory,Nasty Plot,Memento,Dark Pulse	0 hp,0 at,0 df,0 sa,0 sd,0 sp|0 hp,0 at,0 df,0 sa,0 sd,0 sp	0|0	hzla_dynamic_calc_imp_1-3	Asserted	NA	NA
193	Team Aqua Grunt Aqua Hideout8	Team Aqua Grunt Aqua Hideout	8	route	Singles	Check Bad Move	1	64	64	FALSE	FALSE	Liepard:64:UNK:NONE:Hardy:Night Slash,Snatch,Nasty Plot,Play Rough	0 hp,0 at,0 df,0 sa,0 sd,0 sp	0	hzla_dynamic_calc_imp_1-3	Asserted	NA	NA
194	Guitarist Shawn	Guitarist Shawn	1	route	Singles	Check Bad Move	2	27	27	FALSE	FALSE	Aerodactyl:27:UNK:NONE:Hardy:Roar,Agility,Wing Attack,Ancient Power|Druddigon:27:UNK:NONE:Hardy:Scary Face,Dual Wingbeat,Dragon Rage,Crunch	0 hp,0 at,0 df,0 sa,0 sd,0 sp|0 hp,0 at,0 df,0 sa,0 sd,0 sp	0|0	hzla_dynamic_calc_imp_1-3	Asserted	NA	NA
195	Guitarist Fernando	Guitarist Fernando	1	route	Singles	Check Bad Move	2	56	56	FALSE	FALSE	Carbink:56:UNK:NONE:Hardy:Skill Swap,Power Gem,Stone Edge,Moonblast|Dustox:56:UNK:NONE:Hardy:Sludge Bomb,Bug Buzz,Detect,Quiver Dance	0 hp,0 at,0 df,0 sa,0 sd,0 sp|0 hp,0 at,0 df,0 sa,0 sd,0 sp	0|0	hzla_dynamic_calc_imp_1-3	Asserted	NA	NA
196	Guitarist Dalton	Guitarist Dalton	1	route	Singles	Check Bad Move	4	28	28	FALSE	FALSE	Swanna:28:UNK:NONE:Hardy:Feather Dance,Icy Wind,Aqua Ring,Air Slash|Vivillon:28:UNK:NONE:Hardy:Psybeam,Air Slash,Draining Kiss,Signal Beam|Heliolisk:28:UNK:NONE:Hardy:Quick Attack,Thunder,Charge,Parabolic Charge|Oinkologne:28:UNK:NONE:Hardy:Dig,Headbutt,Yawn,Take Down	0 hp,0 at,0 df,0 sa,0 sd,0 sp|0 hp,0 at,0 df,0 sa,0 sd,0 sp|0 hp,0 at,0 df,0 sa,0 sd,0 sp|0 hp,0 at,0 df,0 sa,0 sd,0 sp	0|0|0|0	hzla_dynamic_calc_imp_1-3	Asserted	NA	NA
197	Guitarist Dalton2	Guitarist Dalton	2	route	Singles	Check Bad Move	4	28	28	FALSE	FALSE	Swanna:28:UNK:NONE:Hardy:Feather Dance,Icy Wind,Aqua Ring,Air Slash|Vivillon:28:UNK:NONE:Hardy:Psybeam,Air Slash,Draining Kiss,Signal Beam|Heliolisk:28:UNK:NONE:Hardy:Quick Attack,Thunder,Charge,Parabolic Charge|Oinkologne:28:UNK:NONE:Hardy:Dig,Headbutt,Yawn,Take Down	0 hp,0 at,0 df,0 sa,0 sd,0 sp|0 hp,0 at,0 df,0 sa,0 sd,0 sp|0 hp,0 at,0 df,0 sa,0 sd,0 sp|0 hp,0 at,0 df,0 sa,0 sd,0 sp	0|0|0|0	hzla_dynamic_calc_imp_1-3	Asserted	NA	NA
198	Guitarist Dalton3	Guitarist Dalton	3	route	Singles	Check Bad Move	4	28	28	FALSE	FALSE	Swanna:28:UNK:NONE:Hardy:Feather Dance,Icy Wind,Aqua Ring,Air Slash|Vivillon:28:UNK:NONE:Hardy:Psybeam,Air Slash,Draining Kiss,Signal Beam|Heliolisk:28:UNK:NONE:Hardy:Quick Attack,Thunder,Charge,Parabolic Charge|Oinkologne:28:UNK:NONE:Hardy:Dig,Headbutt,Yawn,Take Down	0 hp,0 at,0 df,0 sa,0 sd,0 sp|0 hp,0 at,0 df,0 sa,0 sd,0 sp|0 hp,0 at,0 df,0 sa,0 sd,0 sp|0 hp,0 at,0 df,0 sa,0 sd,0 sp	0|0|0|0	hzla_dynamic_calc_imp_1-3	Asserted	NA	NA
199	Guitarist Dalton4	Guitarist Dalton	4	route	Singles	Check Bad Move	4	28	28	FALSE	FALSE	Swanna:28:UNK:NONE:Hardy:Feather Dance,Icy Wind,Aqua Ring,Air Slash|Vivillon:28:UNK:NONE:Hardy:Psybeam,Air Slash,Draining Kiss,Signal Beam|Heliolisk:28:UNK:NONE:Hardy:Quick Attack,Thunder,Charge,Parabolic Charge|Oinkologne:28:UNK:NONE:Hardy:Dig,Headbutt,Yawn,Take Down	0 hp,0 at,0 df,0 sa,0 sd,0 sp|0 hp,0 at,0 df,0 sa,0 sd,0 sp|0 hp,0 at,0 df,0 sa,0 sd,0 sp|0 hp,0 at,0 df,0 sa,0 sd,0 sp	0|0|0|0	hzla_dynamic_calc_imp_1-3	Asserted	NA	NA
200	Guitarist Dalton5	Guitarist Dalton	5	route	Singles	Check Bad Move	4	28	28	FALSE	FALSE	Swanna:28:UNK:NONE:Hardy:Feather Dance,Icy Wind,Aqua Ring,Air Slash|Vivillon:28:UNK:NONE:Hardy:Psybeam,Air Slash,Draining Kiss,Signal Beam|Heliolisk:28:UNK:NONE:Hardy:Quick Attack,Thunder,Charge,Parabolic Charge|Oinkologne:28:UNK:NONE:Hardy:Dig,Headbutt,Yawn,Take Down	0 hp,0 at,0 df,0 sa,0 sd,0 sp|0 hp,0 at,0 df,0 sa,0 sd,0 sp|0 hp,0 at,0 df,0 sa,0 sd,0 sp|0 hp,0 at,0 df,0 sa,0 sd,0 sp	0|0|0|0	hzla_dynamic_calc_imp_1-3	Asserted	NA	NA
201	Kindler Cole	Kindler Cole	1	route	Singles	Check Bad Move	1	40	40	FALSE	FALSE	Magcargo:40:UNK:NONE:Hardy:Flame Burst,Power Gem,Lava Plume,Amnesia	0 hp,0 at,0 df,0 sa,0 sd,0 sp	0	hzla_dynamic_calc_imp_1-3	Asserted	NA	NA
202	Kindler Jeff	Kindler Jeff	1	route	Singles	Check Bad Move	2	40	40	FALSE	FALSE	Sunflora:40:UNK:NONE:Hardy:Natural Gift,Solar Beam,Double-Edge,Sunny Day|Talonflame:40:UNK:NONE:Hardy:Roost,Aerial Ace,Flame Charge,Acrobatics	0 hp,0 at,0 df,0 sa,0 sd,0 sp|0 hp,0 at,0 df,0 sa,0 sd,0 sp	0|0	hzla_dynamic_calc_imp_1-3	Asserted	NA	NA
203	Kindler Axle	Kindler Axle	1	route	Singles	Check Bad Move	1	41	41	FALSE	FALSE	Flareon:41:UNK:NONE:Hardy:Scary Face,Smog,Lava Plume,Last Resort	0 hp,0 at,0 df,0 sa,0 sd,0 sp	0	hzla_dynamic_calc_imp_1-3	Asserted	NA	NA
204	Kindler Jace	Kindler Jace	1	route	Singles	Check Bad Move	1	41	41	FALSE	FALSE	Rapidash:41:UNK:NONE:Hardy:Take Down,Inferno,Agility,Fire Blast	0 hp,0 at,0 df,0 sa,0 sd,0 sp	0	hzla_dynamic_calc_imp_1-3	Asserted	NA	NA
205	Kindler Keegan	Kindler Keegan	1	route	Singles	Check Bad Move	1	41	41	FALSE	FALSE	Turtonator:41:UNK:NONE:Hardy:Flamethrower,Body Slam,Shell Smash,Dragon Pulse	0 hp,0 at,0 df,0 sa,0 sd,0 sp	0	hzla_dynamic_calc_imp_1-3	Asserted	NA	NA
206	Kindler Bernie	Kindler Bernie	1	route	Singles	Check Bad Move	2	37	37	FALSE	FALSE	Electabuzz:37:UNK:NONE:Hardy:Thunder Wave,Electro Ball,Light Screen,Discharge|Gourgeist:37:UNK:NONE:Hardy:Trick-or-Treat,Magical Leaf,Shadow Ball,Hex	0 hp,0 at,0 df,0 sa,0 sd,0 sp|0 hp,0 at,0 df,0 sa,0 sd,0 sp	0|0	hzla_dynamic_calc_imp_1-3	Asserted	NA	NA
207	Kindler Bernie2	Kindler Bernie	2	route	Singles	Check Bad Move	2	37	37	FALSE	FALSE	Electabuzz:37:UNK:NONE:Hardy:Thunder Wave,Electro Ball,Light Screen,Discharge|Gourgeist:37:UNK:NONE:Hardy:Trick-or-Treat,Magical Leaf,Shadow Ball,Hex	0 hp,0 at,0 df,0 sa,0 sd,0 sp|0 hp,0 at,0 df,0 sa,0 sd,0 sp	0|0	hzla_dynamic_calc_imp_1-3	Asserted	NA	NA
208	Kindler Bernie3	Kindler Bernie	3	route	Singles	Check Bad Move	2	37	37	FALSE	FALSE	Electabuzz:37:UNK:NONE:Hardy:Thunder Wave,Electro Ball,Light Screen,Discharge|Gourgeist:37:UNK:NONE:Hardy:Trick-or-Treat,Magical Leaf,Shadow Ball,Hex	0 hp,0 at,0 df,0 sa,0 sd,0 sp|0 hp,0 at,0 df,0 sa,0 sd,0 sp	0|0	hzla_dynamic_calc_imp_1-3	Asserted	NA	NA
209	Kindler Bernie4	Kindler Bernie	4	route	Singles	Check Bad Move	2	37	37	FALSE	FALSE	Electabuzz:37:UNK:NONE:Hardy:Thunder Wave,Electro Ball,Light Screen,Discharge|Gourgeist:37:UNK:NONE:Hardy:Trick-or-Treat,Magical Leaf,Shadow Ball,Hex	0 hp,0 at,0 df,0 sa,0 sd,0 sp|0 hp,0 at,0 df,0 sa,0 sd,0 sp	0|0	hzla_dynamic_calc_imp_1-3	Asserted	NA	NA
210	Kindler Bernie5	Kindler Bernie	5	route	Singles	Check Bad Move	2	37	37	FALSE	FALSE	Electabuzz:37:UNK:NONE:Hardy:Thunder Wave,Electro Ball,Light Screen,Discharge|Gourgeist:37:UNK:NONE:Hardy:Trick-or-Treat,Magical Leaf,Shadow Ball,Hex	0 hp,0 at,0 df,0 sa,0 sd,0 sp|0 hp,0 at,0 df,0 sa,0 sd,0 sp	0|0	hzla_dynamic_calc_imp_1-3	Asserted	NA	NA
211	Lvl -1 Camper Drew	Lvl -1 Camper Drew	1	route	Singles	Check Bad Move,Try To Faint,Check Viability,Smart Switching,Omniscient	4	-1	-1	TRUE	TRUE	Excadrill:-1:Sand Rush:Life Orb:Jolly:Earthquake,Iron Head,Rock Slide,Brick Break|Sandy Shocks:-1:Water Compaction:Air Balloon:Timid:Discharge,Earth Power,Flash Cannon,Thunderbolt|Sandaconda:-1:Sand Spit:Sandacondite:Jolly:Double-Edge,Quick Attack,High Horsepower,Scale Shot|Sandaconda-Mega:-1:Aerilate:Sandacondite:Jolly:Double-Edge,Quick Attack,High Horsepower,Scale Shot	31 hp,31 at,31 df,31 sa,31 sd,31 sp|31 hp,31 at,31 df,31 sa,31 sd,31 sp|31 hp,31 at,31 df,31 sa,31 sd,31 sp|31 hp,31 at,31 df,31 sa,31 sd,31 sp	6 hp,252 at,252 sp|6 hp,252 sa,252 sp|6 hp,252 at,252 sp|6 hp,252 at,252 sp	hzla_dynamic_calc_imp_1-3	Asserted	NA	NA
212	Camper Beau	Camper Beau	1	route	Singles	Check Bad Move	2	55	55	FALSE	FALSE	Claydol:55:UNK:NONE:Hardy:Guard Split,Power Split,Earth Power,Sandstorm|Sandslash:55:UNK:NONE:Hardy:Gyro Ball,Swords Dance,Sandstorm,Earthquake	0 hp,0 at,0 df,0 sa,0 sd,0 sp|0 hp,0 at,0 df,0 sa,0 sd,0 sp	0|0	hzla_dynamic_calc_imp_1-3	Asserted	NA	NA
213	Camper Larry	Camper Larry	1	route	Singles	Check Bad Move	2	35	35	FALSE	FALSE	Unfezant:35:UNK:NONE:Hardy:Roost,Slash,Taunt,Dual Wingbeat|Scolipede:35:UNK:NONE:Hardy:Poison Tail,Bug Bite,Venoshock,Agility	0 hp,0 at,0 df,0 sa,0 sd,0 sp|0 hp,0 at,0 df,0 sa,0 sd,0 sp	0|0	hzla_dynamic_calc_imp_1-3	Asserted	NA	NA
214	Camper Shane	Camper Shane	1	route	Singles	Check Bad Move	2	37	37	FALSE	FALSE	Jynx:37:UNK:NONE:Hardy:Mean Look,Fake Tears,Wake-Up Slap,Freeze-Dry|Dubwool:37:UNK:NONE:Hardy:Double Kick,Headbutt,Take Down,Guard Swap	0 hp,0 at,0 df,0 sa,0 sd,0 sp|0 hp,0 at,0 df,0 sa,0 sd,0 sp	0|0	hzla_dynamic_calc_imp_1-3	Asserted	NA	NA
215	Lvl -1 Camper Rusty	Lvl -1 Camper Rusty	1	route	Singles	Check Bad Move,Try To Faint,Check Viability,Smart Switching,Omniscient	5	-1	-2	TRUE	TRUE	Duraludon:-2:Heavy Metal:Eviolite:Relaxed:Flash Cannon,Dragon Pulse,Body Press,Dragon Tail|Bronzong:-2:Levitate:Occa Berry:Relaxed:Psychic,Gyro Ball,Body Press,Earthquake|Gholdengo:-2:Good As Gold:Air Balloon:Timid:Nasty Plot,Shadow Ball,Make It Rain,Focus Blast|Samurott:-2:Sharpness:Assault Vest:Jolly:Smart Strike,Knock Off,Razor Shell,Sacred Sword|Iron Crown:-1:Quark Drive:Booster Energy:Timid:Tachyon Cutter,Psyshock,Secret Sword,Air Slash	31 hp,31 at,31 df,31 sa,31 sd,31 sp|31 hp,31 at,31 df,31 sa,31 sd,31 sp|31 hp,31 at,31 df,31 sa,31 sd,31 sp|31 hp,31 at,31 df,31 sa,31 sd,31 sp|31 hp,31 at,31 df,31 sa,31 sd,31 sp	252 hp,252 df,6 sa|252 hp,252 df,6 sd|6 hp,252 sa,252 sp|6 hp,252 at,252 sp|6 hp,252 sa,252 sp	hzla_dynamic_calc_imp_1-3	Asserted	NA	NA
216	Camper Ethan	Camper Ethan	1	route	Singles	Check Bad Move	1	40	40	FALSE	FALSE	Persian-Alola:40:UNK:NONE:Hardy:Feint Attack,Taunt,Power Gem,Slash	0 hp,0 at,0 df,0 sa,0 sd,0 sp	0	hzla_dynamic_calc_imp_1-3	Asserted	NA	NA
217	Picnicker Autumn	Picnicker Autumn	1	route	Singles	Check Bad Move	1	40	40	FALSE	FALSE	Perrserker:40:UNK:NONE:Hardy:Bullet Punch,Swagger,Fury Swipes,Screech	0 hp,0 at,0 df,0 sa,0 sd,0 sp	0	hzla_dynamic_calc_imp_1-3	Asserted	NA	NA
218	Camper Travis	Camper Travis	1	route	Singles	Check Bad Move	3	34	34	FALSE	FALSE	Sandslash:34:UNK:NONE:Hardy:Fury Swipes,Sand Tomb,Slash,Dig|Parasect:34:UNK:NONE:Hardy:Bug Bite,Fury Cutter,Spore,Leech Life|Toucannon:34:UNK:NONE:Hardy:Roost,Fury Attack,Screech,Drill Peck	0 hp,0 at,0 df,0 sa,0 sd,0 sp|0 hp,0 at,0 df,0 sa,0 sd,0 sp|0 hp,0 at,0 df,0 sa,0 sd,0 sp	0|0|0	hzla_dynamic_calc_imp_1-3	Asserted	NA	NA
219	Camper Ethan2	Camper Ethan	2	route	Singles	Check Bad Move	1	40	40	FALSE	FALSE	Persian-Alola:40:UNK:NONE:Hardy:Feint Attack,Taunt,Power Gem,Slash	0 hp,0 at,0 df,0 sa,0 sd,0 sp	0	hzla_dynamic_calc_imp_1-3	Asserted	NA	NA
220	Camper Ethan3	Camper Ethan	3	route	Singles	Check Bad Move	1	40	40	FALSE	FALSE	Persian-Alola:40:UNK:NONE:Hardy:Feint Attack,Taunt,Power Gem,Slash	0 hp,0 at,0 df,0 sa,0 sd,0 sp	0	hzla_dynamic_calc_imp_1-3	Asserted	NA	NA
221	Camper Ethan4	Camper Ethan	4	route	Singles	Check Bad Move	1	40	40	FALSE	FALSE	Persian-Alola:40:UNK:NONE:Hardy:Feint Attack,Taunt,Power Gem,Slash	0 hp,0 at,0 df,0 sa,0 sd,0 sp	0	hzla_dynamic_calc_imp_1-3	Asserted	NA	NA
222	Camper Ethan5	Camper Ethan	5	route	Singles	Check Bad Move	1	40	40	FALSE	FALSE	Persian-Alola:40:UNK:NONE:Hardy:Feint Attack,Taunt,Power Gem,Slash	0 hp,0 at,0 df,0 sa,0 sd,0 sp	0	hzla_dynamic_calc_imp_1-3	Asserted	NA	NA
223	Bug Maniac Brent	Bug Maniac Brent	1	route	Singles	Check Bad Move	1	59	59	FALSE	FALSE	Masquerain:59:UNK:NONE:Hardy:Hydro Pump,Hurricane,Whirlwind,Quiver Dance	0 hp,0 at,0 df,0 sa,0 sd,0 sp	0	hzla_dynamic_calc_imp_1-3	Asserted	NA	NA
224	Bug Maniac Donald	Bug Maniac Donald	1	route	Singles	Check Bad Move	3	57	57	FALSE	FALSE	Dustox:57:UNK:NONE:Hardy:Sludge Bomb,Bug Buzz,Detect,Quiver Dance|Ribombee:57:UNK:NONE:Hardy:Bug Buzz,Dazzling Gleam,Aromatherapy,Quiver Dance|Beautifly:57:UNK:NONE:Hardy:Giga Drain,Psychic,Rage,Quiver Dance	0 hp,0 at,0 df,0 sa,0 sd,0 sp|0 hp,0 at,0 df,0 sa,0 sd,0 sp|0 hp,0 at,0 df,0 sa,0 sd,0 sp	0|0|0	hzla_dynamic_calc_imp_1-3	Asserted	NA	NA
225	Bug Maniac Taylor	Bug Maniac Taylor	1	route	Singles	Check Bad Move	2	58	58	FALSE	FALSE	Stonjourner:58:UNK:NONE:Hardy:Rock Slide,Body Slam,Wide Guard,Heavy Slam|Gogoat:58:UNK:NONE:Hardy:Double-Edge,Horn Leech,Leaf Blade,Milk Drink	0 hp,0 at,0 df,0 sa,0 sd,0 sp|0 hp,0 at,0 df,0 sa,0 sd,0 sp	0|0	hzla_dynamic_calc_imp_1-3	Asserted	NA	NA
226	Bug Maniac Jeffrey	Bug Maniac Jeffrey	1	route	Singles	Check Bad Move	1	64	64	FALSE	FALSE	Mothim:64:UNK:NONE:Hardy:Camouflage,Bug Buzz,Psychic,Hurricane	0 hp,0 at,0 df,0 sa,0 sd,0 sp	0	hzla_dynamic_calc_imp_1-3	Asserted	NA	NA
227	Rival Iriv24	Rival Iriv	24	rival	Singles	Check Bad Move,Try To Faint,Check Viability,Smart Switching,Omniscient	7	0	0	FALSE	TRUE	Rillaboom:0:Grassy Surge:Terrain Extender:Adamant:High Horsepower,Wood Hammer,Taunt,Drain Punch|Alakazam:0:Inner Focus:Focus Sash:Timid:Psychic,Shadow Ball,Grass Knot,Focus Blast|Tyranitar:0:Unnerve:Chople Berry:Adamant:Crunch,Rock Slide,High Horsepower,Dragon Dance|Ampharos:0:Static:Life Orb:Modest:Thunderbolt,Dragon Pulse,Signal Beam,Aura Sphere|Florges:0:Natural Cure:Leftovers:Modest:Moonblast,Energy Ball,Wish,Hidden Power|Empoleon:0:Torrent:Empoleonite O:Jolly:Iron Head,Liquidation,Drill Peck,Brick Break|Empoleon-Mega-O:0:Emperors Presence:Empoleonite O:Jolly:Iron Head,Liquidation,Drill Peck,Brick Break	31 hp,31 at,31 df,31 sa,31 sd,31 sp|31 hp,31 at,31 df,31 sa,31 sd,31 sp|31 hp,31 at,31 df,31 sa,31 sd,31 sp|31 hp,31 at,31 df,31 sa,31 sd,31 sp|31 hp,30 at,31 df,30 sa,31 sd,30 sp|31 hp,31 at,31 df,31 sa,31 sd,31 sp|31 hp,31 at,31 df,31 sa,31 sd,31 sp	6 hp,252 at,252 sp|6 hp,252 sa,252 sp|6 hp,252 at,252 sp|6 hp,252 sa,252 sp|6 hp,252 sa,252 sp|6 hp,252 at,252 sp|6 hp,252 at,252 sp	hzla_dynamic_calc_imp_1-3	Asserted	DYNAMIC	player_relative
228	Bug Maniac Jeffrey2	Bug Maniac Jeffrey	2	route	Singles	Check Bad Move	1	64	64	FALSE	FALSE	Mothim:64:UNK:NONE:Hardy:Camouflage,Bug Buzz,Psychic,Hurricane	0 hp,0 at,0 df,0 sa,0 sd,0 sp	0	hzla_dynamic_calc_imp_1-3	Asserted	NA	NA
229	Bug Maniac Jeffrey3	Bug Maniac Jeffrey	3	route	Singles	Check Bad Move	1	64	64	FALSE	FALSE	Mothim:64:UNK:NONE:Hardy:Camouflage,Bug Buzz,Psychic,Hurricane	0 hp,0 at,0 df,0 sa,0 sd,0 sp	0	hzla_dynamic_calc_imp_1-3	Asserted	NA	NA
230	Bug Maniac Jeffrey4	Bug Maniac Jeffrey	4	route	Singles	Check Bad Move	1	64	64	FALSE	FALSE	Mothim:64:UNK:NONE:Hardy:Camouflage,Bug Buzz,Psychic,Hurricane	0 hp,0 at,0 df,0 sa,0 sd,0 sp	0	hzla_dynamic_calc_imp_1-3	Asserted	NA	NA
231	Bug Maniac Jeffrey5	Bug Maniac Jeffrey	5	route	Singles	Check Bad Move	1	64	64	FALSE	FALSE	Mothim:64:UNK:NONE:Hardy:Camouflage,Bug Buzz,Psychic,Hurricane	0 hp,0 at,0 df,0 sa,0 sd,0 sp	0	hzla_dynamic_calc_imp_1-3	Asserted	NA	NA
232	Lvl -2 Psychic Edward	Lvl -2 Psychic Edward	1	route	Singles	Check Bad Move,Try To Faint,Check Viability,Smart Switching,Omniscient	3	-2	-2	TRUE	FALSE	Dachsbun:-2:Well Baked Body:Pixie Plate:Adamant:Play Rough,Body Press,Body Slam,Dig|Mudsdale:-2:Stamina:Sitrus Berry:Impish:High Horsepower,Body Press,Rock Tomb,Heavy Slam|Cryogonal:-2:Levitate:Never-Melt Ice:Timid:Freeze-Dry,Ice Shard,Ancient Power,Recover	31 hp,31 at,31 df,31 sa,31 sd,31 sp|31 hp,31 at,31 df,31 sa,31 sd,31 sp|31 hp,31 at,31 df,31 sa,31 sd,31 sp	0|0|0	hzla_dynamic_calc_imp_1-3	Asserted	NA	NA
233	Psychic Preston	Psychic Preston	1	route	Singles	Check Bad Move	1	66	66	FALSE	FALSE	Swoobat:66:UNK:NONE:Hardy:Psychic,Calm Mind,Endeavor,Heat Wave	0 hp,0 at,0 df,0 sa,0 sd,0 sp	0	hzla_dynamic_calc_imp_1-3	Asserted	NA	NA
234	Psychic Virgil	Psychic Virgil	1	route	Singles	Check Bad Move	1	66	66	FALSE	FALSE	Raichu-Alola:66:UNK:NONE:Hardy:Speed Swap,Thunder Shock,Quick Attack,Thunderbolt	0 hp,0 at,0 df,0 sa,0 sd,0 sp	0	hzla_dynamic_calc_imp_1-3	Asserted	NA	NA
235	Psychic Blake	Psychic Blake	1	route	Singles	Check Bad Move	1	66	66	FALSE	FALSE	Beheeyem:66:UNK:NONE:Hardy:Recover,Guard Split,Power Split,Synchronoise	0 hp,0 at,0 df,0 sa,0 sd,0 sp	0	hzla_dynamic_calc_imp_1-3	Asserted	NA	NA
236	Psychic William	Psychic William	1	route	Singles	Check Bad Move	2	64	64	FALSE	FALSE	Hypno:64:UNK:NONE:Hardy:Psychic,Swagger,Future Sight,Dark Void|Espathra:64:UNK:NONE:Hardy:Uproar,Dazzling Gleam,Psychic,Last Resort	0 hp,0 at,0 df,0 sa,0 sd,0 sp|0 hp,0 at,0 df,0 sa,0 sd,0 sp	0|0	hzla_dynamic_calc_imp_1-3	Asserted	NA	NA
237	Psychic Joshua	Psychic Joshua	1	route	Singles	Check Bad Move	2	41	41	FALSE	FALSE	Kadabra:41:UNK:NONE:Hardy:Energy Ball,Recover,Psychic,Role Play|Solrock:41:UNK:NONE:Hardy:Psychic,Heal Block,Stone Edge,Photon Geyser	0 hp,0 at,0 df,0 sa,0 sd,0 sp|0 hp,0 at,0 df,0 sa,0 sd,0 sp	0|0	hzla_dynamic_calc_imp_1-3	Asserted	NA	NA
238	Psychic Cameron	Psychic Cameron	1	route	Singles	Check Bad Move	2	55	55	FALSE	FALSE	Solrock:55:UNK:NONE:Hardy:Stone Edge,Photon Geyser,Explosion,Wonder Room|Lunatone:55:UNK:NONE:Hardy:Photon Geyser,Explosion,Magic Room,Meteor Beam	0 hp,0 at,0 df,0 sa,0 sd,0 sp|0 hp,0 at,0 df,0 sa,0 sd,0 sp	0|0	hzla_dynamic_calc_imp_1-3	Asserted	NA	NA
239	Psychic Cameron2	Psychic Cameron	2	route	Singles	Check Bad Move	2	55	55	FALSE	FALSE	Solrock:55:UNK:NONE:Hardy:Stone Edge,Photon Geyser,Explosion,Wonder Room|Lunatone:55:UNK:NONE:Hardy:Photon Geyser,Explosion,Magic Room,Meteor Beam	0 hp,0 at,0 df,0 sa,0 sd,0 sp|0 hp,0 at,0 df,0 sa,0 sd,0 sp	0|0	hzla_dynamic_calc_imp_1-3	Asserted	NA	NA
240	Psychic Cameron3	Psychic Cameron	3	route	Singles	Check Bad Move	2	55	55	FALSE	FALSE	Solrock:55:UNK:NONE:Hardy:Stone Edge,Photon Geyser,Explosion,Wonder Room|Lunatone:55:UNK:NONE:Hardy:Photon Geyser,Explosion,Magic Room,Meteor Beam	0 hp,0 at,0 df,0 sa,0 sd,0 sp|0 hp,0 at,0 df,0 sa,0 sd,0 sp	0|0	hzla_dynamic_calc_imp_1-3	Asserted	NA	NA
241	Psychic Cameron4	Psychic Cameron	4	route	Singles	Check Bad Move	2	55	55	FALSE	FALSE	Solrock:55:UNK:NONE:Hardy:Stone Edge,Photon Geyser,Explosion,Wonder Room|Lunatone:55:UNK:NONE:Hardy:Photon Geyser,Explosion,Magic Room,Meteor Beam	0 hp,0 at,0 df,0 sa,0 sd,0 sp|0 hp,0 at,0 df,0 sa,0 sd,0 sp	0|0	hzla_dynamic_calc_imp_1-3	Asserted	NA	NA
242	Psychic Cameron5	Psychic Cameron	5	route	Singles	Check Bad Move	2	55	55	FALSE	FALSE	Solrock:55:UNK:NONE:Hardy:Stone Edge,Photon Geyser,Explosion,Wonder Room|Lunatone:55:UNK:NONE:Hardy:Photon Geyser,Explosion,Magic Room,Meteor Beam	0 hp,0 at,0 df,0 sa,0 sd,0 sp|0 hp,0 at,0 df,0 sa,0 sd,0 sp	0|0	hzla_dynamic_calc_imp_1-3	Asserted	NA	NA
243	Psychic Jaclyn	Psychic Jaclyn	1	route	Singles	Check Bad Move	1	26	26	FALSE	FALSE	Hypno:26:UNK:NONE:Hardy:Headbutt,Poison Gas,Meditate,Psybeam	0 hp,0 at,0 df,0 sa,0 sd,0 sp	0	hzla_dynamic_calc_imp_1-3	Asserted	NA	NA
244	Psychic Hannah	Psychic Hannah	1	route	Singles	Check Bad Move	1	66	66	FALSE	FALSE	Gardevoir:66:UNK:NONE:Hardy:Hypnosis,Dream Eater,Calm Mind,Moonblast	0 hp,0 at,0 df,0 sa,0 sd,0 sp	0	hzla_dynamic_calc_imp_1-3	Asserted	NA	NA
245	Psychic Samantha	Psychic Samantha	1	route	Singles	Check Bad Move	1	66	66	FALSE	FALSE	Gallade:66:UNK:NONE:Hardy:False Swipe,Protect,Close Combat,Psycho Cut	12 hp,12 at,12 df,12 sa,12 sd,12 sp	0	hzla_dynamic_calc_imp_1-3	Asserted	NA	NA
246	Psychic Maura	Psychic Maura	1	route	Singles	Check Bad Move	1	66	66	FALSE	FALSE	Xatu:66:UNK:NONE:Hardy:Future Sight,Power Swap,Guard Swap,Me First	0 hp,0 at,0 df,0 sa,0 sd,0 sp	0	hzla_dynamic_calc_imp_1-3	Asserted	NA	NA
247	Psychic Kayla	Psychic Kayla	1	route	Singles	Check Bad Move	2	64	64	FALSE	FALSE	Cofagrigus:64:UNK:NONE:Hardy:Shadow Ball,Grudge,Mean Look,Destiny Bond|Runerigus:64:UNK:NONE:Hardy:Earthquake,Guard Split,Power Split,Destiny Bond	0 hp,0 at,0 df,0 sa,0 sd,0 sp|0 hp,0 at,0 df,0 sa,0 sd,0 sp	0|0	hzla_dynamic_calc_imp_1-3	Asserted	NA	NA
248	Psychic Alexis	Psychic Alexis	1	route	Singles	Check Bad Move	2	41	41	FALSE	FALSE	Kirlia:41:UNK:NONE:Hardy:Psychic,Imprison,Future Sight,Charm|Xatu:41:UNK:NONE:Hardy:Confuse Ray,Wish,Psychic,Esper Wing	0 hp,0 at,0 df,0 sa,0 sd,0 sp|0 hp,0 at,0 df,0 sa,0 sd,0 sp	0|0	hzla_dynamic_calc_imp_1-3	Asserted	NA	NA
249	Psychic Jacki	Psychic Jacki	1	route	Singles	Check Bad Move	2	56	56	FALSE	FALSE	Mr. Mime:56:UNK:NONE:Hardy:Taunt,Psychic,Role Play,Safeguard|Pangoro:56:UNK:NONE:Hardy:Crunch,Entrainment,Parting Shot,Sky Uppercut	0 hp,0 at,0 df,0 sa,0 sd,0 sp|0 hp,0 at,0 df,0 sa,0 sd,0 sp	0|0	hzla_dynamic_calc_imp_1-3	Asserted	NA	NA
250	Psychic Jacki2	Psychic Jacki	2	route	Singles	Check Bad Move	2	56	56	FALSE	FALSE	Mr. Mime:56:UNK:NONE:Hardy:Taunt,Psychic,Role Play,Safeguard|Pangoro:56:UNK:NONE:Hardy:Crunch,Entrainment,Parting Shot,Sky Uppercut	0 hp,0 at,0 df,0 sa,0 sd,0 sp|0 hp,0 at,0 df,0 sa,0 sd,0 sp	0|0	hzla_dynamic_calc_imp_1-3	Asserted	NA	NA
251	Psychic Jacki3	Psychic Jacki	3	route	Singles	Check Bad Move	2	56	56	FALSE	FALSE	Mr. Mime:56:UNK:NONE:Hardy:Taunt,Psychic,Role Play,Safeguard|Pangoro:56:UNK:NONE:Hardy:Crunch,Entrainment,Parting Shot,Sky Uppercut	0 hp,0 at,0 df,0 sa,0 sd,0 sp|0 hp,0 at,0 df,0 sa,0 sd,0 sp	0|0	hzla_dynamic_calc_imp_1-3	Asserted	NA	NA
252	Psychic Jacki4	Psychic Jacki	4	route	Singles	Check Bad Move	2	56	56	FALSE	FALSE	Mr. Mime:56:UNK:NONE:Hardy:Taunt,Psychic,Role Play,Safeguard|Pangoro:56:UNK:NONE:Hardy:Crunch,Entrainment,Parting Shot,Sky Uppercut	0 hp,0 at,0 df,0 sa,0 sd,0 sp|0 hp,0 at,0 df,0 sa,0 sd,0 sp	0|0	hzla_dynamic_calc_imp_1-3	Asserted	NA	NA
253	Psychic Jacki5	Psychic Jacki	5	route	Singles	Check Bad Move	2	56	56	FALSE	FALSE	Mr. Mime:56:UNK:NONE:Hardy:Taunt,Psychic,Role Play,Safeguard|Pangoro:56:UNK:NONE:Hardy:Crunch,Entrainment,Parting Shot,Sky Uppercut	0 hp,0 at,0 df,0 sa,0 sd,0 sp|0 hp,0 at,0 df,0 sa,0 sd,0 sp	0|0	hzla_dynamic_calc_imp_1-3	Asserted	NA	NA
254	Lvl -1 Gentleman Walter	Lvl -1 Gentleman Walter	1	route	Singles	Check Bad Move,Try To Faint,Check Viability,Smart Switching,Omniscient	3	-1	-1	TRUE	TRUE	Seaking:-1:Lightning Rod:Focus Sash:Jolly:Fishious Rend,Aqua Jet,Megahorn,Scale Shot|Corviknight:-1:Unnerve:Leftovers:Adamant:Body Press,Brave Bird,Iron Head,Tailwind|Omastar:-1:Swift Swim:White Herb:Timid:Shell Smash,Hydro Pump,Earth Power,Ice Beam	31 hp,31 at,31 df,31 sa,31 sd,31 sp|31 hp,31 at,31 df,31 sa,31 sd,31 sp|31 hp,31 at,31 df,31 sa,31 sd,31 sp	6 hp,252 at,252 sp|6 hp,252 at,252 sp|6 hp,252 sa,252 sp	hzla_dynamic_calc_imp_1-3	Asserted	NA	NA
255	* Gentleman Micah	* Gentleman Micah	1	route	Singles	Check Bad Move	2	44	44	FALSE	FALSE	Manectric:44:UNK:NONE:Hardy:Bite,Discharge,Roar,Wild Charge|Manectric:44:UNK:NONE:Hardy:Bite,Discharge,Roar,Wild Charge	0 hp,0 at,0 df,0 sa,0 sd,0 sp|0 hp,0 at,0 df,0 sa,0 sd,0 sp	0|0	hzla_dynamic_calc_imp_1-3	Asserted	NA	NA
256	Gentleman Thomas	Gentleman Thomas	1	route	Singles	Check Bad Move	1	45	45	FALSE	FALSE	Zangoose:45:UNK:NONE:Hardy:Detect,Fake Out,Taunt,Agility	0 hp,0 at,0 df,0 sa,0 sd,0 sp	0	hzla_dynamic_calc_imp_1-3	Asserted	NA	NA
257	Lvl -1 Gentleman Walter2	Lvl -1 Gentleman Walter	2	route	Singles	Check Bad Move	3	-1	-1	TRUE	TRUE	Seaking:-1:Lightning Rod:Focus Sash:Jolly:Fishious Rend,Aqua Jet,Megahorn,Scale Shot|Corviknight:-1:Unnerve:Leftovers:Adamant:Body Press,Brave Bird,Iron Head,Tailwind|Omastar:-1:Swift Swim:White Herb:Timid:Shell Smash,Hydro Pump,Earth Power,Ice Beam	31 hp,31 at,31 df,31 sa,31 sd,31 sp|31 hp,31 at,31 df,31 sa,31 sd,31 sp|31 hp,31 at,31 df,31 sa,31 sd,31 sp	6 hp,252 at,252 sp|6 hp,252 at,252 sp|6 hp,252 sa,252 sp	hzla_dynamic_calc_imp_1-3	Asserted	NA	NA
258	Lvl -1 Gentleman Walter3	Lvl -1 Gentleman Walter	3	route	Singles	Check Bad Move	3	-1	-1	TRUE	TRUE	Seaking:-1:Lightning Rod:Focus Sash:Jolly:Fishious Rend,Aqua Jet,Megahorn,Scale Shot|Corviknight:-1:Unnerve:Leftovers:Adamant:Body Press,Brave Bird,Iron Head,Tailwind|Omastar:-1:Swift Swim:White Herb:Timid:Shell Smash,Hydro Pump,Earth Power,Ice Beam	31 hp,31 at,31 df,31 sa,31 sd,31 sp|31 hp,31 at,31 df,31 sa,31 sd,31 sp|31 hp,31 at,31 df,31 sa,31 sd,31 sp	6 hp,252 at,252 sp|6 hp,252 at,252 sp|6 hp,252 sa,252 sp	hzla_dynamic_calc_imp_1-3	Asserted	NA	NA
259	Lvl -1 Gentleman Walter4	Lvl -1 Gentleman Walter	4	route	Singles	Check Bad Move	3	-1	-1	TRUE	TRUE	Seaking:-1:Lightning Rod:Focus Sash:Jolly:Fishious Rend,Aqua Jet,Megahorn,Scale Shot|Corviknight:-1:Unnerve:Leftovers:Adamant:Body Press,Brave Bird,Iron Head,Tailwind|Omastar:-1:Swift Swim:White Herb:Timid:Shell Smash,Hydro Pump,Earth Power,Ice Beam	31 hp,31 at,31 df,31 sa,31 sd,31 sp|31 hp,31 at,31 df,31 sa,31 sd,31 sp|31 hp,31 at,31 df,31 sa,31 sd,31 sp	6 hp,252 at,252 sp|6 hp,252 at,252 sp|6 hp,252 sa,252 sp	hzla_dynamic_calc_imp_1-3	Asserted	NA	NA
260	Lvl -1 Gentleman Walter5	Lvl -1 Gentleman Walter	5	route	Singles	Check Bad Move	3	-1	-1	TRUE	TRUE	Seaking:-1:Lightning Rod:Focus Sash:Jolly:Fishious Rend,Aqua Jet,Megahorn,Scale Shot|Corviknight:-1:Unnerve:Leftovers:Adamant:Body Press,Brave Bird,Iron Head,Tailwind|Omastar:-1:Swift Swim:White Herb:Timid:Shell Smash,Hydro Pump,Earth Power,Ice Beam	31 hp,31 at,31 df,31 sa,31 sd,31 sp|31 hp,31 at,31 df,31 sa,31 sd,31 sp|31 hp,31 at,31 df,31 sa,31 sd,31 sp	6 hp,252 at,252 sp|6 hp,252 at,252 sp|6 hp,252 sa,252 sp	hzla_dynamic_calc_imp_1-3	Asserted	NA	NA
261	Elite Four Sidney1	Elite Four Sidney	1	elite_four	Singles	Check Bad Move,Try To Faint,Check Viability,Powerful Status,Smart Switching,Omniscient	7	85	85	TRUE	TRUE	Moltres-Galar:85:Berserk:Focus Sash:Hasty:Tailwind,Fiery Wrath,Air Slash,Sucker Punch|Grimmsnarl:85:Prankster:Leftovers:Jolly:Spirit Break,Darkest Lariat,Hammer Arm,Parting Shot|Munkidori:85:Toxic Chain:Assault Vest:Timid:Fake Out,Sludge Wave,Grass Knot,Psychic|Delphox:85:Magic Guard:Life Orb:Timid:Mind Blown,Psychic,Shadow Ball,Scorching Sands|Roaring Moon:85:Protosynthesis:Booster Energy:Adamant:Dragon Dance,Iron Head,Dragon Claw,Knock Off|Absol:85:Justified:Absolite:Jolly:Night Slash,Close Combat,Play Rough,Swords Dance|Absol-Mega:85:Sharpness:Absolite:Jolly:Night Slash,Close Combat,Play Rough,Swords Dance	31 hp,31 at,31 df,31 sa,31 sd,31 sp|31 hp,31 at,31 df,31 sa,31 sd,31 sp|31 hp,31 at,31 df,31 sa,31 sd,31 sp|31 hp,31 at,31 df,31 sa,31 sd,31 sp|31 hp,31 at,31 df,31 sa,31 sd,31 sp|31 hp,31 at,31 df,31 sa,31 sd,31 sp|31 hp,31 at,31 df,31 sa,31 sd,31 sp	6 at,252 sa,252 sp|6 hp,252 at,252 sp|6 hp,252 sa,252 sp|6 hp,252 sa,252 sp|6 hp,252 at,252 sp|6 hp,252 at,252 sp|6 hp,252 at,252 sp	hzla_dynamic_calc_imp_1-3	Asserted	19	exact
262	Elite Four Phoebe1	Elite Four Phoebe	1	elite_four	Singles	Check Bad Move,Try To Faint,Check Viability,Smart Switching,Omniscient	7	85	85	TRUE	TRUE	Okidogi:85:Defiant:Assault Vest:Adamant:Close Combat,Poison Jab,Crunch,Mach Punch|Overqwil:85:Intimidate:Life Orb:Jolly:Gunk Shot,Throat Chop,Aqua Tail,Facade|Annihilape:85:Defiant:Punching Glove:Jolly:Drain Punch,Rage Fist,Rock Slide,Bulk Up|Naganadel:85:Beast Boost:Air Balloon:Timid:Sludge Wave,Draco Barrage,Fire Blast,Nasty Plot|Calyrex-Shadow:85:As One Shadow Rider:Focus Sash:Timid:Nasty Plot,Astral Barrage,Psyshock,Draining Kiss|Dusknoir:85:Hustle:Dusknoirite:Adamant:Shadow Punch,Knock Off,Thunder Punch,Ice Punch|Dusknoir-Mega:85:THE GRIPPER:Dusknoirite:Adamant:Shadow Punch,Knock Off,Thunder Punch,Ice Punch	31 hp,31 at,31 df,31 sa,31 sd,31 sp|31 hp,31 at,31 df,31 sa,31 sd,31 sp|31 hp,31 at,31 df,31 sa,31 sd,31 sp|31 hp,31 at,31 df,31 sa,31 sd,31 sp|31 hp,31 at,31 df,31 sa,31 sd,31 sp|31 hp,31 at,31 df,31 sa,31 sd,31 sp|31 hp,31 at,31 df,31 sa,31 sd,31 sp	6 hp,252 at,252 sp|6 hp,252 at,252 sp|6 hp,252 at,252 sp|6 hp,252 sa,252 sp|6 hp,252 sa,252 sp|6 hp,252 at,252 df|6 hp,252 at,252 df	hzla_dynamic_calc_imp_1-3	Asserted	19	exact
263	Elite Four Glacia1	Elite Four Glacia	1	elite_four	Singles	Check Bad Move,Try To Faint,Check Viability,Smart Switching,Omniscient	7	85	85	TRUE	TRUE	Ninetales:85:Drought:Heat Rock:Timid:Flamethrower,Energy Ball,Psyshock,Scorching Sands|Decidueye-Hisui:85:Quill Rush:Expert Belt:Jolly:Close Combat,Leaf Blade,Sucker Punch,Stone Edge|Darmanitan-Galar-Zen:85:Zen Mode:Life Orb:Jolly:Flare Blitz,Icicle Crash,Zen Headbutt,Earthquake|Volcanion:85:Water Absorb:Heavy-Duty Boots:Timid:Hydro Steam,Flamethrower,Sludge Wave,Defog|Reshiram:85:Turboblaze:Weakness Policy:Timid:Fusion Flare,Dragon Pulse,Aura Sphere,Flame Charge|Charizard:85:Blaze:Charizardite Y:Timid:Flamethrower,Air Slash,Solar Beam,Dragon Pulse|Charizard-Mega-Y:85:Drought:Charizardite Y:Timid:Flamethrower,Air Slash,Solar Beam,Dragon Pulse	31 hp,31 at,31 df,31 sa,31 sd,31 sp|31 hp,31 at,31 df,31 sa,31 sd,31 sp|31 hp,31 at,31 df,31 sa,31 sd,31 sp|31 hp,31 at,31 df,31 sa,31 sd,31 sp|31 hp,31 at,31 df,31 sa,31 sd,31 sp|31 hp,31 at,31 df,31 sa,31 sd,31 sp|31 hp,31 at,31 df,31 sa,31 sd,31 sp	6 hp,252 sa,252 sp|6 hp,252 at,252 sp|6 hp,252 at,252 sp|6 hp,252 sa,252 sp|6 hp,252 sa,252 sp|6 hp,252 sa,252 sp|6 hp,252 sa,252 sp	hzla_dynamic_calc_imp_1-3	Asserted	19	exact
264	Elite Four Drake	Elite Four Drake	1	elite_four	Doubles	Check Bad Move,Try To Faint,Check Viability,Smart Switching,Omniscient	7	82	82	TRUE	TRUE	Salamence:82:Intimidate:Life Orb:Hasty:Dragon Claw,Dual Wingbeat,Fire Blast,Hydro Pump|Magearna:82:Soul Heart:Leftovers:Modest:Flash Cannon,Dazzling Gleam,Energy Ball,Aura Sphere|Archaludon:82:Bad Company:Power Herb:Modest:Draco Meteor,Steel Beam,Electro Shot,Dark Pulse|Tauros-Paldea-Aqua:82:Intimidate:Assault Vest:Jolly:Wave Crash,Close Combat,Zen Headbutt,Rock Slide|Gouging Fire:82:Protosynthesis:Booster Energy:Adamant:Flare Blitz,Dragon Claw,Stomping Tantrum,Dragon Dance|Rayquaza:82:Air Lock:Focus Sash:Naive:Dragon Ascent,Dragon Pulse,Earth Power,Extreme Speed|Rayquaza-Mega:82:Delta Stream:Focus Sash:Naive:Dragon Ascent,Dragon Pulse,Earth Power,Extreme Speed	31 hp,31 at,31 df,31 sa,31 sd,31 sp|31 hp,31 at,31 df,31 sa,31 sd,31 sp|31 hp,31 at,31 df,31 sa,31 sd,31 sp|31 hp,31 at,31 df,31 sa,31 sd,31 sp|31 hp,31 at,31 df,31 sa,31 sd,31 sp|31 hp,31 at,31 df,31 sa,31 sd,31 sp|31 hp,31 at,31 df,31 sa,31 sd,31 sp	252 at,6 sa,252 sp|6 hp,252 sa,252 sp|6 hp,252 sa,252 sp|6 hp,252 at,252 sp|6 hp,252 at,252 sp|252 at,6 sa,252 sp|252 at,6 sa,252 sp	hzla_dynamic_calc_imp_1-3	Asserted	17	exact
265	Leader Roxanne	Leader Roxanne	1	gym_leader	Singles	Check Bad Move,Try To Faint,Check Viability,Smart Switching,Omniscient	4	14	15	TRUE	FALSE	Rhyhorn:14:Lightning Rod:Rindo Berry:Adamant:Rock Tomb,Horn Attack,Bulldoze,Rock Smash|Wooper-Paldea:15:Water Absorb:Oran Berry:Modest:Mud Shot,Acid Spray,Yawn,Sandstorm|Gligar:15:Sand Veil:Oran Berry:Adamant:Wing Attack,Quick Attack,Bulldoze|Nosepass:15:Sturdy:Berry Juice:Impish:Rock Blast,Spark,Bulldoze,Thunder Wave	31 hp,31 at,31 df,31 sa,31 sd,31 sp|31 hp,31 at,31 df,31 sa,31 sd,31 sp|31 hp,31 at,31 df,31 sa,31 sd,31 sp|31 hp,31 at,31 df,31 sa,31 sd,31 sp	0|0|0|0	hzla_dynamic_calc_imp_1-3	Asserted	1	exact
266	Leader Brawly	Leader Brawly	1	gym_leader	Singles	Check Bad Move,Try To Faint,Check Viability,Smart Switching,Omniscient	5	23	25	FALSE	FALSE	Pikachu-Libre:23:Lightning Rod:Light Ball:Timid:Fake Out,Electroweb,Hidden Power,Draining Kiss|Sandslash-Alola:24:Ice Scales:Chople Berry:Jolly:Ice Shard,Aerial Ace,Bulldoze,Cut|Lycanroc-Dusk:25:Tough Claws:Muscle Band:Jolly:Low Sweep,Accelerock,Bulldoze,Rock Tomb|Gurdurr:25:Iron Fist:Eviolite:Adamant:Mach Punch,Fire Punch,Low Sweep,Thunder Punch|Hariyama:25:Guts:Flame Orb:Adamant:Low Sweep,Rock Tomb,Knock Off,Fake Out	31 hp,31 at,30 df,30 sa,30 sd,30 sp|31 hp,31 at,31 df,31 sa,31 sd,31 sp|31 hp,31 at,31 df,31 sa,31 sd,31 sp|31 hp,31 at,31 df,31 sa,31 sd,31 sp|31 hp,31 at,31 df,31 sa,31 sd,31 sp	0|0|0|0|0	hzla_dynamic_calc_imp_1-3	Asserted	3	exact
267	Leader Wattson	Leader Wattson	1	gym_leader	Singles	Check Bad Move,Try To Faint,Check Viability,Smart Switching,Omniscient	6	34	34	FALSE	TRUE	Dedenne:34:Electric Surge:Terrain Extender:Timid:Parabolic Charge,Volt Switch,Draining Kiss,Hidden Power|Kilowattrel:34:Volt Absorb:Charti Berry:Timid:Air Slash,Electroweb,Volt Switch,Roost|Magneton:34:Analytic:Eviolite:Modest:Discharge,Mirror Shot,Volt Switch,Tri Attack|Vikavolt:34:Levitate:Occa Berry:Modest:Bug Buzz,Air Slash,Energy Ball,Charge Beam|Luxray:34:Intimidate:Luxrite:Jolly:Thunder Fang,Bite,Psychic Fangs,Ice Fang|Luxray-Mega:34:Strong Jaw:Luxrite:Jolly:Thunder Fang,Bite,Psychic Fangs,Ice Fang	31 hp,31 at,31 df,31 sa,31 sd,30 sp|31 hp,31 at,31 df,31 sa,31 sd,31 sp|31 hp,31 at,31 df,31 sa,31 sd,31 sp|31 hp,31 at,31 df,31 sa,31 sd,31 sp|31 hp,31 at,31 df,31 sa,31 sd,31 sp|31 hp,31 at,31 df,31 sa,31 sd,31 sp	6 hp,252 sa,252 sp|6 hp,252 sa,252 sp|6 hp,252 sa,252 sp|6 hp,252 sa,252 sp|6 hp,252 at,252 sp|6 hp,252 at,252 sp	hzla_dynamic_calc_imp_1-3	Asserted	6	exact
268	Leader Flannery	Leader Flannery	1	gym_leader	Singles	Check Bad Move,Try To Faint,Check Viability,Smart Switching,Omniscient	7	47	47	FALSE	TRUE	Ninetales:47:Drought:Heat Rock:Timid:Flamethrower,Energy Ball,Psyshock,Dark Pulse|Walking Wake:47:Protosynthesis:Choice Scarf:Timid:Hydro Steam,Flamethrower,Dragon Pulse,Hidden Power|Scovillain:47:Chlorophyll:Life Orb:Modest:Giga Drain,Flamethrower,Scorching Sands,Sunny Day|Rotom-Heat:47:Levitate:Leftovers:Bold:Thunderbolt,Overheat,Hidden Power,Thunder Wave|Marowak-Alola:47:Bone Zone:Thick Club:Adamant:Flare Blitz,Shadow Bone,Bonemerang,Thunder Punch|Infernape:47:Iron Fist:Infernapite:Jolly:Fire Punch,Close Combat,Knock Off,Thunder Punch|Infernape-Mega:47:Iron Fist:Infernapite:Jolly:Fire Punch,Close Combat,Knock Off,Thunder Punch	31 hp,31 at,31 df,31 sa,31 sd,31 sp|31 hp,31 at,30 df,30 sa,30 sd,31 sp|31 hp,31 at,31 df,31 sa,31 sd,31 sp|31 hp,31 at,31 df,31 sa,31 sd,30 sp|31 hp,31 at,31 df,31 sa,31 sd,31 sp|31 hp,31 at,31 df,31 sa,31 sd,31 sp|31 hp,31 at,31 df,31 sa,31 sd,31 sp	6 hp,252 sa,252 sp|6 hp,252 sa,252 sp|6 hp,252 sa,252 sp|252 df,252 sa,6 sd|6 hp,252 at,252 sp|6 hp,252 at,252 sp|6 hp,252 at,252 sp	hzla_dynamic_calc_imp_1-3	Asserted	8	exact
269	Leader Norman	Leader Norman	1	gym_leader	Singles	Check Bad Move,Try To Faint,Check Viability,Smart Switching,Omniscient	7	59	59	FALSE	TRUE	Zoroark-Hisui:59:Illusion:Focus Sash:Timid:Bitter Malice,Aura Sphere,Hyper Voice,Sludge Bomb|Iron Valiant:59:Quark Drive:Booster Energy:Jolly:Close Combat,Spirit Break,Bulk Up,Knock Off|Ursaluna-Bloodmoon:59:Minds Eye:Expert Belt:Modest:Earth Power,Blood Moon,Hyper Voice,Hidden Power|Cyclizar:59:Regenerator:Sitrus Berry:Jolly:Shed Tail,Aqua Tail,Dragon Claw,Return|Slaking:59:Truant:Slakite:Jolly:Return,Play Rough,Power-Up Punch,Earthquake|Obstagoon:59:Guts:Life Orb:Jolly:Facade,Knock Off,Close Combat,Sucker Punch|Slaking-Mega:59:Comatose:Slakite:Jolly:Return,Play Rough,Power-Up Punch,Earthquake	31 hp,31 at,31 df,31 sa,31 sd,31 sp|31 hp,31 at,31 df,31 sa,31 sd,31 sp|31 hp,30 at,30 df,31 sa,31 sd,31 sp|31 hp,31 at,31 df,31 sa,31 sd,31 sp|31 hp,31 at,31 df,31 sa,31 sd,31 sp|31 hp,31 at,31 df,31 sa,31 sd,31 sp|31 hp,31 at,31 df,31 sa,31 sd,31 sp	6 hp,252 sa,252 sp|6 hp,252 at,252 sp|6 hp,252 sa,252 sp|6 hp,252 at,252 sp|6 hp,252 at,252 sp|6 hp,252 at,252 sp|6 hp,252 at,252 sp	hzla_dynamic_calc_imp_1-3	Asserted	10	exact
270	Leader Winona	Leader Winona	1	gym_leader	Singles	Check Bad Move,Try To Faint,Check Viability,Smart Switching,Omniscient	7	68	68	FALSE	TRUE	Staraptor:68:Intimidate:Choice Band:Jolly:Double-Edge,Brave Bird,Close Combat,U-turn|Aggron:68:Rock Head:Assault Vest:Adamant:Heavy Slam,Head Smash,Fire Punch,Body Press|Flygon:68:Tinted Lens:Life Orb:Naive:Draco Meteor,Headlong Rush,Dual Wingbeat,Rock Slide|Frosmoth:68:Ice Scales:Heavy-Duty Boots:Timid:Quiver Dance,Bug Buzz,Giga Drain,Ice Beam|Thundurus-Therian:68:Volt Absorb:Focus Sash:Timid:Thunderbolt,Grass Knot,Sludge Wave,Hidden Power|Altaria:68:Natural Cure:Altarianite:Jolly:Dragon Dance,Earthquake,Dragon Claw,Return|Altaria-Mega:68:Pixilate:Altarianite:Jolly:Dragon Dance,Earthquake,Dragon Claw,Return	31 hp,31 at,31 df,31 sa,31 sd,31 sp|31 hp,31 at,31 df,31 sa,31 sd,31 sp|31 hp,31 at,31 df,31 sa,31 sd,31 sp|31 hp,31 at,31 df,31 sa,31 sd,31 sp|31 hp,31 at,31 df,30 sa,30 sd,30 sp|31 hp,31 at,31 df,31 sa,31 sd,31 sp|31 hp,31 at,31 df,31 sa,31 sd,31 sp	6 hp,252 at,252 sp|6 hp,252 at,252 df|252 at,6 sa,252 sp|6 hp,252 sa,252 sp|6 hp,252 sa,252 sp|6 hp,252 at,252 sp|6 hp,252 at,252 sp	hzla_dynamic_calc_imp_1-3	Asserted	12	exact
272	Leader Juan	Leader Juan	1	gym_leader	Singles	Check Bad Move,Try To Faint,Check Viability,Smart Switching,Omniscient	7	82	82	TRUE	TRUE	Tapu Fini:82:Misty Surge:Terrain Extender:Timid:Moonblast,Ice Beam,Surf,Flip Turn|Tinkaton:82:Own Tempo:Shuca Berry:Jolly:Gigaton Hammer,Play Rough,Stone Edge,Brick Break|Rapidash-Galar:82:Flash Fire:Life Orb:Jolly:Flare Blitz,Play Rough,Wild Charge,Swords Dance|Ursaluna:82:Guts:Assault Vest:Adamant:Facade,Headlong Rush,Close Combat,Play Rough|Flutter Mane:82:Protosynthesis:Choice Specs:Timid:Energy Ball,Shadow Ball,Moonblast,Psyshock|Diancie:82:Clear Body:Diancite:Timid:Moonblast,Diamond Storm,Calm Mind,Earth Power|Diancie-Mega:82:Magic Bounce:Diancite:Timid:Moonblast,Diamond Storm,Calm Mind,Earth Power	31 hp,31 at,31 df,31 sa,31 sd,31 sp|31 hp,31 at,31 df,31 sa,31 sd,31 sp|31 hp,31 at,31 df,31 sa,31 sd,31 sp|31 hp,31 at,31 df,31 sa,31 sd,31 sp|31 hp,31 at,31 df,31 sa,31 sd,31 sp|31 hp,31 at,31 df,31 sa,31 sd,31 sp|31 hp,31 at,31 df,31 sa,31 sd,31 sp	6 hp,252 sa,252 sp|6 hp,252 at,252 sp|6 hp,252 at,252 sp|6 hp,252 at,252 sp|6 hp,252 sa,252 sp|6 hp,252 sa,252 sp|6 hp,252 sa,252 sp	hzla_dynamic_calc_imp_1-3	Asserted	17	exact
273	School Kid Jerry	School Kid Jerry	1	route	Singles	Check Bad Move	1	17	17	FALSE	FALSE	Maractus:17:UNK:NONE:Hardy:Growth,Pin Missile,Mega Drain,Synthesis	0 hp,0 at,0 df,0 sa,0 sd,0 sp	0	hzla_dynamic_calc_imp_1-3	Asserted	NA	NA
274	Lvl -1 School Kid Ted	Lvl -1 School Kid Ted	1	route	Singles	Check Bad Move,Try To Faint,Check Viability,Smart Switching,Omniscient	6	-1	-2	TRUE	TRUE	Kleavor:-2:Sharpness:Focus Sash:Jolly:Stone Axe,X-Scissor,Accelerock,Night Slash|Jumpluff:-2:Aerilate:Yache Berry:Jolly:Swords Dance,Double-Edge,Leaf Blade,Strength Sap|Parasect:-2:Dry Skin:Leftovers:Adamant:Spore,Sappy Seed,Leech Life,Crabhammer|Snorlax:-2:Thick Fat:Snorlaxite:Adamant:Body Slam,Wood Hammer,Earthquake,Heavy Slam|Pheromosa:-1:Beast Boost:Expert Belt:Mild:Bug Buzz,Aura Sphere,Ice Beam,Close Combat|Snorlax-Mega:-2:Thick Fat:Snorlaxite:Adamant:Body Slam,Wood Hammer,Earthquake,Heavy Slam	31 hp,31 at,31 df,31 sa,31 sd,31 sp|31 hp,31 at,31 df,31 sa,31 sd,31 sp|31 hp,31 at,31 df,31 sa,31 sd,31 sp|31 hp,31 at,31 df,31 sa,31 sd,31 sp|31 hp,31 at,31 df,31 sa,31 sd,31 sp|31 hp,31 at,31 df,31 sa,31 sd,31 sp	6 hp,252 at,252 sp|6 hp,252 at,252 sp|6 hp,252 at,252 sp|6 hp,252 at,252 sp|6 at,252 sa,252 sp|6 hp,252 at,252 sp	hzla_dynamic_calc_imp_1-3	Asserted	NA	NA
275	Lvl -1 Picnicker Rachel	Lvl -1 Picnicker Rachel	1	route	Singles	Check Bad Move,Try To Faint,Check Viability,Smart Switching,Omniscient	6	-1	-2	FALSE	TRUE	Leavanny:-2:Sharpness:Focus Sash:Jolly:Leaf Blade,X-Scissor,Sacred Sword,Swords Dance|Electrode-Hisui:-2:Reckless:Life Orb:Modest:Chloroblast,Thunderbolt,Volt Switch,Flash Cannon|Crustle:-2:Sturdy:White Herb:Adamant:Shell Smash,X-Scissor,Stone Edge,Knock Off|Roserade:-2:Technician:Roseradite:Timid:Mega Drain,Sludge,Ancient Power,Hidden Power|Kartana:-1:Beast Boost:Expert Belt:Jolly:Leaf Blade,Smart Strike,Sacred Sword,Night Slash|Roserade-Mega:-2:Technician:Roseradite:Timid:Mega Drain,Sludge,Ancient Power,Hidden Power	31 hp,31 at,31 df,31 sa,31 sd,31 sp|31 hp,31 at,31 df,31 sa,31 sd,31 sp|31 hp,31 at,31 df,31 sa,31 sd,31 sp|31 hp,30 at,31 df,30 sa,31 sd,30 sp|31 hp,31 at,31 df,31 sa,31 sd,31 sp|31 hp,30 at,31 df,30 sa,31 sd,30 sp	6 hp,252 at,252 sp|6 hp,252 sa,252 sp|6 hp,252 at,252 sp|6 hp,252 sa,252 sp|6 hp,252 at,252 sp|6 hp,252 sa,252 sp	hzla_dynamic_calc_imp_1-3	Asserted	NA	NA
276	School Kid Jerry2	School Kid Jerry	2	route	Singles	Check Bad Move	1	17	17	FALSE	FALSE	Maractus:17:UNK:NONE:Hardy:Growth,Pin Missile,Mega Drain,Synthesis	0 hp,0 at,0 df,0 sa,0 sd,0 sp	0	hzla_dynamic_calc_imp_1-3	Asserted	NA	NA
277	School Kid Jerry3	School Kid Jerry	3	route	Singles	Check Bad Move	1	17	17	FALSE	FALSE	Maractus:17:UNK:NONE:Hardy:Growth,Pin Missile,Mega Drain,Synthesis	0 hp,0 at,0 df,0 sa,0 sd,0 sp	0	hzla_dynamic_calc_imp_1-3	Asserted	NA	NA
278	School Kid Jerry4	School Kid Jerry	4	route	Singles	Check Bad Move	1	17	17	FALSE	FALSE	Maractus:17:UNK:NONE:Hardy:Growth,Pin Missile,Mega Drain,Synthesis	0 hp,0 at,0 df,0 sa,0 sd,0 sp	0	hzla_dynamic_calc_imp_1-3	Asserted	NA	NA
279	School Kid Jerry5	School Kid Jerry	5	route	Singles	Check Bad Move	1	17	17	FALSE	FALSE	Maractus:17:UNK:NONE:Hardy:Growth,Pin Missile,Mega Drain,Synthesis	0 hp,0 at,0 df,0 sa,0 sd,0 sp	0	hzla_dynamic_calc_imp_1-3	Asserted	NA	NA
280	School Kid Karen	School Kid Karen	1	route	Singles	Check Bad Move	1	10	10	FALSE	FALSE	Nidoran-F:10:UNK:NONE:Hardy:Growl,Scratch,Tail Whip,Double Kick	10 hp,10 at,10 df,10 sa,10 sd,10 sp	0	hzla_dynamic_calc_imp_1-3	Asserted	NA	NA
281	Lvl -1 School Kid Georgia	Lvl -1 School Kid Georgia	1	route	Singles	Check Bad Move,Try To Faint,Check Viability,Smart Switching,Omniscient	6	-1	-2	TRUE	TRUE	Trevenant:-2:Harvest:Sitrus Berry:Impish:Leech Seed,Confuse Ray,Horn Leech,Poltergeist|Toedscruel:-2:Clear Body:Yache Berry:Timid:Spore,Leech Seed,Earth Power,Giga Drain|Masquerain:-2:Intimidate:Expert Belt:Timid:Quiver Dance,Scald,Ice Beam,Bug Buzz|Butterfree:-2:Compound Eyes:Butterfrite:Timid:Quiver Dance,Hurricane,Bug Buzz,Giga Drain|Wo-Chien:-1:Tablets of Ruin:Leftovers:Bold:Leech Seed,Stun Spore,Giga Drain,Ruination|Butterfree-Mega:-2:Compound Eyes:Butterfrite:Timid:Quiver Dance,Hurricane,Bug Buzz,Giga Drain	31 hp,31 at,31 df,31 sa,31 sd,31 sp|31 hp,31 at,31 df,31 sa,31 sd,31 sp|31 hp,31 at,31 df,31 sa,31 sd,31 sp|31 hp,31 at,31 df,31 sa,31 sd,31 sp|31 hp,31 at,31 df,31 sa,31 sd,31 sp|31 hp,31 at,31 df,31 sa,31 sd,31 sp	252 hp,6 at,252 df|6 hp,252 sa,252 sp|6 hp,252 sa,252 sp|6 hp,252 sa,252 sp|252 hp,252 df,6 sa|6 hp,252 sa,252 sp	hzla_dynamic_calc_imp_1-3	Asserted	NA	NA
282	School Kid Karen2	School Kid Karen	2	route	Singles	Check Bad Move	1	10	10	FALSE	FALSE	Nidoran-F:10:UNK:NONE:Hardy:Growl,Scratch,Tail Whip,Double Kick	10 hp,10 at,10 df,10 sa,10 sd,10 sp	0	hzla_dynamic_calc_imp_1-3	Asserted	NA	NA
283	School Kid Karen3	School Kid Karen	3	route	Singles	Check Bad Move	1	10	10	FALSE	FALSE	Nidoran-F:10:UNK:NONE:Hardy:Growl,Scratch,Tail Whip,Double Kick	10 hp,10 at,10 df,10 sa,10 sd,10 sp	0	hzla_dynamic_calc_imp_1-3	Asserted	NA	NA
284	School Kid Karen4	School Kid Karen	4	route	Singles	Check Bad Move	1	10	10	FALSE	FALSE	Nidoran-F:10:UNK:NONE:Hardy:Growl,Scratch,Tail Whip,Double Kick	10 hp,10 at,10 df,10 sa,10 sd,10 sp	0	hzla_dynamic_calc_imp_1-3	Asserted	NA	NA
285	School Kid Karen5	School Kid Karen	5	route	Singles	Check Bad Move	1	10	10	FALSE	FALSE	Nidoran-F:10:UNK:NONE:Hardy:Growl,Scratch,Tail Whip,Double Kick	10 hp,10 at,10 df,10 sa,10 sd,10 sp	0	hzla_dynamic_calc_imp_1-3	Asserted	NA	NA
286	Sr And Jr Kate And Joy	Sr And Jr Kate And Joy	1	route	Doubles	Check Bad Move	2	64	64	FALSE	FALSE	Spinda:64:UNK:NONE:Hardy:Psych Up,Double-Edge,Flail,Thrash|Liepard:64:UNK:NONE:Hardy:Night Slash,Snatch,Nasty Plot,Play Rough	0 hp,0 at,0 df,0 sa,0 sd,0 sp|0 hp,0 at,0 df,0 sa,0 sd,0 sp	0|0	hzla_dynamic_calc_imp_1-3	Asserted	NA	NA
287	Sr And Jr Anna And Meg	Sr And Jr Anna And Meg	1	route	Doubles	Check Bad Move	4	24	26	FALSE	FALSE	Linoone:26:UNK:NONE:Hardy:Odor Sleuth,Mud Sport,Fury Swipes,Covet|Xatu:26:UNK:NONE:Hardy:Confusion,Stored Power,Ominous Wind,Confuse Ray|Flaaffy:24:UNK:NONE:Hardy:Flash,Cotton Spore,Charge,Take Down|Luvdisc:24:UNK:NONE:Hardy:Lucky Chant,Water Pulse,Attract,Heart Stamp	0 hp,0 at,0 df,0 sa,0 sd,0 sp|0 hp,0 at,0 df,0 sa,0 sd,0 sp|0 hp,0 at,0 df,0 sa,0 sd,0 sp|0 hp,0 at,0 df,0 sa,0 sd,0 sp	0|0|0|0	hzla_dynamic_calc_imp_1-3	Asserted	NA	NA
288	Sr And Jr Anna And Meg2	Sr And Jr Anna And Meg	2	route	Doubles	Check Bad Move	4	24	26	FALSE	FALSE	Linoone:26:UNK:NONE:Hardy:Odor Sleuth,Mud Sport,Fury Swipes,Covet|Xatu:26:UNK:NONE:Hardy:Confusion,Stored Power,Ominous Wind,Confuse Ray|Flaaffy:24:UNK:NONE:Hardy:Flash,Cotton Spore,Charge,Take Down|Luvdisc:24:UNK:NONE:Hardy:Lucky Chant,Water Pulse,Attract,Heart Stamp	0 hp,0 at,0 df,0 sa,0 sd,0 sp|0 hp,0 at,0 df,0 sa,0 sd,0 sp|0 hp,0 at,0 df,0 sa,0 sd,0 sp|0 hp,0 at,0 df,0 sa,0 sd,0 sp	0|0|0|0	hzla_dynamic_calc_imp_1-3	Asserted	NA	NA
289	Sr And Jr Anna And Meg3	Sr And Jr Anna And Meg	3	route	Doubles	Check Bad Move	4	24	26	FALSE	FALSE	Linoone:26:UNK:NONE:Hardy:Odor Sleuth,Mud Sport,Fury Swipes,Covet|Xatu:26:UNK:NONE:Hardy:Confusion,Stored Power,Ominous Wind,Confuse Ray|Flaaffy:24:UNK:NONE:Hardy:Flash,Cotton Spore,Charge,Take Down|Luvdisc:24:UNK:NONE:Hardy:Lucky Chant,Water Pulse,Attract,Heart Stamp	0 hp,0 at,0 df,0 sa,0 sd,0 sp|0 hp,0 at,0 df,0 sa,0 sd,0 sp|0 hp,0 at,0 df,0 sa,0 sd,0 sp|0 hp,0 at,0 df,0 sa,0 sd,0 sp	0|0|0|0	hzla_dynamic_calc_imp_1-3	Asserted	NA	NA
290	Sr And Jr Anna And Meg4	Sr And Jr Anna And Meg	4	route	Doubles	Check Bad Move	4	24	26	FALSE	FALSE	Linoone:26:UNK:NONE:Hardy:Odor Sleuth,Mud Sport,Fury Swipes,Covet|Xatu:26:UNK:NONE:Hardy:Confusion,Stored Power,Ominous Wind,Confuse Ray|Flaaffy:24:UNK:NONE:Hardy:Flash,Cotton Spore,Charge,Take Down|Luvdisc:24:UNK:NONE:Hardy:Lucky Chant,Water Pulse,Attract,Heart Stamp	0 hp,0 at,0 df,0 sa,0 sd,0 sp|0 hp,0 at,0 df,0 sa,0 sd,0 sp|0 hp,0 at,0 df,0 sa,0 sd,0 sp|0 hp,0 at,0 df,0 sa,0 sd,0 sp	0|0|0|0	hzla_dynamic_calc_imp_1-3	Asserted	NA	NA
291	Sr And Jr Anna And Meg5	Sr And Jr Anna And Meg	5	route	Doubles	Check Bad Move	4	24	26	FALSE	FALSE	Linoone:26:UNK:NONE:Hardy:Odor Sleuth,Mud Sport,Fury Swipes,Covet|Xatu:26:UNK:NONE:Hardy:Confusion,Stored Power,Ominous Wind,Confuse Ray|Flaaffy:24:UNK:NONE:Hardy:Flash,Cotton Spore,Charge,Take Down|Luvdisc:24:UNK:NONE:Hardy:Lucky Chant,Water Pulse,Attract,Heart Stamp	0 hp,0 at,0 df,0 sa,0 sd,0 sp|0 hp,0 at,0 df,0 sa,0 sd,0 sp|0 hp,0 at,0 df,0 sa,0 sd,0 sp|0 hp,0 at,0 df,0 sa,0 sd,0 sp	0|0|0|0	hzla_dynamic_calc_imp_1-3	Asserted	NA	NA
292	Lvl -1 Winstrate Victor	Lvl -1 Winstrate Victor	1	route	Singles	Check Bad Move,Try To Faint,Check Viability,Smart Switching,Omniscient	3	-1	-1	TRUE	TRUE	Boltund:-1:Strong Jaw:Muscle Band:Jolly:Thunder Fang,Ice Fang,Psychic Fangs,Crunch|Pidgeot:-1:Frisk:Pidgeotite:Timid:Hurricane,Facade,Roost,Heat Wave|Pidgeot-Mega:-1:No Guard:Pidgeotite:Timid:Hurricane,Facade,Roost,Heat Wave	31 hp,31 at,31 df,31 sa,31 sd,31 sp|31 hp,31 at,31 df,31 sa,31 sd,31 sp|31 hp,31 at,31 df,31 sa,31 sd,31 sp	6 hp,252 at,252 sp|6 hp,252 sa,252 sp|6 hp,252 sa,252 sp	hzla_dynamic_calc_imp_1-3	Asserted	NA	NA
293	Pokefan Miguel	Pokefan Miguel	1	route	Singles	Check Bad Move	2	25	25	FALSE	FALSE	Delcatty:25:UNK:NONE:Hardy:Fake Out,Sing,Attract,Round|Fearow:25:UNK:NONE:Hardy:Fury Attack,Pluck,Mirror Move,Assurance	0 hp,0 at,0 df,0 sa,0 sd,0 sp|0 hp,0 at,0 df,0 sa,0 sd,0 sp	0|0	hzla_dynamic_calc_imp_1-3	Asserted	NA	NA
294	Pokefan Colton	Pokefan Colton	1	route	Singles	Check Bad Move	6	12	42	FALSE	FALSE	Skitty:22:UNK:NONE:Hardy:Assist,Charm,Feint Attack,Heal Bell|Skitty:36:UNK:NONE:Hardy:Assist,Charm,Feint Attack,Heal Bell|Skitty:40:UNK:NONE:Hardy:Assist,Charm,Feint Attack,Heal Bell|Skitty:12:UNK:NONE:Hardy:Assist,Charm,Feint Attack,Heal Bell|Skitty:30:UNK:NONE:Hardy:Assist,Charm,Feint Attack,Heal Bell|Delcatty:42:UNK:NONE:Hardy:Assist,Charm,Feint Attack,Heal Bell	0 hp,0 at,0 df,0 sa,0 sd,0 sp|0 hp,0 at,0 df,0 sa,0 sd,0 sp|0 hp,0 at,0 df,0 sa,0 sd,0 sp|0 hp,0 at,0 df,0 sa,0 sd,0 sp|0 hp,0 at,0 df,0 sa,0 sd,0 sp|0 hp,0 at,0 df,0 sa,0 sd,0 sp	0|0|0|0|0|0	hzla_dynamic_calc_imp_1-3	Asserted	NA	NA
295	Pokefan Miguel2	Pokefan Miguel	2	route	Singles	Check Bad Move	2	25	25	FALSE	FALSE	Delcatty:25:UNK:NONE:Hardy:Fake Out,Sing,Attract,Round|Fearow:25:UNK:NONE:Hardy:Fury Attack,Pluck,Mirror Move,Assurance	0 hp,0 at,0 df,0 sa,0 sd,0 sp|0 hp,0 at,0 df,0 sa,0 sd,0 sp	0|0	hzla_dynamic_calc_imp_1-3	Asserted	NA	NA
296	Pokefan Miguel3	Pokefan Miguel	3	route	Singles	Check Bad Move	2	25	25	FALSE	FALSE	Delcatty:25:UNK:NONE:Hardy:Fake Out,Sing,Attract,Round|Fearow:25:UNK:NONE:Hardy:Fury Attack,Pluck,Mirror Move,Assurance	0 hp,0 at,0 df,0 sa,0 sd,0 sp|0 hp,0 at,0 df,0 sa,0 sd,0 sp	0|0	hzla_dynamic_calc_imp_1-3	Asserted	NA	NA
297	Pokefan Miguel4	Pokefan Miguel	4	route	Singles	Check Bad Move	2	25	25	FALSE	FALSE	Delcatty:25:UNK:NONE:Hardy:Fake Out,Sing,Attract,Round|Fearow:25:UNK:NONE:Hardy:Fury Attack,Pluck,Mirror Move,Assurance	0 hp,0 at,0 df,0 sa,0 sd,0 sp|0 hp,0 at,0 df,0 sa,0 sd,0 sp	0|0	hzla_dynamic_calc_imp_1-3	Asserted	NA	NA
298	Pokefan Miguel5	Pokefan Miguel	5	route	Singles	Check Bad Move	2	25	25	FALSE	FALSE	Delcatty:25:UNK:NONE:Hardy:Fake Out,Sing,Attract,Round|Fearow:25:UNK:NONE:Hardy:Fury Attack,Pluck,Mirror Move,Assurance	0 hp,0 at,0 df,0 sa,0 sd,0 sp|0 hp,0 at,0 df,0 sa,0 sd,0 sp	0|0	hzla_dynamic_calc_imp_1-3	Asserted	NA	NA
299	Lvl -1 Winstrate Victoria	Lvl -1 Winstrate Victoria	1	route	Singles	Check Bad Move,Try To Faint,Check Viability,Smart Switching,Omniscient	3	-1	-1	TRUE	TRUE	Cetitan:-1:Sheer Force:Never-Melt Ice:Adamant:Icicle Crash,Body Slam,Bulldoze,Ice Shard|Slowbro:-1:Own Tempo:Slowbronite:Modest:Psychic,Scald,Yawn,Slack Off|Slowbro-Mega:-1:Regenerator:Slowbronite:Modest:Psychic,Scald,Yawn,Slack Off	31 hp,31 at,31 df,31 sa,31 sd,31 sp|31 hp,31 at,31 df,31 sa,31 sd,31 sp|31 hp,31 at,31 df,31 sa,31 sd,31 sp	6 hp,252 at,252 sp|6 hp,252 sa,252 sp|6 hp,252 sa,252 sp	hzla_dynamic_calc_imp_1-3	Asserted	NA	NA
300	Lvl -1 Pokefan Vanessa	Lvl -1 Pokefan Vanessa	1	route	Singles	Check Bad Move,Try To Faint,Check Viability,Smart Switching,Omniscient	4	-1	-1	TRUE	TRUE	Kilowattrel:-1:Static:Yache Berry:Timid:Hurricane,Thunder,Discharge,Weather Ball|Kabutops:-1:Swift Swim:Life Orb:Jolly:Swords Dance,Stone Edge,Liquidation,X-Scissor|Drednaw:-1:Strong Jaw:Drednawite:Jolly:Jaw Lock,Ice Fang,Crunch,Aqua Fang|Drednaw-Mega:-1:Strong Jaw:Drednawite:Jolly:Jaw Lock,Ice Fang,Crunch,Aqua Fang	31 hp,31 at,31 df,31 sa,31 sd,31 sp|31 hp,31 at,31 df,31 sa,31 sd,31 sp|31 hp,31 at,31 df,31 sa,31 sd,31 sp|31 hp,31 at,31 df,31 sa,31 sd,31 sp	6 hp,252 sa,252 sp|6 hp,252 at,252 sp|6 hp,252 at,252 sp|6 hp,252 at,252 sp	hzla_dynamic_calc_imp_1-3	Asserted	NA	NA
301	Pokefan Bethany	Pokefan Bethany	1	route	Singles	Check Bad Move	3	70	70	FALSE	FALSE	Meganium:70:UNK:NONE:Hardy:Safeguard,Aromatherapy,Solar Beam,Petal Blizzard|Carbink:70:UNK:NONE:Hardy:Moonblast,Light Screen,Recover,Safeguard|Comfey:70:UNK:NONE:Hardy:Aromatherapy,Grassy Terrain,Play Rough,Sparkly Swirl	0 hp,0 at,0 df,0 sa,0 sd,0 sp|0 hp,0 at,0 df,0 sa,0 sd,0 sp|0 hp,0 at,0 df,0 sa,0 sd,0 sp	0|0|0	hzla_dynamic_calc_imp_1-3	Asserted	NA	NA
302	Lvl -2 Pokefan Isabel	Lvl -2 Pokefan Isabel	1	route	Singles	Check Bad Move,Try To Faint,Check Viability,Smart Switching,Omniscient	2	-2	-3	TRUE	FALSE	Plusle:-3:Transistor:Magnet:Timid:Grass Knot,Signal Beam,Electroweb,Charge Beam|Mantine:-2:Water Absorb:Sitrus Berry:Calm:Bubble Beam,Icy Wind,Air Slash,Roost	31 hp,31 at,31 df,31 sa,31 sd,31 sp|31 hp,31 at,31 df,31 sa,31 sd,31 sp	0|0	hzla_dynamic_calc_imp_1-3	Asserted	NA	NA
303	Lvl -2 Pokefan Isabel2	Lvl -2 Pokefan Isabel	2	route	Singles	Check Bad Move	2	-2	-3	TRUE	TRUE	Plusle:-3:Transistor:Magnet:Timid:Grass Knot,Signal Beam,Electroweb,Charge Beam|Mantine:-2:Water Absorb:Sitrus Berry:Calm:Bubble Beam,Icy Wind,Air Slash,Roost	31 hp,31 at,31 df,31 sa,31 sd,31 sp|31 hp,31 at,31 df,31 sa,31 sd,31 sp	160 sa,160 sp|160 hp,160 sd	hzla_dynamic_calc_imp_1-3	Asserted	NA	NA
304	Lvl -2 Pokefan Isabel3	Lvl -2 Pokefan Isabel	3	route	Singles	Check Bad Move	2	-2	-3	TRUE	TRUE	Plusle:-3:Transistor:Magnet:Timid:Grass Knot,Signal Beam,Electroweb,Charge Beam|Mantine:-2:Water Absorb:Sitrus Berry:Calm:Bubble Beam,Icy Wind,Air Slash,Roost	31 hp,31 at,31 df,31 sa,31 sd,31 sp|31 hp,31 at,31 df,31 sa,31 sd,31 sp	160 sa,160 sp|160 hp,160 sd	hzla_dynamic_calc_imp_1-3	Asserted	NA	NA
305	Lvl -2 Pokefan Isabel4	Lvl -2 Pokefan Isabel	4	route	Singles	Check Bad Move	2	-2	-3	TRUE	TRUE	Plusle:-3:Transistor:Magnet:Timid:Grass Knot,Signal Beam,Electroweb,Charge Beam|Mantine:-2:Water Absorb:Sitrus Berry:Calm:Bubble Beam,Icy Wind,Air Slash,Roost	31 hp,31 at,31 df,31 sa,31 sd,31 sp|31 hp,31 at,31 df,31 sa,31 sd,31 sp	160 sa,160 sp|160 hp,160 sd	hzla_dynamic_calc_imp_1-3	Asserted	NA	NA
306	Lvl -2 Pokefan Isabel5	Lvl -2 Pokefan Isabel	5	route	Singles	Check Bad Move	2	-2	-3	TRUE	TRUE	Plusle:-3:Transistor:Magnet:Timid:Grass Knot,Signal Beam,Electroweb,Charge Beam|Mantine:-2:Water Absorb:Sitrus Berry:Calm:Bubble Beam,Icy Wind,Air Slash,Roost	31 hp,31 at,31 df,31 sa,31 sd,31 sp|31 hp,31 at,31 df,31 sa,31 sd,31 sp	160 sa,160 sp|160 hp,160 sd	hzla_dynamic_calc_imp_1-3	Asserted	NA	NA
307	Expert Timothy	Expert Timothy	1	route	Singles	Check Bad Move,Try To Faint,Check Viability	1	56	56	FALSE	FALSE	Haxorus:56:UNK:NONE:Hardy:Dragon Claw,Taunt,Dragon Pulse,Swords Dance	0 hp,0 at,0 df,0 sa,0 sd,0 sp	0	hzla_dynamic_calc_imp_1-3	Asserted	NA	NA
308	Expert Timothy2	Expert Timothy	2	route	Singles	Check Bad Move,Try To Faint,Check Viability	1	56	56	FALSE	FALSE	Haxorus:56:UNK:NONE:Hardy:Dragon Claw,Taunt,Dragon Pulse,Swords Dance	0 hp,0 at,0 df,0 sa,0 sd,0 sp	0	hzla_dynamic_calc_imp_1-3	Asserted	NA	NA
309	Expert Timothy3	Expert Timothy	3	route	Singles	Check Bad Move,Try To Faint,Check Viability	1	56	56	FALSE	FALSE	Haxorus:56:UNK:NONE:Hardy:Dragon Claw,Taunt,Dragon Pulse,Swords Dance	0 hp,0 at,0 df,0 sa,0 sd,0 sp	0	hzla_dynamic_calc_imp_1-3	Asserted	NA	NA
310	Expert Timothy4	Expert Timothy	4	route	Singles	Check Bad Move,Try To Faint,Check Viability	1	56	56	FALSE	FALSE	Haxorus:56:UNK:NONE:Hardy:Dragon Claw,Taunt,Dragon Pulse,Swords Dance	0 hp,0 at,0 df,0 sa,0 sd,0 sp	0	hzla_dynamic_calc_imp_1-3	Asserted	NA	NA
311	Expert Timothy5	Expert Timothy	5	route	Singles	Check Bad Move,Try To Faint,Check Viability	1	56	56	FALSE	FALSE	Haxorus:56:UNK:NONE:Hardy:Dragon Claw,Taunt,Dragon Pulse,Swords Dance	0 hp,0 at,0 df,0 sa,0 sd,0 sp	0	hzla_dynamic_calc_imp_1-3	Asserted	NA	NA
312	Lvl -1 Winstrate Vicky	Lvl -1 Winstrate Vicky	1	route	Singles	Check Bad Move,Try To Faint,Check Viability,Smart Switching,Omniscient	3	-1	-1	TRUE	TRUE	Duraludon:-1:Heavy Metal:Eviolite:Bold:Flash Cannon,Dragon Pulse,Body Press,Thunderbolt|Medicham:-1:Huge Power:Medichamite:Jolly:Fake Out,Drain Punch,Zen Headbutt,Ice Punch|Medicham-Mega:-1:Huge Power:Medichamite:Jolly:Fake Out,Drain Punch,Zen Headbutt,Ice Punch	31 hp,31 at,31 df,31 sa,31 sd,31 sp|31 hp,31 at,31 df,31 sa,31 sd,31 sp|31 hp,31 at,31 df,31 sa,31 sd,31 sp	252 hp,252 df,6 sa|6 hp,252 at,252 sp|6 hp,252 at,252 sp	hzla_dynamic_calc_imp_1-3	Asserted	NA	NA
313	Expert Shelby	Expert Shelby	1	route	Singles	Check Bad Move,Try To Faint,Check Viability	2	40	40	FALSE	FALSE	Runerigus:40:UNK:NONE:Hardy:Hex,Mean Look,Slam,Curse|Mienshao:40:UNK:NONE:Hardy:Swift,Calm Mind,Drain Punch,Jump Kick	0 hp,0 at,0 df,0 sa,0 sd,0 sp|0 hp,0 at,0 df,0 sa,0 sd,0 sp	0|0	hzla_dynamic_calc_imp_1-3	Asserted	NA	NA
314	Expert Shelby2	Expert Shelby	2	route	Singles	Check Bad Move,Try To Faint,Check Viability	2	40	40	FALSE	FALSE	Runerigus:40:UNK:NONE:Hardy:Hex,Mean Look,Slam,Curse|Mienshao:40:UNK:NONE:Hardy:Swift,Calm Mind,Drain Punch,Jump Kick	0 hp,0 at,0 df,0 sa,0 sd,0 sp|0 hp,0 at,0 df,0 sa,0 sd,0 sp	0|0	hzla_dynamic_calc_imp_1-3	Asserted	NA	NA
315	Expert Shelby3	Expert Shelby	3	route	Singles	Check Bad Move,Try To Faint,Check Viability	2	40	40	FALSE	FALSE	Runerigus:40:UNK:NONE:Hardy:Hex,Mean Look,Slam,Curse|Mienshao:40:UNK:NONE:Hardy:Swift,Calm Mind,Drain Punch,Jump Kick	0 hp,0 at,0 df,0 sa,0 sd,0 sp|0 hp,0 at,0 df,0 sa,0 sd,0 sp	0|0	hzla_dynamic_calc_imp_1-3	Asserted	NA	NA
316	Expert Shelby4	Expert Shelby	4	route	Singles	Check Bad Move,Try To Faint,Check Viability	2	40	40	FALSE	FALSE	Runerigus:40:UNK:NONE:Hardy:Hex,Mean Look,Slam,Curse|Mienshao:40:UNK:NONE:Hardy:Swift,Calm Mind,Drain Punch,Jump Kick	0 hp,0 at,0 df,0 sa,0 sd,0 sp|0 hp,0 at,0 df,0 sa,0 sd,0 sp	0|0	hzla_dynamic_calc_imp_1-3	Asserted	NA	NA
317	Expert Shelby5	Expert Shelby	5	route	Singles	Check Bad Move,Try To Faint,Check Viability	2	40	40	FALSE	FALSE	Runerigus:40:UNK:NONE:Hardy:Hex,Mean Look,Slam,Curse|Mienshao:40:UNK:NONE:Hardy:Swift,Calm Mind,Drain Punch,Jump Kick	0 hp,0 at,0 df,0 sa,0 sd,0 sp|0 hp,0 at,0 df,0 sa,0 sd,0 sp	0|0	hzla_dynamic_calc_imp_1-3	Asserted	NA	NA
318	Youngster Calvin	Youngster Calvin	1	route	Singles	Check Bad Move	1	5	5	FALSE	FALSE	Poochyena:5:UNK:NONE:Hardy:Tackle,Howl	0 hp,0 at,0 df,0 sa,0 sd,0 sp	0	hzla_dynamic_calc_imp_1-3	Asserted	NA	NA
319	Youngster Billy	Youngster Billy	1	route	Singles	Check Bad Move	2	7	7	FALSE	FALSE	Wooloo:7:UNK:NONE:Hardy:Growl,Tackle,Defense Curl|Seedot:7:UNK:NONE:Hardy:Bide,Harden	0 hp,0 at,0 df,0 sa,0 sd,0 sp|0 hp,0 at,0 df,0 sa,0 sd,0 sp	0|0	hzla_dynamic_calc_imp_1-3	Asserted	NA	NA
320	Youngster Josh	Youngster Josh	1	route	Singles	Check Bad Move	1	12	12	TRUE	FALSE	Growlithe-Hisui:12:UNK:NONE:Hardy:Ember,Leer,Odor Sleuth,Helping Hand	31 hp,31 at,31 df,31 sa,31 sd,31 sp	0	hzla_dynamic_calc_imp_1-3	Asserted	NA	NA
321	Youngster Tommy	Youngster Tommy	1	route	Singles	Check Bad Move	2	10	10	FALSE	FALSE	Scraggy:10:UNK:NONE:Hardy:Leer,Low Sweep,Headbutt,Feint Attack|Diglett-Alola:10:UNK:NONE:Hardy:Metal Claw,Growl,Rock Blast,Mud-Slap	31 hp,31 at,31 df,31 sa,31 sd,31 sp|14 hp,14 at,14 df,14 sa,14 sd,14 sp	0|0	hzla_dynamic_calc_imp_1-3	Asserted	NA	NA
322	Youngster Joey	Youngster Joey	1	route	Singles	Check Bad Move	1	10	10	FALSE	FALSE	Timburr:10:UNK:NONE:Hardy:Pound,Leer,Focus Energy,Bide	0 hp,0 at,0 df,0 sa,0 sd,0 sp	0	hzla_dynamic_calc_imp_1-3	Asserted	NA	NA
323	Youngster Ben	Youngster Ben	1	route	Singles	Check Bad Move	2	27	27	FALSE	FALSE	Grafaiai:27:UNK:NONE:Hardy:Flatter,Slash,U-turn,Poison Jab|Vullaby:27:UNK:NONE:Hardy:Pluck,Nasty Plot,Flatter,Feint Attack	0 hp,0 at,0 df,0 sa,0 sd,0 sp|0 hp,0 at,0 df,0 sa,0 sd,0 sp	0|0	hzla_dynamic_calc_imp_1-3	Asserted	NA	NA
324	Kindler Quincy	Kindler Quincy	1	route	Singles	Check Bad Move,Try To Faint,Check Viability	2	75	75	FALSE	FALSE	Armarouge:75:UNK:NONE:Hardy:Calm Mind,Flamethrower,Expanding Force,Armor Cannon|Ceruledge:75:UNK:NONE:Hardy:Flare Blitz,Psycho Cut,Bitter Blade,Swords Dance	0 hp,0 at,0 df,0 sa,0 sd,0 sp|0 hp,0 at,0 df,0 sa,0 sd,0 sp	0|0	hzla_dynamic_calc_imp_1-3	Asserted	NA	NA
325	Aroma Lady Katelynn	Aroma Lady Katelynn	1	route	Singles	Check Bad Move,Try To Faint,Check Viability	3	75	75	FALSE	FALSE	Vileplume:75:UNK:NONE:Hardy:Petal Dance,Strength Sap,Solar Beam,Apple Acid|Eldegoss:75:UNK:NONE:Hardy:Hyper Voice,Aromatherapy,Leaf Storm,Cotton Guard|Whimsicott:75:UNK:NONE:Hardy:Gust,Tailwind,Hurricane,Moonblast	0 hp,0 at,0 df,0 sa,0 sd,0 sp|0 hp,0 at,0 df,0 sa,0 sd,0 sp|0 hp,0 at,0 df,0 sa,0 sd,0 sp	0|0|0	hzla_dynamic_calc_imp_1-3	Asserted	NA	NA
326	Youngster Jaylen	Youngster Jaylen	1	route	Singles	Check Bad Move	2	35	37	FALSE	FALSE	Vibrava:37:UNK:NONE:Hardy:Earth Power,Bug Buzz,Earthquake,Sandstorm|Grapploct:35:UNK:NONE:Hardy:Low Sweep,Bulk Up,Submission,Taunt	0 hp,0 at,0 df,0 sa,0 sd,0 sp|0 hp,0 at,0 df,0 sa,0 sd,0 sp	0|0	hzla_dynamic_calc_imp_1-3	Asserted	NA	NA
327	Youngster Dillon	Youngster Dillon	1	route	Singles	Check Bad Move	2	36	37	FALSE	FALSE	Lairon:37:UNK:NONE:Hardy:Rock Slide,Take Down,Metal Sound,Iron Tail|Clefable:36:UNK:NONE:Hardy:Sing,Double Slap,Metronome,Teleport	0 hp,0 at,0 df,0 sa,0 sd,0 sp|0 hp,0 at,0 df,0 sa,0 sd,0 sp	0|0	hzla_dynamic_calc_imp_1-3	Asserted	NA	NA
328	Youngster Calvin2	Youngster Calvin	2	route	Singles	Check Bad Move	1	5	5	FALSE	FALSE	Poochyena:5:UNK:NONE:Hardy:Tackle,Howl	0 hp,0 at,0 df,0 sa,0 sd,0 sp	0	hzla_dynamic_calc_imp_1-3	Asserted	NA	NA
329	Youngster Calvin3	Youngster Calvin	3	route	Singles	Check Bad Move	1	5	5	FALSE	FALSE	Poochyena:5:UNK:NONE:Hardy:Tackle,Howl	0 hp,0 at,0 df,0 sa,0 sd,0 sp	0	hzla_dynamic_calc_imp_1-3	Asserted	NA	NA
330	Youngster Calvin4	Youngster Calvin	4	route	Singles	Check Bad Move	1	5	5	FALSE	FALSE	Poochyena:5:UNK:NONE:Hardy:Tackle,Howl	0 hp,0 at,0 df,0 sa,0 sd,0 sp	0	hzla_dynamic_calc_imp_1-3	Asserted	NA	NA
331	Youngster Calvin5	Youngster Calvin	5	route	Singles	Check Bad Move	1	5	5	FALSE	FALSE	Poochyena:5:UNK:NONE:Hardy:Tackle,Howl	0 hp,0 at,0 df,0 sa,0 sd,0 sp	0	hzla_dynamic_calc_imp_1-3	Asserted	NA	NA
332	Lvl -2 Youngster Eddie	Lvl -2 Youngster Eddie	1	route	Singles	Check Bad Move,Try To Faint,Check Viability,Will Suicide,Smart Switching,Omniscient	6	-1	-2	TRUE	TRUE	Qwilfish:-2:Intimidate:Focus Sash:Impish:Toxic Spikes,Flip Turn,Taunt,Explosion|Revavroom:-2:Filter:Air Balloon:Jolly:Gunk Shot,Spin Out,Shift Gear,High Horsepower|Drapion:-2:Sniper:Scope Lens:Jolly:Wicked Blow,Cross Poison,Ice Fang,Brick Break|Beedrill:-2:Swarm:Beedrillite:Jolly:Swords Dance,X-Scissor,Poison Jab,Drill Run|Naganadel:-1:Beast Boost:Life Orb:Timid:Sludge Wave,Dragon Pulse,Fire Blast,Nasty Plot|Beedrill-Mega:-2:Adaptability:Beedrillite:Jolly:Swords Dance,X-Scissor,Poison Jab,Drill Run	31 hp,31 at,31 df,31 sa,31 sd,31 sp|31 hp,31 at,31 df,31 sa,31 sd,31 sp|31 hp,31 at,31 df,31 sa,31 sd,31 sp|31 hp,31 at,31 df,31 sa,31 sd,31 sp|31 hp,31 at,31 df,31 sa,31 sd,31 sp|31 hp,31 at,31 df,31 sa,31 sd,31 sp	252 hp,6 at,252 df|6 hp,252 at,252 sp|6 hp,252 at,252 sp|6 hp,252 at,252 sp|6 hp,252 sa,252 sp|6 hp,252 at,252 sp	hzla_dynamic_calc_imp_1-3	Asserted	NA	NA
333	Youngster Allen	Youngster Allen	1	route	Singles	Check Bad Move	2	4	5	FALSE	FALSE	Zigzagoon:4:UNK:NONE:Hardy:Tackle,Growl|Patrat:5:UNK:NONE:Hardy:Tackle,Leer	0 hp,0 at,0 df,0 sa,0 sd,0 sp|0 hp,0 at,0 df,0 sa,0 sd,0 sp	0|0	hzla_dynamic_calc_imp_1-3	Asserted	NA	NA
334	Youngster Timmy	Youngster Timmy	1	route	Singles	Check Bad Move	3	25	25	FALSE	FALSE	Eldegoss:25:UNK:NONE:Hardy:Sweet Scent,Razor Leaf,Round,Mega Drain|Manectric:25:UNK:NONE:Hardy:Spark,Odor Sleuth,Thunder Fang,Bite|Chatot:25:UNK:NONE:Hardy:Sing,Fury Attack,Round,Taunt	0 hp,0 at,0 df,0 sa,0 sd,0 sp|0 hp,0 at,0 df,0 sa,0 sd,0 sp|0 hp,0 at,0 df,0 sa,0 sd,0 sp	0|0|0	hzla_dynamic_calc_imp_1-3	Asserted	NA	NA
335	Champion Wallace	Champion Wallace	1	champion	Singles	Check Bad Move,Try To Faint,Check Viability,Smart Switching,Omniscient	6	55	58	TRUE	FALSE	Wailord:57:UNK:NONE:Hardy:Rain Dance,Water Spout,Double-Edge,Blizzard|Tentacruel:55:UNK:NONE:Hardy:Toxic,Hydro Pump,Sludge Bomb,Ice Beam|Ludicolo:56:UNK:NONE:Hardy:Giga Drain,Surf,Leech Seed,Double Team|Whiscash:56:UNK:NONE:Hardy:Earthquake,Surf,Amnesia,Hyper Beam|Gyarados:56:UNK:NONE:Hardy:Dragon Dance,Earthquake,Hyper Beam,Surf|Milotic:58:UNK:NONE:Hardy:Recover,Surf,Ice Beam,Toxic	31 hp,31 at,31 df,31 sa,31 sd,31 sp|31 hp,31 at,31 df,31 sa,31 sd,31 sp|31 hp,31 at,31 df,31 sa,31 sd,31 sp|31 hp,31 at,31 df,31 sa,31 sd,31 sp|31 hp,31 at,31 df,31 sa,31 sd,31 sp|31 hp,31 at,31 df,31 sa,31 sd,31 sp	0|0|0|0|0|0	hzla_dynamic_calc_imp_1-3	Asserted	10	bounded
336	Leader Fantina	Leader Fantina	1	gym_leader	Singles	Check Bad Move,Try To Faint,Check Viability,Smart Switching,Omniscient,Ace Pokemon	6	-1	0	TRUE	TRUE	Mismagius:-1:Levitate:Wise Glasses:Timid:Mystical Fire,Shadow Ball,Dazzling Gleam,Thunderbolt|Cursola:-1:Unburden:Sitrus Berry:Modest:Shadow Ball,Power Gem,Strength Sap,Earth Power|Gallade:-1:Justified:Focus Sash:Jolly:Zen Headbutt,Brick Break,Bulk Up,Shadow Sneak|Zoroark:0:Illusion:Expert Belt:Timid:Dark Pulse,Sludge Bomb,Flamethrower,Extrasensory|Banette:0:Insomnia:Banettite:Jolly:Knock Off,Shadow Claw,Shadow Sneak,Return|Banette-Mega:0:Prankster:Banettite:Jolly:Knock Off,Shadow Claw,Shadow Sneak,Return	31 hp,31 at,31 df,31 sa,31 sd,31 sp|31 hp,31 at,31 df,31 sa,31 sd,31 sp|31 hp,31 at,31 df,31 sa,31 sd,31 sp|31 hp,31 at,31 df,31 sa,31 sd,31 sp|31 hp,31 at,31 df,31 sa,31 sd,31 sp|31 hp,31 at,31 df,31 sa,31 sd,31 sp	6 hp,252 sa,252 sp|6 hp,252 sa,252 sp|6 hp,252 at,252 sp|6 hp,252 sa,252 sp|6 hp,252 at,252 sp|6 hp,252 at,252 sp	hzla_dynamic_calc_imp_1-3	Asserted	DYNAMIC	player_relative
337	Fisherman Ivan	Fisherman Ivan	1	route	Singles	Check Bad Move	3	5	7	FALSE	FALSE	Magikarp:5:UNK:NONE:Hardy:Splash|Magikarp:6:UNK:NONE:Hardy:Splash|Magikarp:7:UNK:NONE:Hardy:Splash	0 hp,0 at,0 df,0 sa,0 sd,0 sp|0 hp,0 at,0 df,0 sa,0 sd,0 sp|0 hp,0 at,0 df,0 sa,0 sd,0 sp	0|0|0	hzla_dynamic_calc_imp_1-3	Asserted	NA	NA
338	Lvl -2 Fisherman Claude	Lvl -2 Fisherman Claude	1	route	Singles	Check Bad Move,Try To Faint,Check Viability,Smart Switching,Omniscient	4	-2	-2	TRUE	TRUE	Beartic:-2:Slush Rush:Expert Belt:Jolly:Icicle Crash,Brick Break,Night Slash,Earthquake|Arctovish:-2:Slush Rush:Life Orb:Adamant:Fishious Rend,Icicle Crash,Crunch,Facade|Cloyster:-2:Skill Link:White Herb:Naive:Shell Smash,Icicle Spear,Rock Blast,Hydro Pump|Araquanid:-2:Water Bubble:Mystic Water:Adamant:Liquidation,Leech Life,Mirror Coat,Crunch	31 hp,31 at,31 df,31 sa,31 sd,31 sp|31 hp,31 at,31 df,31 sa,31 sd,31 sp|31 hp,31 at,31 df,31 sa,31 sd,31 sp|31 hp,31 at,31 df,31 sa,31 sd,31 sp	6 hp,252 at,252 sp|6 hp,252 at,252 sp|252 at,6 sa,252 sp|6 hp,252 at,252 sp	hzla_dynamic_calc_imp_1-3	Asserted	NA	NA
339	Fisherman Elliot	Fisherman Elliot	1	route	Singles	Check Bad Move	3	13	15	FALSE	FALSE	Magikarp:13:UNK:NONE:Hardy:Splash|Mareanie:15:UNK:NONE:Hardy:Poison Sting,Peck,Bite,Toxic Spikes|Krabby:14:UNK:NONE:Hardy:Bubble,Vise Grip,Leer,Harden	0 hp,0 at,0 df,0 sa,0 sd,0 sp|0 hp,0 at,0 df,0 sa,0 sd,0 sp|0 hp,0 at,0 df,0 sa,0 sd,0 sp	0|0|0	hzla_dynamic_calc_imp_1-3	Asserted	NA	NA
340	Fisherman Ned	Fisherman Ned	1	route	Singles	Check Bad Move	2	15	16	TRUE	FALSE	Tentacool:15:UNK:NONE:Hardy:Water Gun,Supersonic,Acid,Toxic Spikes|Ducklett:16:UNK:NONE:Hardy:Water Pulse,Air Cutter	31 hp,31 at,31 df,31 sa,31 sd,31 sp|31 hp,31 at,31 df,31 sa,31 sd,31 sp	0|0	hzla_dynamic_calc_imp_1-3	Asserted	NA	NA
341	Fisherman Dale	Fisherman Dale	1	route	Singles	Check Bad Move	4	22	25	FALSE	FALSE	Pelipper:25:UNK:NONE:Hardy:Mist,Water Pulse,Payback,Brine|Pyukumuku:23:UNK:NONE:Hardy:Taunt,Safeguard,Counter,Purify|Basculin:23:UNK:NONE:Hardy:Chip Away,Take Down,Crunch,Aqua Tail|Quagsire:22:UNK:NONE:Hardy:Mud Sport,Mud Shot,Slam,Mud Bomb	0 hp,0 at,0 df,0 sa,0 sd,0 sp|0 hp,0 at,0 df,0 sa,0 sd,0 sp|0 hp,0 at,0 df,0 sa,0 sd,0 sp|0 hp,0 at,0 df,0 sa,0 sd,0 sp	0|0|0|0	hzla_dynamic_calc_imp_1-3	Asserted	NA	NA
342	Fisherman Nolan	Fisherman Nolan	1	route	Singles	Check Bad Move	3	37	37	FALSE	FALSE	Whiscash:37:UNK:NONE:Hardy:Rest,Snore,Water Pulse,Earthquake|Gastrodon:37:UNK:NONE:Hardy:Mud Bomb,Hidden Power,Rain Dance,Body Slam|Quagsire:37:UNK:NONE:Hardy:Mud Bomb,Amnesia,Yawn,Earthquake	0 hp,0 at,0 df,0 sa,0 sd,0 sp|0 hp,0 at,0 df,0 sa,0 sd,0 sp|0 hp,0 at,0 df,0 sa,0 sd,0 sp	0|0|0	hzla_dynamic_calc_imp_1-3	Asserted	NA	NA
343	Fisherman Barny	Fisherman Barny	1	route	Singles	Check Bad Move	2	55	55	FALSE	FALSE	Wailord:55:UNK:NONE:Hardy:Amnesia,Dive,Bounce,Bouncy Bubble|Drednaw:55:UNK:NONE:Hardy:Headbutt,Counter,Jaw Lock,Liquidation	0 hp,0 at,0 df,0 sa,0 sd,0 sp|0 hp,0 at,0 df,0 sa,0 sd,0 sp	0|0	hzla_dynamic_calc_imp_1-3	Asserted	NA	NA
344	Fisherman Wade	Fisherman Wade	1	route	Singles	Check Bad Move	1	55	55	FALSE	FALSE	Tentacruel:55:UNK:NONE:Hardy:Screech,Hex,Sludge Wave,Hydro Pump	0 hp,0 at,0 df,0 sa,0 sd,0 sp	0	hzla_dynamic_calc_imp_1-3	Asserted	NA	NA
345	Fisherman Carter	Fisherman Carter	1	route	Singles	Check Bad Move	2	55	55	FALSE	FALSE	Cramorant:55:UNK:NONE:Hardy:Dive,Drill Peck,Amnesia,Surf|Gyarados:55:UNK:NONE:Hardy:Aqua Tail,Hurricane,Rain Dance,Hyper Beam	0 hp,0 at,0 df,0 sa,0 sd,0 sp|0 hp,0 at,0 df,0 sa,0 sd,0 sp	0|0	hzla_dynamic_calc_imp_1-3	Asserted	NA	NA
346	Fisherman Elliot2	Fisherman Elliot	2	route	Singles	Check Bad Move	3	13	15	FALSE	FALSE	Magikarp:13:UNK:NONE:Hardy:Splash|Mareanie:15:UNK:NONE:Hardy:Poison Sting,Peck,Bite,Toxic Spikes|Krabby:14:UNK:NONE:Hardy:Bubble,Vise Grip,Leer,Harden	0 hp,0 at,0 df,0 sa,0 sd,0 sp|0 hp,0 at,0 df,0 sa,0 sd,0 sp|0 hp,0 at,0 df,0 sa,0 sd,0 sp	0|0|0	hzla_dynamic_calc_imp_1-3	Asserted	NA	NA
347	Fisherman Elliot3	Fisherman Elliot	3	route	Singles	Check Bad Move	3	13	15	FALSE	FALSE	Magikarp:13:UNK:NONE:Hardy:Splash|Mareanie:15:UNK:NONE:Hardy:Poison Sting,Peck,Bite,Toxic Spikes|Krabby:14:UNK:NONE:Hardy:Bubble,Vise Grip,Leer,Harden	0 hp,0 at,0 df,0 sa,0 sd,0 sp|0 hp,0 at,0 df,0 sa,0 sd,0 sp|0 hp,0 at,0 df,0 sa,0 sd,0 sp	0|0|0	hzla_dynamic_calc_imp_1-3	Asserted	NA	NA
348	Fisherman Elliot4	Fisherman Elliot	4	route	Singles	Check Bad Move	3	13	15	FALSE	FALSE	Magikarp:13:UNK:NONE:Hardy:Splash|Mareanie:15:UNK:NONE:Hardy:Poison Sting,Peck,Bite,Toxic Spikes|Krabby:14:UNK:NONE:Hardy:Bubble,Vise Grip,Leer,Harden	0 hp,0 at,0 df,0 sa,0 sd,0 sp|0 hp,0 at,0 df,0 sa,0 sd,0 sp|0 hp,0 at,0 df,0 sa,0 sd,0 sp	0|0|0	hzla_dynamic_calc_imp_1-3	Asserted	NA	NA
349	Fisherman Elliot5	Fisherman Elliot	5	route	Singles	Check Bad Move,Try To Faint	3	13	15	FALSE	FALSE	Magikarp:13:UNK:NONE:Hardy:Splash|Mareanie:15:UNK:NONE:Hardy:Poison Sting,Peck,Bite,Toxic Spikes|Krabby:14:UNK:NONE:Hardy:Bubble,Vise Grip,Leer,Harden	0 hp,0 at,0 df,0 sa,0 sd,0 sp|0 hp,0 at,0 df,0 sa,0 sd,0 sp|0 hp,0 at,0 df,0 sa,0 sd,0 sp	0|0|0	hzla_dynamic_calc_imp_1-3	Asserted	NA	NA
350	* Fisherman Ronald	* Fisherman Ronald	1	route	Singles	Check Bad Move	2	70	70	FALSE	FALSE	Gyarados:70:UNK:NONE:Hardy:Hurricane,Rain Dance,Hyper Beam,Bounce|Gyarados:70:UNK:NONE:Hardy:Hurricane,Rain Dance,Hyper Beam,Bounce	0 hp,0 at,0 df,0 sa,0 sd,0 sp|0 hp,0 at,0 df,0 sa,0 sd,0 sp	0|0	hzla_dynamic_calc_imp_1-3	Asserted	NA	NA
351	Triathlete Jacob	Triathlete Jacob	1	route	Singles	Check Bad Move	4	23	23	FALSE	FALSE	Staravia:23:UNK:NONE:Hardy:Quick Attack,Wing Attack,Endeavor,Whirlwind|Boldore:23:UNK:NONE:Hardy:Rock Blast,Mud-Slap,Iron Defense,Smack Down|Cinccino:23:UNK:NONE:Hardy:Helping Hand,Tickle,Sing,Tail Slap|Sirfetch’d:23:UNK:NONE:Hardy:Leer,Fury Cutter,Rock Smash,Brutal Swing	0 hp,0 at,0 df,0 sa,0 sd,0 sp|0 hp,0 at,0 df,0 sa,0 sd,0 sp|0 hp,0 at,0 df,0 sa,0 sd,0 sp|0 hp,0 at,0 df,0 sa,0 sd,0 sp	0|0|0|0	hzla_dynamic_calc_imp_1-3	Asserted	NA	NA
352	Triathlete Anthony	Triathlete Anthony	1	route	Singles	Check Bad Move	3	25	25	FALSE	FALSE	Magneton:25:UNK:NONE:Hardy:Sonic Boom,Spark,Mirror Shot,Metal Sound|Vigoroth:25:UNK:NONE:Hardy:Uproar,Fury Swipes,Endure,Slash|Sigilyph:25:UNK:NONE:Hardy:Whirlwind,Psybeam,Air Cutter,Light Screen	0 hp,0 at,0 df,0 sa,0 sd,0 sp|0 hp,0 at,0 df,0 sa,0 sd,0 sp|0 hp,0 at,0 df,0 sa,0 sd,0 sp	0|0|0	hzla_dynamic_calc_imp_1-3	Asserted	NA	NA
353	Triathlete Benjamin	Triathlete Benjamin	1	route	Singles	Check Bad Move	3	26	26	FALSE	FALSE	Diggersby:26:UNK:NONE:Hardy:Mud-Slap,Take Down,Mud Shot,Double Kick|Comfey:26:UNK:NONE:Hardy:Wrap,Sweet Kiss,Natural Gift,Petal Blizzard|Sneasel:26:UNK:NONE:Hardy:Fury Swipes,Agility,Metal Claw,Hone Claws	0 hp,0 at,0 df,0 sa,0 sd,0 sp|0 hp,0 at,0 df,0 sa,0 sd,0 sp|0 hp,0 at,0 df,0 sa,0 sd,0 sp	0|0|0	hzla_dynamic_calc_imp_1-3	Asserted	NA	NA
354	Triathlete Benjamin2	Triathlete Benjamin	2	route	Singles	Check Bad Move	3	26	26	FALSE	FALSE	Diggersby:26:UNK:NONE:Hardy:Mud-Slap,Take Down,Mud Shot,Double Kick|Comfey:26:UNK:NONE:Hardy:Wrap,Sweet Kiss,Natural Gift,Petal Blizzard|Sneasel:26:UNK:NONE:Hardy:Fury Swipes,Agility,Metal Claw,Hone Claws	0 hp,0 at,0 df,0 sa,0 sd,0 sp|0 hp,0 at,0 df,0 sa,0 sd,0 sp|0 hp,0 at,0 df,0 sa,0 sd,0 sp	0|0|0	hzla_dynamic_calc_imp_1-3	Asserted	NA	NA
355	Triathlete Benjamin3	Triathlete Benjamin	3	route	Singles	Check Bad Move	3	26	26	FALSE	FALSE	Diggersby:26:UNK:NONE:Hardy:Mud-Slap,Take Down,Mud Shot,Double Kick|Comfey:26:UNK:NONE:Hardy:Wrap,Sweet Kiss,Natural Gift,Petal Blizzard|Sneasel:26:UNK:NONE:Hardy:Fury Swipes,Agility,Metal Claw,Hone Claws	0 hp,0 at,0 df,0 sa,0 sd,0 sp|0 hp,0 at,0 df,0 sa,0 sd,0 sp|0 hp,0 at,0 df,0 sa,0 sd,0 sp	0|0|0	hzla_dynamic_calc_imp_1-3	Asserted	NA	NA
356	Triathlete Benjamin4	Triathlete Benjamin	4	route	Singles	Check Bad Move	3	26	26	FALSE	FALSE	Diggersby:26:UNK:NONE:Hardy:Mud-Slap,Take Down,Mud Shot,Double Kick|Comfey:26:UNK:NONE:Hardy:Wrap,Sweet Kiss,Natural Gift,Petal Blizzard|Sneasel:26:UNK:NONE:Hardy:Fury Swipes,Agility,Metal Claw,Hone Claws	0 hp,0 at,0 df,0 sa,0 sd,0 sp|0 hp,0 at,0 df,0 sa,0 sd,0 sp|0 hp,0 at,0 df,0 sa,0 sd,0 sp	0|0|0	hzla_dynamic_calc_imp_1-3	Asserted	NA	NA
357	Triathlete Benjamin5	Triathlete Benjamin	5	route	Singles	Check Bad Move	3	26	26	FALSE	FALSE	Diggersby:26:UNK:NONE:Hardy:Mud-Slap,Take Down,Mud Shot,Double Kick|Comfey:26:UNK:NONE:Hardy:Wrap,Sweet Kiss,Natural Gift,Petal Blizzard|Sneasel:26:UNK:NONE:Hardy:Fury Swipes,Agility,Metal Claw,Hone Claws	0 hp,0 at,0 df,0 sa,0 sd,0 sp|0 hp,0 at,0 df,0 sa,0 sd,0 sp|0 hp,0 at,0 df,0 sa,0 sd,0 sp	0|0|0	hzla_dynamic_calc_imp_1-3	Asserted	NA	NA
358	Triathlete Abigail	Triathlete Abigail	1	route	Singles	Check Bad Move	2	26	26	FALSE	FALSE	Morpeko:26:UNK:NONE:Hardy:Power Trip,Quick Attack,Flatter,Bite|Corsola:26:UNK:NONE:Hardy:Refresh,Ancient Power,Spike Cannon,Lucky Chant	0 hp,0 at,0 df,0 sa,0 sd,0 sp|0 hp,0 at,0 df,0 sa,0 sd,0 sp	0|0	hzla_dynamic_calc_imp_1-3	Asserted	NA	NA
359	Triathlete Jasmine	Triathlete Jasmine	1	route	Singles	Check Bad Move	3	24	24	FALSE	FALSE	Ninjask:24:UNK:NONE:Hardy:Absorb,Fury Swipes,Agility,Slash|Houndoom:24:UNK:NONE:Hardy:Bite,Sucker Punch,Odor Sleuth,Flame Burst|Voltorb-Hisui:24:UNK:NONE:Hardy:Charge Beam,Swift,Electro Ball,Self-Destruct	0 hp,0 at,0 df,0 sa,0 sd,0 sp|0 hp,0 at,0 df,0 sa,0 sd,0 sp|0 hp,0 at,0 df,0 sa,0 sd,0 sp	0|0|0	hzla_dynamic_calc_imp_1-3	Asserted	NA	NA
360	Triathlete Abigail2	Triathlete Abigail	2	route	Singles	Check Bad Move	2	26	26	FALSE	FALSE	Morpeko:26:UNK:NONE:Hardy:Power Trip,Quick Attack,Flatter,Bite|Corsola:26:UNK:NONE:Hardy:Refresh,Ancient Power,Spike Cannon,Lucky Chant	0 hp,0 at,0 df,0 sa,0 sd,0 sp|0 hp,0 at,0 df,0 sa,0 sd,0 sp	0|0	hzla_dynamic_calc_imp_1-3	Asserted	NA	NA
361	Triathlete Abigail3	Triathlete Abigail	3	route	Singles	Check Bad Move	2	26	26	FALSE	FALSE	Morpeko:26:UNK:NONE:Hardy:Power Trip,Quick Attack,Flatter,Bite|Corsola:26:UNK:NONE:Hardy:Refresh,Ancient Power,Spike Cannon,Lucky Chant	0 hp,0 at,0 df,0 sa,0 sd,0 sp|0 hp,0 at,0 df,0 sa,0 sd,0 sp	0|0	hzla_dynamic_calc_imp_1-3	Asserted	NA	NA
362	Triathlete Abigail4	Triathlete Abigail	4	route	Singles	Check Bad Move	2	26	26	FALSE	FALSE	Morpeko:26:UNK:NONE:Hardy:Power Trip,Quick Attack,Flatter,Bite|Corsola:26:UNK:NONE:Hardy:Refresh,Ancient Power,Spike Cannon,Lucky Chant	0 hp,0 at,0 df,0 sa,0 sd,0 sp|0 hp,0 at,0 df,0 sa,0 sd,0 sp	0|0	hzla_dynamic_calc_imp_1-3	Asserted	NA	NA
363	Triathlete Abigail5	Triathlete Abigail	5	route	Singles	Check Bad Move	2	26	26	FALSE	FALSE	Morpeko:26:UNK:NONE:Hardy:Power Trip,Quick Attack,Flatter,Bite|Corsola:26:UNK:NONE:Hardy:Refresh,Ancient Power,Spike Cannon,Lucky Chant	0 hp,0 at,0 df,0 sa,0 sd,0 sp|0 hp,0 at,0 df,0 sa,0 sd,0 sp	0|0	hzla_dynamic_calc_imp_1-3	Asserted	NA	NA
364	Triathlete Dylan	Triathlete Dylan	1	route	Singles	Check Bad Move	2	27	27	FALSE	FALSE	Hitmonchan:27:UNK:NONE:Hardy:Mach Punch,Bullet Punch,Feint,Brick Break|Sawk:27:UNK:NONE:Hardy:Low Sweep,Counter,Karate Chop,Brick Break	0 hp,0 at,0 df,0 sa,0 sd,0 sp|0 hp,0 at,0 df,0 sa,0 sd,0 sp	0|0	hzla_dynamic_calc_imp_1-3	Asserted	NA	NA
365	Triathlete Dylan2	Triathlete Dylan	2	route	Singles	Check Bad Move	2	27	27	FALSE	FALSE	Hitmonchan:27:UNK:NONE:Hardy:Mach Punch,Bullet Punch,Feint,Brick Break|Sawk:27:UNK:NONE:Hardy:Low Sweep,Counter,Karate Chop,Brick Break	0 hp,0 at,0 df,0 sa,0 sd,0 sp|0 hp,0 at,0 df,0 sa,0 sd,0 sp	0|0	hzla_dynamic_calc_imp_1-3	Asserted	NA	NA
366	Triathlete Dylan3	Triathlete Dylan	3	route	Singles	Check Bad Move	2	27	27	FALSE	FALSE	Hitmonchan:27:UNK:NONE:Hardy:Mach Punch,Bullet Punch,Feint,Brick Break|Sawk:27:UNK:NONE:Hardy:Low Sweep,Counter,Karate Chop,Brick Break	0 hp,0 at,0 df,0 sa,0 sd,0 sp|0 hp,0 at,0 df,0 sa,0 sd,0 sp	0|0	hzla_dynamic_calc_imp_1-3	Asserted	NA	NA
367	Triathlete Dylan4	Triathlete Dylan	4	route	Singles	Check Bad Move	2	27	27	FALSE	FALSE	Hitmonchan:27:UNK:NONE:Hardy:Mach Punch,Bullet Punch,Feint,Brick Break|Sawk:27:UNK:NONE:Hardy:Low Sweep,Counter,Karate Chop,Brick Break	0 hp,0 at,0 df,0 sa,0 sd,0 sp|0 hp,0 at,0 df,0 sa,0 sd,0 sp	0|0	hzla_dynamic_calc_imp_1-3	Asserted	NA	NA
368	Triathlete Dylan5	Triathlete Dylan	5	route	Singles	Check Bad Move	2	27	27	FALSE	FALSE	Hitmonchan:27:UNK:NONE:Hardy:Mach Punch,Bullet Punch,Feint,Brick Break|Sawk:27:UNK:NONE:Hardy:Low Sweep,Counter,Karate Chop,Brick Break	0 hp,0 at,0 df,0 sa,0 sd,0 sp|0 hp,0 at,0 df,0 sa,0 sd,0 sp	0|0	hzla_dynamic_calc_imp_1-3	Asserted	NA	NA
369	Triathlete Maria	Triathlete Maria	1	route	Singles	Check Bad Move	2	27	27	FALSE	FALSE	Hitmonlee:27:UNK:NONE:Hardy:Jump Kick,Brick Break,Focus Energy,Feint|Throh:27:UNK:NONE:Hardy:Vital Throw,Revenge,Storm Throw,Body Slam	0 hp,0 at,0 df,0 sa,0 sd,0 sp|0 hp,0 at,0 df,0 sa,0 sd,0 sp	0|0	hzla_dynamic_calc_imp_1-3	Asserted	NA	NA
370	Triathlete Maria2	Triathlete Maria	2	route	Singles	Check Bad Move	2	27	27	FALSE	FALSE	Hitmonlee:27:UNK:NONE:Hardy:Jump Kick,Brick Break,Focus Energy,Feint|Throh:27:UNK:NONE:Hardy:Vital Throw,Revenge,Storm Throw,Body Slam	0 hp,0 at,0 df,0 sa,0 sd,0 sp|0 hp,0 at,0 df,0 sa,0 sd,0 sp	0|0	hzla_dynamic_calc_imp_1-3	Asserted	NA	NA
371	Triathlete Maria3	Triathlete Maria	3	route	Singles	Check Bad Move	2	27	27	FALSE	FALSE	Hitmonlee:27:UNK:NONE:Hardy:Jump Kick,Brick Break,Focus Energy,Feint|Throh:27:UNK:NONE:Hardy:Vital Throw,Revenge,Storm Throw,Body Slam	0 hp,0 at,0 df,0 sa,0 sd,0 sp|0 hp,0 at,0 df,0 sa,0 sd,0 sp	0|0	hzla_dynamic_calc_imp_1-3	Asserted	NA	NA
372	Triathlete Maria4	Triathlete Maria	4	route	Singles	Check Bad Move	2	27	27	FALSE	FALSE	Hitmonlee:27:UNK:NONE:Hardy:Jump Kick,Brick Break,Focus Energy,Feint|Throh:27:UNK:NONE:Hardy:Vital Throw,Revenge,Storm Throw,Body Slam	0 hp,0 at,0 df,0 sa,0 sd,0 sp|0 hp,0 at,0 df,0 sa,0 sd,0 sp	0|0	hzla_dynamic_calc_imp_1-3	Asserted	NA	NA
373	Triathlete Maria5	Triathlete Maria	5	route	Singles	Check Bad Move	2	27	27	FALSE	FALSE	Hitmonlee:27:UNK:NONE:Hardy:Jump Kick,Brick Break,Focus Energy,Feint|Throh:27:UNK:NONE:Hardy:Vital Throw,Revenge,Storm Throw,Body Slam	0 hp,0 at,0 df,0 sa,0 sd,0 sp|0 hp,0 at,0 df,0 sa,0 sd,0 sp	0|0	hzla_dynamic_calc_imp_1-3	Asserted	NA	NA
374	Triathlete Camden	Triathlete Camden	1	route	Singles	Check Bad Move	2	63	63	FALSE	FALSE	Inteleon:63:UNK:NONE:Hardy:Liquidation,Soak,Rain Dance,Hydro Pump|Golduck:63:UNK:NONE:Hardy:Psych Up,Nasty Plot,Hydro Pump,Wonder Room	0 hp,0 at,0 df,0 sa,0 sd,0 sp|0 hp,0 at,0 df,0 sa,0 sd,0 sp	0|0	hzla_dynamic_calc_imp_1-3	Asserted	NA	NA
375	Youngster Demetrius	Youngster Demetrius	1	route	Singles	Check Bad Move	2	56	56	FALSE	FALSE	Obstagoon:56:UNK:NONE:Hardy:Scary Face,Counter,Taunt,Double-Edge|Manectric:56:UNK:NONE:Hardy:Roar,Wild Charge,Charge,Thunder	0 hp,0 at,0 df,0 sa,0 sd,0 sp|0 hp,0 at,0 df,0 sa,0 sd,0 sp	0|0	hzla_dynamic_calc_imp_1-3	Asserted	NA	NA
376	Triathlete Isaiah	Triathlete Isaiah	1	route	Singles	Check Bad Move	2	67	67	FALSE	FALSE	Xatu:67:UNK:NONE:Hardy:Future Sight,Power Swap,Guard Swap,Me First|Mantine:67:UNK:NONE:Hardy:Air Slash,Aqua Ring,Bounce,Hydro Pump	0 hp,0 at,0 df,0 sa,0 sd,0 sp|0 hp,0 at,0 df,0 sa,0 sd,0 sp	0|0	hzla_dynamic_calc_imp_1-3	Asserted	NA	NA
377	Triathlete Pablo	Triathlete Pablo	1	route	Singles	Check Bad Move	2	62	62	FALSE	FALSE	Octillery:62:UNK:NONE:Hardy:Ice Beam,Bullet Seed,Hydro Pump,Snipe Shot|Greninja:62:UNK:NONE:Hardy:Feint Attack,Substitute,Bounce,Extrasensory	0 hp,0 at,0 df,0 sa,0 sd,0 sp|0 hp,0 at,0 df,0 sa,0 sd,0 sp	0|0	hzla_dynamic_calc_imp_1-3	Asserted	NA	NA
378	Triathlete Chase	Triathlete Chase	1	route	Singles	Check Bad Move	2	68	68	FALSE	FALSE	Lanturn:68:UNK:NONE:Hardy:Hydro Pump,Ion Deluge,Parabolic Charge,Charge|Greninja:68:UNK:NONE:Hardy:Substitute,Bounce,Extrasensory,Hydro Pump	0 hp,0 at,0 df,0 sa,0 sd,0 sp|0 hp,0 at,0 df,0 sa,0 sd,0 sp	0|0	hzla_dynamic_calc_imp_1-3	Asserted	NA	NA
379	Triathlete Isaiah2	Triathlete Isaiah	2	route	Singles	Check Bad Move	2	67	67	FALSE	FALSE	Xatu:67:UNK:NONE:Hardy:Future Sight,Power Swap,Guard Swap,Me First|Mantine:67:UNK:NONE:Hardy:Air Slash,Aqua Ring,Bounce,Hydro Pump	0 hp,0 at,0 df,0 sa,0 sd,0 sp|0 hp,0 at,0 df,0 sa,0 sd,0 sp	0|0	hzla_dynamic_calc_imp_1-3	Asserted	NA	NA
380	Triathlete Isaiah3	Triathlete Isaiah	3	route	Singles	Check Bad Move	2	67	67	FALSE	FALSE	Xatu:67:UNK:NONE:Hardy:Future Sight,Power Swap,Guard Swap,Me First|Mantine:67:UNK:NONE:Hardy:Air Slash,Aqua Ring,Bounce,Hydro Pump	0 hp,0 at,0 df,0 sa,0 sd,0 sp|0 hp,0 at,0 df,0 sa,0 sd,0 sp	0|0	hzla_dynamic_calc_imp_1-3	Asserted	NA	NA
381	Triathlete Isaiah4	Triathlete Isaiah	4	route	Singles	Check Bad Move	2	67	67	FALSE	FALSE	Xatu:67:UNK:NONE:Hardy:Future Sight,Power Swap,Guard Swap,Me First|Mantine:67:UNK:NONE:Hardy:Air Slash,Aqua Ring,Bounce,Hydro Pump	0 hp,0 at,0 df,0 sa,0 sd,0 sp|0 hp,0 at,0 df,0 sa,0 sd,0 sp	0|0	hzla_dynamic_calc_imp_1-3	Asserted	NA	NA
382	Triathlete Isaiah5	Triathlete Isaiah	5	route	Singles	Check Bad Move	2	67	67	FALSE	FALSE	Xatu:67:UNK:NONE:Hardy:Future Sight,Power Swap,Guard Swap,Me First|Mantine:67:UNK:NONE:Hardy:Air Slash,Aqua Ring,Bounce,Hydro Pump	0 hp,0 at,0 df,0 sa,0 sd,0 sp|0 hp,0 at,0 df,0 sa,0 sd,0 sp	0|0	hzla_dynamic_calc_imp_1-3	Asserted	NA	NA
383	Triathlete Isobel	Triathlete Isobel	1	route	Singles	Check Bad Move	1	60	60	FALSE	FALSE	Tatsugiri:60:UNK:NONE:Hardy:Muddy Water,Nasty Plot,Mirror Coat,Dragon Pulse	0 hp,0 at,0 df,0 sa,0 sd,0 sp	0	hzla_dynamic_calc_imp_1-3	Asserted	NA	NA
384	Triathlete Donny	Triathlete Donny	1	route	Singles	Check Bad Move	2	62	62	FALSE	FALSE	Arctovish:62:UNK:NONE:Hardy:Aurora Veil,Freeze-Dry,Super Fang,Crunch|Dracovish:62:UNK:NONE:Hardy:Dragon Breath,Stomp,Super Fang,Crunch	0 hp,0 at,0 df,0 sa,0 sd,0 sp|0 hp,0 at,0 df,0 sa,0 sd,0 sp	0|0	hzla_dynamic_calc_imp_1-3	Asserted	NA	NA
385	Triathlete Talia	Triathlete Talia	1	route	Singles	Check Bad Move	2	68	68	FALSE	FALSE	Starmie:68:UNK:NONE:Hardy:Psybeam,Recover,Confuse Ray,Meteor Beam|Muk:68:UNK:NONE:Hardy:Gunk Shot,Acid Armor,Belch,Memento	0 hp,0 at,0 df,0 sa,0 sd,0 sp|0 hp,0 at,0 df,0 sa,0 sd,0 sp	0|0	hzla_dynamic_calc_imp_1-3	Asserted	NA	NA
386	Triathlete Katelyn	Triathlete Katelyn	1	route	Singles	Check Bad Move	1	35	35	FALSE	FALSE	Staryu:35:UNK:NONE:Hardy:Gyro Ball,Recover,Brine,Reflect Type	0 hp,0 at,0 df,0 sa,0 sd,0 sp	0	hzla_dynamic_calc_imp_1-3	Asserted	NA	NA
387	Triathlete Allison	Triathlete Allison	1	route	Singles	Check Bad Move	2	67	67	FALSE	FALSE	Roserade:67:UNK:NONE:Hardy:Mega Drain,Magical Leaf,Sweet Scent,Ancient Power|Basculegion:67:UNK:NONE:Hardy:Shadow Ball,Spirit Shackle,Wave Crash,Hydro Pump	0 hp,0 at,0 df,0 sa,0 sd,0 sp|0 hp,0 at,0 df,0 sa,0 sd,0 sp	0|0	hzla_dynamic_calc_imp_1-3	Asserted	NA	NA
388	Triathlete Katelyn2	Triathlete Katelyn	2	route	Singles	Check Bad Move	1	35	35	FALSE	FALSE	Staryu:35:UNK:NONE:Hardy:Gyro Ball,Recover,Brine,Reflect Type	0 hp,0 at,0 df,0 sa,0 sd,0 sp	0	hzla_dynamic_calc_imp_1-3	Asserted	NA	NA
389	Triathlete Katelyn3	Triathlete Katelyn	3	route	Singles	Check Bad Move	1	35	35	FALSE	FALSE	Staryu:35:UNK:NONE:Hardy:Gyro Ball,Recover,Brine,Reflect Type	0 hp,0 at,0 df,0 sa,0 sd,0 sp	0	hzla_dynamic_calc_imp_1-3	Asserted	NA	NA
390	Triathlete Katelyn4	Triathlete Katelyn	4	route	Singles	Check Bad Move	1	35	35	FALSE	FALSE	Staryu:35:UNK:NONE:Hardy:Gyro Ball,Recover,Brine,Reflect Type	0 hp,0 at,0 df,0 sa,0 sd,0 sp	0	hzla_dynamic_calc_imp_1-3	Asserted	NA	NA
391	Triathlete Katelyn5	Triathlete Katelyn	5	route	Singles	Check Bad Move	1	35	35	FALSE	FALSE	Staryu:35:UNK:NONE:Hardy:Gyro Ball,Recover,Brine,Reflect Type	0 hp,0 at,0 df,0 sa,0 sd,0 sp	0	hzla_dynamic_calc_imp_1-3	Asserted	NA	NA
392	Dragon Tamer Nicolas	Dragon Tamer Nicolas	1	route	Singles	Check Bad Move	2	71	71	FALSE	FALSE	Goodra:71:UNK:NONE:Hardy:Muddy Water,Dragon Pulse,Power Whip,Outrage|Goodra-Hisui:71:UNK:NONE:Hardy:Muddy Water,Dragon Pulse,Power Whip,Outrage	0 hp,0 at,0 df,0 sa,0 sd,0 sp|0 hp,0 at,0 df,0 sa,0 sd,0 sp	0|0	hzla_dynamic_calc_imp_1-3	Asserted	NA	NA
393	Dragon Tamer Nicolas2	Dragon Tamer Nicolas	2	route	Singles	Check Bad Move	2	71	71	FALSE	FALSE	Goodra:71:UNK:NONE:Hardy:Muddy Water,Dragon Pulse,Power Whip,Outrage|Goodra-Hisui:71:UNK:NONE:Hardy:Muddy Water,Dragon Pulse,Power Whip,Outrage	0 hp,0 at,0 df,0 sa,0 sd,0 sp|0 hp,0 at,0 df,0 sa,0 sd,0 sp	0|0	hzla_dynamic_calc_imp_1-3	Asserted	NA	NA
394	Dragon Tamer Nicolas3	Dragon Tamer Nicolas	3	route	Singles	Check Bad Move	2	71	71	FALSE	FALSE	Goodra:71:UNK:NONE:Hardy:Muddy Water,Dragon Pulse,Power Whip,Outrage|Goodra-Hisui:71:UNK:NONE:Hardy:Muddy Water,Dragon Pulse,Power Whip,Outrage	0 hp,0 at,0 df,0 sa,0 sd,0 sp|0 hp,0 at,0 df,0 sa,0 sd,0 sp	0|0	hzla_dynamic_calc_imp_1-3	Asserted	NA	NA
395	Dragon Tamer Nicolas4	Dragon Tamer Nicolas	4	route	Singles	Check Bad Move	2	71	71	FALSE	FALSE	Goodra:71:UNK:NONE:Hardy:Muddy Water,Dragon Pulse,Power Whip,Outrage|Goodra-Hisui:71:UNK:NONE:Hardy:Muddy Water,Dragon Pulse,Power Whip,Outrage	0 hp,0 at,0 df,0 sa,0 sd,0 sp|0 hp,0 at,0 df,0 sa,0 sd,0 sp	0|0	hzla_dynamic_calc_imp_1-3	Asserted	NA	NA
396	Dragon Tamer Nicolas5	Dragon Tamer Nicolas	5	route	Singles	Check Bad Move	2	71	71	FALSE	FALSE	Goodra:71:UNK:NONE:Hardy:Muddy Water,Dragon Pulse,Power Whip,Outrage|Goodra-Hisui:71:UNK:NONE:Hardy:Muddy Water,Dragon Pulse,Power Whip,Outrage	0 hp,0 at,0 df,0 sa,0 sd,0 sp|0 hp,0 at,0 df,0 sa,0 sd,0 sp	0|0	hzla_dynamic_calc_imp_1-3	Asserted	NA	NA
397	Dragon Tamer Aaron	Dragon Tamer Aaron	1	route	Singles	Check Bad Move	1	72	72	FALSE	FALSE	Kommo-o:72:UNK:NONE:Hardy:Noble Roar,Dragon Dance,Outrage,Clangorous Soul	0 hp,0 at,0 df,0 sa,0 sd,0 sp	0	hzla_dynamic_calc_imp_1-3	Asserted	NA	NA
398	Bird Keeper Perry	Bird Keeper Perry	1	route	Singles	Check Bad Move	1	56	56	FALSE	FALSE	Squawkabilly:56:UNK:NONE:Hardy:Swagger,Brave Bird,Roost,Reversal	0 hp,0 at,0 df,0 sa,0 sd,0 sp	0	hzla_dynamic_calc_imp_1-3	Asserted	NA	NA
399	Bird Keeper Hugh	Bird Keeper Hugh	1	route	Singles	Check Bad Move	1	59	59	FALSE	FALSE	Tropius:59:UNK:NONE:Hardy:Synthesis,Dragon Pulse,Solar Beam,Leaf Storm	0 hp,0 at,0 df,0 sa,0 sd,0 sp	0	hzla_dynamic_calc_imp_1-3	Asserted	NA	NA
400	Bird Keeper Phil	Bird Keeper Phil	1	route	Singles	Check Bad Move	1	60	60	FALSE	FALSE	Komala:60:UNK:NONE:Hardy:Sucker Punch,Psych Up,Wood Hammer,Thrash	0 hp,0 at,0 df,0 sa,0 sd,0 sp	0	hzla_dynamic_calc_imp_1-3	Asserted	NA	NA
401	Bird Keeper Jared	Bird Keeper Jared	1	route	Singles	Check Bad Move	2	60	60	FALSE	FALSE	Pelipper:60:UNK:NONE:Hardy:Roost,Tailwind,Hydro Pump,Hurricane|Toucannon:60:UNK:NONE:Hardy:Drill Peck,Bullet Seed,Feather Dance,Hyper Voice	0 hp,0 at,0 df,0 sa,0 sd,0 sp|0 hp,0 at,0 df,0 sa,0 sd,0 sp	0|0	hzla_dynamic_calc_imp_1-3	Asserted	NA	NA
402	Bird Keeper Humberto	Bird Keeper Humberto	1	route	Singles	Check Bad Move	1	62	62	FALSE	FALSE	Skarmory:62:UNK:NONE:Hardy:Metal Sound,Dual Wingbeat,Autotomize,Night Slash	0 hp,0 at,0 df,0 sa,0 sd,0 sp	0	hzla_dynamic_calc_imp_1-3	Asserted	NA	NA
403	Bird Keeper Presley	Bird Keeper Presley	1	route	Singles	Check Bad Move	2	59	59	FALSE	FALSE	Unfezant:59:UNK:NONE:Hardy:Dual Wingbeat,Night Slash,Swagger,Facade|Xatu:59:UNK:NONE:Hardy:Future Sight,Power Swap,Guard Swap,Me First	0 hp,0 at,0 df,0 sa,0 sd,0 sp|0 hp,0 at,0 df,0 sa,0 sd,0 sp	0|0	hzla_dynamic_calc_imp_1-3	Asserted	NA	NA
404	Bird Keeper Edwardo	Bird Keeper Edwardo	1	route	Singles	Check Bad Move	2	60	60	FALSE	FALSE	Dodrio:60:UNK:NONE:Hardy:Double-Edge,Endeavor,Thrash,Brave Bird|Corviknight:60:UNK:NONE:Hardy:Drill Peck,Swagger,Brave Bird,Iron Defense	0 hp,0 at,0 df,0 sa,0 sd,0 sp|0 hp,0 at,0 df,0 sa,0 sd,0 sp	0|0	hzla_dynamic_calc_imp_1-3	Asserted	NA	NA
405	Bird Keeper Colin	Bird Keeper Colin	1	route	Singles	Check Bad Move	2	62	62	FALSE	FALSE	Xatu:62:UNK:NONE:Hardy:Future Sight,Power Swap,Guard Swap,Me First|Honchkrow:62:UNK:NONE:Hardy:Nasty Plot,Snarl,Comeuppance,Drill Peck	0 hp,0 at,0 df,0 sa,0 sd,0 sp|0 hp,0 at,0 df,0 sa,0 sd,0 sp	0|0	hzla_dynamic_calc_imp_1-3	Asserted	NA	NA
406	Bird Keeper Robert	Bird Keeper Robert	1	route	Singles	Check Bad Move	1	63	63	FALSE	FALSE	Cramorant:63:UNK:NONE:Hardy:Drill Peck,Amnesia,Surf,Hydro Pump	0 hp,0 at,0 df,0 sa,0 sd,0 sp	0	hzla_dynamic_calc_imp_1-3	Asserted	NA	NA
407	Bird Keeper Benny	Bird Keeper Benny	1	route	Singles	Check Bad Move	3	36	36	FALSE	FALSE	Swellow:36:UNK:NONE:Hardy:Wing Attack,Aerial Ace,Quick Guard,Agility|Pelipper:36:UNK:NONE:Hardy:Fling,Stockpile,Swallow,Spit Up|Xatu:36:UNK:NONE:Hardy:Ominous Wind,Confuse Ray,Wish,Psychic	0 hp,0 at,0 df,0 sa,0 sd,0 sp|0 hp,0 at,0 df,0 sa,0 sd,0 sp|0 hp,0 at,0 df,0 sa,0 sd,0 sp	0|0|0	hzla_dynamic_calc_imp_1-3	Asserted	NA	NA
408	Bird Keeper Chester	Bird Keeper Chester	1	route	Singles	Check Bad Move	2	55	55	FALSE	FALSE	Flamigo:55:UNK:NONE:Hardy:Mega Kick,Wide Guard,Throat Chop,Brave Bird|Unfezant:55:UNK:NONE:Hardy:Dual Wingbeat,Night Slash,Swagger,Facade	0 hp,0 at,0 df,0 sa,0 sd,0 sp|0 hp,0 at,0 df,0 sa,0 sd,0 sp	0|0	hzla_dynamic_calc_imp_1-3	Asserted	NA	NA
409	Bird Keeper Robert2	Bird Keeper Robert	2	route	Singles	Check Bad Move	1	63	63	FALSE	FALSE	Cramorant:63:UNK:NONE:Hardy:Drill Peck,Amnesia,Surf,Hydro Pump	0 hp,0 at,0 df,0 sa,0 sd,0 sp	0	hzla_dynamic_calc_imp_1-3	Asserted	NA	NA
410	Bird Keeper Robert3	Bird Keeper Robert	3	route	Singles	Check Bad Move	1	63	63	FALSE	FALSE	Cramorant:63:UNK:NONE:Hardy:Drill Peck,Amnesia,Surf,Hydro Pump	0 hp,0 at,0 df,0 sa,0 sd,0 sp	0	hzla_dynamic_calc_imp_1-3	Asserted	NA	NA
411	Bird Keeper Robert4	Bird Keeper Robert	4	route	Singles	Check Bad Move	1	63	63	FALSE	FALSE	Cramorant:63:UNK:NONE:Hardy:Drill Peck,Amnesia,Surf,Hydro Pump	0 hp,0 at,0 df,0 sa,0 sd,0 sp	0	hzla_dynamic_calc_imp_1-3	Asserted	NA	NA
412	Bird Keeper Robert5	Bird Keeper Robert	5	route	Singles	Check Bad Move	1	63	63	FALSE	FALSE	Cramorant:63:UNK:NONE:Hardy:Drill Peck,Amnesia,Surf,Hydro Pump	0 hp,0 at,0 df,0 sa,0 sd,0 sp	0	hzla_dynamic_calc_imp_1-3	Asserted	NA	NA
413	Bird Keeper Alex	Bird Keeper Alex	1	route	Singles	Check Bad Move	1	74	74	FALSE	FALSE	Bombirdier:74:UNK:NONE:Hardy:Dual Wingbeat,Rock Slide,Knock Off,Parting Shot	0 hp,0 at,0 df,0 sa,0 sd,0 sp	0	hzla_dynamic_calc_imp_1-3	Asserted	NA	NA
414	Bird Keeper Beck	Bird Keeper Beck	1	route	Singles	Check Bad Move	2	71	71	FALSE	FALSE	Tropius:71:UNK:NONE:Hardy:Synthesis,Dragon Pulse,Solar Beam,Leaf Storm|Toucannon:71:UNK:NONE:Hardy:Drill Peck,Bullet Seed,Feather Dance,Hyper Voice	0 hp,0 at,0 df,0 sa,0 sd,0 sp|0 hp,0 at,0 df,0 sa,0 sd,0 sp	0|0	hzla_dynamic_calc_imp_1-3	Asserted	NA	NA
415	Ninja Boy Yasu	Ninja Boy Yasu	1	route	Singles	Check Bad Move,Try To Faint	1	60	60	FALSE	FALSE	Mr. Rime:60:UNK:NONE:Hardy:Freeze-Dry,Psychic,Teeter Dance,Frost Breath	0 hp,0 at,0 df,0 sa,0 sd,0 sp	0	hzla_dynamic_calc_imp_1-3	Asserted	NA	NA
416	Ninja Boy Takashi	Ninja Boy Takashi	1	route	Singles	Check Bad Move,Try To Faint	2	58	58	FALSE	FALSE	Oinkologne:58:UNK:NONE:Hardy:Uproar,Double-Edge,Earthquake,Belch|Hypno:58:UNK:NONE:Hardy:Psychic,Swagger,Future Sight,Dark Void	0 hp,0 at,0 df,0 sa,0 sd,0 sp|0 hp,0 at,0 df,0 sa,0 sd,0 sp	0|0	hzla_dynamic_calc_imp_1-3	Asserted	NA	NA
417	Hex Maniac Dianne	Hex Maniac Dianne	1	route	Singles	NONE	2	75	75	FALSE	FALSE	Gengar:75:UNK:NONE:Hardy:Dark Pulse,Destiny Bond,Hex,Nightmare|Cofagrigus:75:UNK:NONE:Hardy:Shadow Ball,Grudge,Mean Look,Destiny Bond	0 hp,0 at,0 df,0 sa,0 sd,0 sp|0 hp,0 at,0 df,0 sa,0 sd,0 sp	0|0	hzla_dynamic_calc_imp_1-3	Asserted	NA	NA
418	Tuber F Jani	Tuber F Jani	1	route	Singles	NONE	2	56	56	FALSE	FALSE	Exeggutor:56:UNK:NONE:Hardy:Psyshock,Egg Bomb,Wood Hammer,Leaf Storm|Exeggutor-Alola:56:UNK:NONE:Hardy:Egg Bomb,Wood Hammer,Leaf Storm,Fickle Beam	0 hp,0 at,0 df,0 sa,0 sd,0 sp|0 hp,0 at,0 df,0 sa,0 sd,0 sp	0|0	hzla_dynamic_calc_imp_1-3	Asserted	NA	NA
419	Ninja Boy Lao	Ninja Boy Lao	1	route	Singles	NONE	3	35	36	FALSE	FALSE	Mienshao:36:UNK:NONE:Hardy:Double Slap,Swift,Calm Mind,Drain Punch|Thwackey:35:UNK:NONE:Hardy:Razor Leaf,Screech,Knock Off,Slam|Spidops:36:UNK:NONE:Hardy:Sticky Web,Circle Throw,Throat Chop,Skitter Smack	0 hp,0 at,0 df,0 sa,0 sd,0 sp|0 hp,0 at,0 df,0 sa,0 sd,0 sp|0 hp,0 at,0 df,0 sa,0 sd,0 sp	0|0|0	hzla_dynamic_calc_imp_1-3	Asserted	NA	NA
420	Ninja Boy Lung	Ninja Boy Lung	1	route	Singles	NONE	3	34	35	FALSE	FALSE	Frogadier:35:UNK:NONE:Hardy:Icy Wind,Round,Fling,Smack Down|Mabosstiff:34:UNK:NONE:Hardy:Roar,Headbutt,Payback,Crunch|Weezing:34:UNK:NONE:Hardy:Self-Destruct,Haze,Gyro Ball,Sludge Bomb	0 hp,0 at,0 df,0 sa,0 sd,0 sp|0 hp,0 at,0 df,0 sa,0 sd,0 sp|0 hp,0 at,0 df,0 sa,0 sd,0 sp	0|0|0	hzla_dynamic_calc_imp_1-3	Asserted	NA	NA
421	Ninja Boy Lao2	Ninja Boy Lao	2	route	Singles	NONE	3	35	36	FALSE	FALSE	Mienshao:36:UNK:NONE:Hardy:Double Slap,Swift,Calm Mind,Drain Punch|Thwackey:35:UNK:NONE:Hardy:Razor Leaf,Screech,Knock Off,Slam|Spidops:36:UNK:NONE:Hardy:Sticky Web,Circle Throw,Throat Chop,Skitter Smack	0 hp,0 at,0 df,0 sa,0 sd,0 sp|0 hp,0 at,0 df,0 sa,0 sd,0 sp|0 hp,0 at,0 df,0 sa,0 sd,0 sp	0|0|0	hzla_dynamic_calc_imp_1-3	Asserted	NA	NA
422	Ninja Boy Lao3	Ninja Boy Lao	3	route	Singles	NONE	3	35	36	FALSE	FALSE	Mienshao:36:UNK:NONE:Hardy:Double Slap,Swift,Calm Mind,Drain Punch|Thwackey:35:UNK:NONE:Hardy:Razor Leaf,Screech,Knock Off,Slam|Spidops:36:UNK:NONE:Hardy:Sticky Web,Circle Throw,Throat Chop,Skitter Smack	0 hp,0 at,0 df,0 sa,0 sd,0 sp|0 hp,0 at,0 df,0 sa,0 sd,0 sp|0 hp,0 at,0 df,0 sa,0 sd,0 sp	0|0|0	hzla_dynamic_calc_imp_1-3	Asserted	NA	NA
423	Ninja Boy Lao4	Ninja Boy Lao	4	route	Singles	NONE	3	35	36	FALSE	FALSE	Mienshao:36:UNK:NONE:Hardy:Double Slap,Swift,Calm Mind,Drain Punch|Thwackey:35:UNK:NONE:Hardy:Razor Leaf,Screech,Knock Off,Slam|Spidops:36:UNK:NONE:Hardy:Sticky Web,Circle Throw,Throat Chop,Skitter Smack	0 hp,0 at,0 df,0 sa,0 sd,0 sp|0 hp,0 at,0 df,0 sa,0 sd,0 sp|0 hp,0 at,0 df,0 sa,0 sd,0 sp	0|0|0	hzla_dynamic_calc_imp_1-3	Asserted	NA	NA
424	Ninja Boy Lao5	Ninja Boy Lao	5	route	Singles	NONE	3	35	36	FALSE	FALSE	Mienshao:36:UNK:NONE:Hardy:Double Slap,Swift,Calm Mind,Drain Punch|Thwackey:35:UNK:NONE:Hardy:Razor Leaf,Screech,Knock Off,Slam|Spidops:36:UNK:NONE:Hardy:Sticky Web,Circle Throw,Throat Chop,Skitter Smack	0 hp,0 at,0 df,0 sa,0 sd,0 sp|0 hp,0 at,0 df,0 sa,0 sd,0 sp|0 hp,0 at,0 df,0 sa,0 sd,0 sp	0|0|0	hzla_dynamic_calc_imp_1-3	Asserted	NA	NA
425	Battle Girl Jocelyn	Battle Girl Jocelyn	1	route	Singles	Check Bad Move	2	17	17	TRUE	FALSE	Meditite:17:UNK:NONE:Hardy:Rock Tomb,Endure,Force Palm,Feint|Pignite:17:UNK:NONE:Hardy:Ember,Odor Sleuth,Defense Curl,Flame Charge	31 hp,31 at,31 df,31 sa,31 sd,31 sp|31 hp,31 at,31 df,31 sa,31 sd,31 sp	0|0	hzla_dynamic_calc_imp_1-3	Asserted	NA	NA
426	Battle Girl Laura	Battle Girl Laura	1	route	Singles	Check Bad Move	1	18	18	TRUE	FALSE	Lopunny:18:UNK:NONE:Hardy:Foresight,Endure,Baby-Doll Eyes,Quick Attack	31 hp,31 at,31 df,31 sa,31 sd,31 sp	0	hzla_dynamic_calc_imp_1-3	Asserted	NA	NA
427	Battle Girl Cyndy	Battle Girl Cyndy	1	route	Singles	Check Bad Move	2	39	39	FALSE	FALSE	Dudunsparce:39:UNK:NONE:Hardy:Coil,Dig,Glare,Double-Edge|Alcremie:39:UNK:NONE:Hardy:Aromatherapy,Attract,Acid Armor,Dazzling Gleam	0 hp,0 at,0 df,0 sa,0 sd,0 sp|0 hp,0 at,0 df,0 sa,0 sd,0 sp	0|0	hzla_dynamic_calc_imp_1-3	Asserted	NA	NA
428	Battle Girl Cora	Battle Girl Cora	1	route	Singles	Check Bad Move	1	27	27	FALSE	FALSE	Meditite:27:UNK:NONE:Hardy:Feint,Bullet Punch,Calm Mind,Mind Reader	12 hp,12 at,12 df,12 sa,12 sd,12 sp	0	hzla_dynamic_calc_imp_1-3	Asserted	NA	NA
429	Battle Girl Paula	Battle Girl Paula	1	route	Singles	Check Bad Move	1	27	27	FALSE	FALSE	Breloom:27:UNK:NONE:Hardy:Mega Drain,Headbutt,Feint,Counter	12 hp,12 at,12 df,12 sa,12 sd,12 sp	0	hzla_dynamic_calc_imp_1-3	Asserted	NA	NA
430	Battle Girl Cyndy2	Battle Girl Cyndy	2	route	Singles	Check Bad Move	2	39	39	FALSE	FALSE	Dudunsparce:39:UNK:NONE:Hardy:Coil,Dig,Glare,Double-Edge|Alcremie:39:UNK:NONE:Hardy:Aromatherapy,Attract,Acid Armor,Dazzling Gleam	0 hp,0 at,0 df,0 sa,0 sd,0 sp|0 hp,0 at,0 df,0 sa,0 sd,0 sp	0|0	hzla_dynamic_calc_imp_1-3	Asserted	NA	NA
431	Battle Girl Cyndy3	Battle Girl Cyndy	3	route	Singles	Check Bad Move	2	39	39	FALSE	FALSE	Dudunsparce:39:UNK:NONE:Hardy:Coil,Dig,Glare,Double-Edge|Alcremie:39:UNK:NONE:Hardy:Aromatherapy,Attract,Acid Armor,Dazzling Gleam	0 hp,0 at,0 df,0 sa,0 sd,0 sp|0 hp,0 at,0 df,0 sa,0 sd,0 sp	0|0	hzla_dynamic_calc_imp_1-3	Asserted	NA	NA
432	Battle Girl Cyndy4	Battle Girl Cyndy	4	route	Singles	Check Bad Move	2	39	39	FALSE	FALSE	Dudunsparce:39:UNK:NONE:Hardy:Coil,Dig,Glare,Double-Edge|Alcremie:39:UNK:NONE:Hardy:Aromatherapy,Attract,Acid Armor,Dazzling Gleam	0 hp,0 at,0 df,0 sa,0 sd,0 sp|0 hp,0 at,0 df,0 sa,0 sd,0 sp	0|0	hzla_dynamic_calc_imp_1-3	Asserted	NA	NA
433	Battle Girl Cyndy5	Battle Girl Cyndy	5	route	Singles	Check Bad Move	2	39	39	FALSE	FALSE	Dudunsparce:39:UNK:NONE:Hardy:Coil,Dig,Glare,Double-Edge|Alcremie:39:UNK:NONE:Hardy:Aromatherapy,Attract,Acid Armor,Dazzling Gleam	0 hp,0 at,0 df,0 sa,0 sd,0 sp|0 hp,0 at,0 df,0 sa,0 sd,0 sp	0|0	hzla_dynamic_calc_imp_1-3	Asserted	NA	NA
434	Lvl -2 Parasol Lady Madeline	Lvl -2 Parasol Lady Madeline	1	route	Singles	Check Bad Move,Try To Faint,Check Viability,Smart Switching,Omniscient	5	-2	-3	TRUE	TRUE	Sneasler:-3:Poison Touch:Focus Sash:Jolly:Fake Out,Dire Claw,Brick Break,Rock Slide|Honchkrow:-3:Super Luck:Scope Lens:Adamant:Drill Peck,Night Slash,Sucker Punch,Roost|Palossand:-2:Water Compaction:Yache Berry:Bold:Earth Power,Shadow Ball,Shore Up,Psychic|Heracross:-2:Guts:Heracronite:Adamant:Rock Blast,Arm Thrust,Bullet Seed,Pin Missile|Heracross-Mega:-2:Skill Link:Heracronite:Adamant:Rock Blast,Arm Thrust,Bullet Seed,Pin Missile	31 hp,31 at,31 df,31 sa,31 sd,31 sp|31 hp,31 at,31 df,31 sa,31 sd,31 sp|31 hp,31 at,31 df,31 sa,31 sd,31 sp|31 hp,31 at,31 df,31 sa,31 sd,31 sp|31 hp,31 at,31 df,31 sa,31 sd,31 sp	6 hp,252 at,252 sp|6 hp,252 at,252 sp|252 hp,252 df,6 sa|6 hp,252 at,252 sp|6 hp,252 at,252 sp	hzla_dynamic_calc_imp_1-3	Asserted	NA	NA
435	Parasol Lady Clarissa	Parasol Lady Clarissa	1	route	Singles	Check Bad Move	2	63	63	FALSE	FALSE	Victreebel:63:UNK:NONE:Hardy:Leaf Storm,Lunge,Leaf Blade,Sludge Bomb|Jellicent:63:UNK:NONE:Hardy:Rain Dance,Hex,Hydro Pump,Wring Out	0 hp,0 at,0 df,0 sa,0 sd,0 sp|0 hp,0 at,0 df,0 sa,0 sd,0 sp	0|0	hzla_dynamic_calc_imp_1-3	Asserted	NA	NA
436	Parasol Lady Angelica	Parasol Lady Angelica	1	route	Singles	Check Bad Move	1	64	64	FALSE	FALSE	Luxray:64:UNK:NONE:Hardy:Crunch,Sucker Punch,Zing Zap,Volt Tackle	0 hp,0 at,0 df,0 sa,0 sd,0 sp	0	hzla_dynamic_calc_imp_1-3	Asserted	NA	NA
437	Lvl -2 Parasol Lady Madeline2	Lvl -2 Parasol Lady Madeline	2	route	Singles	Check Bad Move	5	-2	-3	TRUE	TRUE	Sneasler:-3:Poison Touch:Focus Sash:Jolly:Fake Out,Dire Claw,Brick Break,Rock Slide|Honchkrow:-3:Super Luck:Scope Lens:Adamant:Drill Peck,Night Slash,Sucker Punch,Roost|Palossand:-2:Water Compaction:Yache Berry:Bold:Earth Power,Shadow Ball,Shore Up,Toxic|Heracross:-2:Guts:Heracronite:Adamant:Rock Blast,Arm Thrust,Bullet Seed,Pin Missile|Heracross-Mega:-2:Skill Link:Heracronite:Adamant:Rock Blast,Arm Thrust,Bullet Seed,Pin Missile	31 hp,31 at,31 df,31 sa,31 sd,31 sp|31 hp,31 at,31 df,31 sa,31 sd,31 sp|31 hp,31 at,31 df,31 sa,31 sd,31 sp|31 hp,31 at,31 df,31 sa,31 sd,31 sp|31 hp,31 at,31 df,31 sa,31 sd,31 sp	6 hp,252 at,252 sp|6 hp,252 at,252 sp|252 hp,252 df,6 sa|6 hp,252 at,252 sp|6 hp,252 at,252 sp	hzla_dynamic_calc_imp_1-3	Asserted	NA	NA
438	Lvl -2 Parasol Lady Madeline3	Lvl -2 Parasol Lady Madeline	3	route	Singles	Check Bad Move	5	-2	-3	TRUE	TRUE	Sneasler:-3:Poison Touch:Focus Sash:Jolly:Fake Out,Dire Claw,Brick Break,Rock Slide|Honchkrow:-3:Super Luck:Scope Lens:Adamant:Drill Peck,Night Slash,Sucker Punch,Roost|Palossand:-2:Water Compaction:Yache Berry:Bold:Earth Power,Shadow Ball,Shore Up,Toxic|Heracross:-2:Guts:Heracronite:Adamant:Rock Blast,Arm Thrust,Bullet Seed,Pin Missile|Heracross-Mega:-2:Skill Link:Heracronite:Adamant:Rock Blast,Arm Thrust,Bullet Seed,Pin Missile	31 hp,31 at,31 df,31 sa,31 sd,31 sp|31 hp,31 at,31 df,31 sa,31 sd,31 sp|31 hp,31 at,31 df,31 sa,31 sd,31 sp|31 hp,31 at,31 df,31 sa,31 sd,31 sp|31 hp,31 at,31 df,31 sa,31 sd,31 sp	6 hp,252 at,252 sp|6 hp,252 at,252 sp|252 hp,252 df,6 sa|6 hp,252 at,252 sp|6 hp,252 at,252 sp	hzla_dynamic_calc_imp_1-3	Asserted	NA	NA
439	Lvl -2 Parasol Lady Madeline4	Lvl -2 Parasol Lady Madeline	4	route	Singles	Check Bad Move	5	-2	-3	TRUE	TRUE	Sneasler:-3:Poison Touch:Focus Sash:Jolly:Fake Out,Dire Claw,Brick Break,Rock Slide|Honchkrow:-3:Super Luck:Scope Lens:Adamant:Drill Peck,Night Slash,Sucker Punch,Roost|Palossand:-2:Water Compaction:Yache Berry:Bold:Earth Power,Shadow Ball,Shore Up,Toxic|Heracross:-2:Guts:Heracronite:Adamant:Rock Blast,Arm Thrust,Bullet Seed,Pin Missile|Heracross-Mega:-2:Skill Link:Heracronite:Adamant:Rock Blast,Arm Thrust,Bullet Seed,Pin Missile	31 hp,31 at,31 df,31 sa,31 sd,31 sp|31 hp,31 at,31 df,31 sa,31 sd,31 sp|31 hp,31 at,31 df,31 sa,31 sd,31 sp|31 hp,31 at,31 df,31 sa,31 sd,31 sp|31 hp,31 at,31 df,31 sa,31 sd,31 sp	6 hp,252 at,252 sp|6 hp,252 at,252 sp|252 hp,252 df,6 sa|6 hp,252 at,252 sp|6 hp,252 at,252 sp	hzla_dynamic_calc_imp_1-3	Asserted	NA	NA
440	Lvl -2 Parasol Lady Madeline5	Lvl -2 Parasol Lady Madeline	5	route	Singles	Check Bad Move	5	-2	-3	TRUE	TRUE	Sneasler:-3:Poison Touch:Focus Sash:Jolly:Fake Out,Dire Claw,Brick Break,Rock Slide|Honchkrow:-3:Super Luck:Scope Lens:Adamant:Drill Peck,Night Slash,Sucker Punch,Roost|Palossand:-2:Water Compaction:Yache Berry:Bold:Earth Power,Shadow Ball,Shore Up,Toxic|Heracross:-2:Guts:Heracronite:Adamant:Rock Blast,Arm Thrust,Bullet Seed,Pin Missile|Heracross-Mega:-2:Skill Link:Heracronite:Adamant:Rock Blast,Arm Thrust,Bullet Seed,Pin Missile	31 hp,31 at,31 df,31 sa,31 sd,31 sp|31 hp,31 at,31 df,31 sa,31 sd,31 sp|31 hp,31 at,31 df,31 sa,31 sd,31 sp|31 hp,31 at,31 df,31 sa,31 sd,31 sp|31 hp,31 at,31 df,31 sa,31 sd,31 sp	6 hp,252 at,252 sp|6 hp,252 at,252 sp|252 hp,252 df,6 sa|6 hp,252 at,252 sp|6 hp,252 at,252 sp	hzla_dynamic_calc_imp_1-3	Asserted	NA	NA
441	Swimmer F Beverly	Swimmer F Beverly	1	route	Singles	Check Bad Move	2	55	55	FALSE	FALSE	Seaking:55:UNK:NONE:Hardy:Agility,Waterfall,Soak,Megahorn|Wailord:55:UNK:NONE:Hardy:Amnesia,Dive,Bounce,Bouncy Bubble	0 hp,0 at,0 df,0 sa,0 sd,0 sp|0 hp,0 at,0 df,0 sa,0 sd,0 sp	0|0	hzla_dynamic_calc_imp_1-3	Asserted	NA	NA
442	Swimmer F Imani	Swimmer F Imani	1	route	Singles	Check Bad Move	1	55	55	FALSE	FALSE	Azumarill:55:UNK:NONE:Hardy:Rain Dance,Double-Edge,Superpower,Hydro Pump	0 hp,0 at,0 df,0 sa,0 sd,0 sp	0	hzla_dynamic_calc_imp_1-3	Asserted	NA	NA
443	Swimmer F Kyla	Swimmer F Kyla	1	route	Singles	Check Bad Move	1	56	56	FALSE	FALSE	Wailord:56:UNK:NONE:Hardy:Amnesia,Dive,Bounce,Bouncy Bubble	0 hp,0 at,0 df,0 sa,0 sd,0 sp	0	hzla_dynamic_calc_imp_1-3	Asserted	NA	NA
444	Picnicker Denise	Picnicker Denise	1	route	Singles	Check Bad Move	2	55	55	FALSE	FALSE	Butterfree:55:UNK:NONE:Hardy:Rage Powder,Captivate,Tailwind,Air Slash|Vivillon:55:UNK:NONE:Hardy:Safeguard,Quiver Dance,Hurricane,Powder	0 hp,0 at,0 df,0 sa,0 sd,0 sp|0 hp,0 at,0 df,0 sa,0 sd,0 sp	0|0	hzla_dynamic_calc_imp_1-3	Asserted	NA	NA
445	Swimmer F Beth	Swimmer F Beth	1	route	Singles	Check Bad Move	2	56	56	FALSE	FALSE	Muk:56:UNK:NONE:Hardy:Screech,Gunk Shot,Acid Armor,Belch|Muk-Alola:56:UNK:NONE:Hardy:Screech,Gunk Shot,Acid Armor,Belch	0 hp,0 at,0 df,0 sa,0 sd,0 sp|0 hp,0 at,0 df,0 sa,0 sd,0 sp	0|0	hzla_dynamic_calc_imp_1-3	Asserted	NA	NA
446	Swimmer F Tara	Swimmer F Tara	1	route	Singles	Check Bad Move	2	57	57	FALSE	FALSE	Cherrim:57:UNK:NONE:Hardy:Solar Blade,Lucky Chant,Petal Blizzard,Grav Apple|Kingler:57:UNK:NONE:Hardy:Slash,Slam,Brine,Crabhammer	0 hp,0 at,0 df,0 sa,0 sd,0 sp|0 hp,0 at,0 df,0 sa,0 sd,0 sp	0|0	hzla_dynamic_calc_imp_1-3	Asserted	NA	NA
447	** Swimmer F Missy	** Swimmer F Missy	1	route	Singles	Check Bad Move	3	56	56	FALSE	FALSE	Wugtrio:56:UNK:NONE:Hardy:Waterfall,Throat Chop,Triple Dive,Earthquake|Wugtrio:56:UNK:NONE:Hardy:Waterfall,Throat Chop,Triple Dive,Earthquake|Wugtrio:56:UNK:NONE:Hardy:Waterfall,Throat Chop,Triple Dive,Earthquake	0 hp,0 at,0 df,0 sa,0 sd,0 sp|0 hp,0 at,0 df,0 sa,0 sd,0 sp|0 hp,0 at,0 df,0 sa,0 sd,0 sp	0|0|0	hzla_dynamic_calc_imp_1-3	Asserted	NA	NA
448	Swimmer F Alice	Swimmer F Alice	1	route	Singles	Check Bad Move	3	54	54	FALSE	FALSE	Seaking:54:UNK:NONE:Hardy:Agility,Waterfall,Soak,Megahorn|Quaquaval:54:UNK:NONE:Hardy:Liquidation,Feather Dance,Close Combat,Wave Crash|Crobat:54:UNK:NONE:Hardy:Haze,Venoshock,Air Slash,Quick Guard	0 hp,0 at,0 df,0 sa,0 sd,0 sp|0 hp,0 at,0 df,0 sa,0 sd,0 sp|0 hp,0 at,0 df,0 sa,0 sd,0 sp	0|0|0	hzla_dynamic_calc_imp_1-3	Asserted	NA	NA
449	Lvl -1 Battle Girl Jenny	Lvl -1 Battle Girl Jenny	1	route	Singles	Check Bad Move,Try To Faint,Check Viability,Smart Switching,Omniscient	6	-1	-2	FALSE	TRUE	Heliolisk:-2:Solar Power:Air Balloon:Timid:Thunderbolt,Boomburst,Weather Ball,Hidden Power|Torkoal:-2:White Smoke:Custap Berry:Quiet:Overheat,Earth Power,Solar Beam,Explosion|Victreebel:-2:Chlorophyll:Life Orb:Hasty:Leaf Storm,Solar Blade,Gunk Shot,Leech Life|Archeops:-1:Defeatist:Sitrus Berry:Jolly:Head Smash,Brave Bird,Earthquake,Roost|Flapple:-1:Ripen:Applite:Jolly:Grav Apple,Scale Shot,Sucker Punch,Dragon Dance|Flapple-Mega:-1:Dragon's Maw:Applite:Jolly:Grav Apple,Scale Shot,Sucker Punch,Dragon Dance	31 hp,31 at,31 df,31 sa,31 sd,30 sp|31 hp,31 at,31 df,31 sa,31 sd,31 sp|31 hp,31 at,31 df,31 sa,31 sd,31 sp|31 hp,31 at,31 df,31 sa,31 sd,31 sp|31 hp,31 at,31 df,31 sa,31 sd,31 sp|31 hp,31 at,31 df,31 sa,31 sd,31 sp	6 hp,252 sa,252 sp|252 hp,6 at,252 sa|6 hp,252 at,252 sp|6 hp,252 at,252 sp|6 hp,252 at,252 sp|6 hp,252 at,252 sp	hzla_dynamic_calc_imp_1-3	Asserted	NA	NA
450	Lvl -1 Triathlete Grace	Lvl -1 Triathlete Grace	1	route	Singles	Check Bad Move,Try To Faint,Check Viability,Smart Switching,Omniscient	4	-1	-1	FALSE	TRUE	Typhlosion:-1:Blazing Soul:Wise Glasses:Modest:Eruption,Heat Wave,Solar Beam,Focus Blast|Shiftry:-1:Chlorophyll:Expert Belt:Naughty:Solar Blade,Ceaseless Edge,Heat Wave,Hidden Power|Coalossal:-1:Flash Fire:Coalossite:Quiet:Burn Up,Flash Cannon,Hydro Steam,Power Gem|Coalossal-Mega:-1:Mountaineer:Coalossite:Quiet:Burn Up,Flash Cannon,Hydro Steam,Power Gem	31 hp,31 at,31 df,31 sa,31 sd,0 sp|31 hp,31 at,30 df,31 sa,30 sd,30 sp|31 hp,31 at,31 df,31 sa,31 sd,0 sp|31 hp,31 at,31 df,31 sa,31 sd,0 sp	6 hp,252 sa,252 sp|6 hp,252 at,252 sp|6 hp,252 df,252 sa|6 hp,252 df,252 sa	hzla_dynamic_calc_imp_1-3	Asserted	NA	NA
451	Swimmer F Tanya	Swimmer F Tanya	1	route	Singles	Check Bad Move	1	60	60	FALSE	FALSE	Swanna:60:UNK:NONE:Hardy:Rain Dance,Tailwind,Hydro Pump,Hurricane	0 hp,0 at,0 df,0 sa,0 sd,0 sp	0	hzla_dynamic_calc_imp_1-3	Asserted	NA	NA
452	Swimmer F Sharon	Swimmer F Sharon	1	route	Singles	Check Bad Move	1	60	60	FALSE	FALSE	Kingdra:60:UNK:NONE:Hardy:Agility,Dragon Pulse,Dragon Dance,Hydro Pump	0 hp,0 at,0 df,0 sa,0 sd,0 sp	0	hzla_dynamic_calc_imp_1-3	Asserted	NA	NA
453	Swimmer F Nikki	Swimmer F Nikki	1	route	Singles	Check Bad Move	2	60	60	FALSE	FALSE	Starmie:60:UNK:NONE:Hardy:Psybeam,Recover,Confuse Ray,Meteor Beam|Walrein:60:UNK:NONE:Hardy:Snore,Snowscape,Blizzard,Ice Beam	0 hp,0 at,0 df,0 sa,0 sd,0 sp|0 hp,0 at,0 df,0 sa,0 sd,0 sp	0|0	hzla_dynamic_calc_imp_1-3	Asserted	NA	NA
454	Swimmer F Brenda	Swimmer F Brenda	1	route	Singles	Check Bad Move	1	63	63	FALSE	FALSE	Seaking:63:UNK:NONE:Hardy:Waterfall,Soak,Megahorn,Fishious Rend	0 hp,0 at,0 df,0 sa,0 sd,0 sp	0	hzla_dynamic_calc_imp_1-3	Asserted	NA	NA
455	Swimmer F Katie	Swimmer F Katie	1	route	Singles	Check Bad Move	2	65	65	FALSE	FALSE	Simisage:65:UNK:NONE:Hardy:Lick,Fury Swipes,Seed Bomb,Leaf Storm|Clefable:65:UNK:NONE:Hardy:Double Slap,Metronome,Teleport,Moonblast	0 hp,0 at,0 df,0 sa,0 sd,0 sp|0 hp,0 at,0 df,0 sa,0 sd,0 sp	0|0	hzla_dynamic_calc_imp_1-3	Asserted	NA	NA
456	Swimmer F Susie	Swimmer F Susie	1	route	Singles	Check Bad Move	2	70	70	FALSE	FALSE	Alcremie:70:UNK:NONE:Hardy:Recover,Misty Terrain,Entrainment,Moonblast|Ludicolo:70:UNK:NONE:Hardy:Growl,Mega Drain,Nature Power,Aqua Step	0 hp,0 at,0 df,0 sa,0 sd,0 sp|0 hp,0 at,0 df,0 sa,0 sd,0 sp	0|0	hzla_dynamic_calc_imp_1-3	Asserted	NA	NA
457	Swimmer F Kara	Swimmer F Kara	1	route	Singles	Check Bad Move	2	70	70	FALSE	FALSE	Tentacruel:70:UNK:NONE:Hardy:Hex,Sludge Wave,Hydro Pump,Wring Out|Pawmot:70:UNK:NONE:Hardy:Agility,Wild Charge,Close Combat,Double Shock	0 hp,0 at,0 df,0 sa,0 sd,0 sp|0 hp,0 at,0 df,0 sa,0 sd,0 sp	0|0	hzla_dynamic_calc_imp_1-3	Asserted	NA	NA
458	Swimmer F Dana	Swimmer F Dana	1	route	Singles	Check Bad Move	2	70	70	FALSE	FALSE	Azumarill:70:UNK:NONE:Hardy:Rain Dance,Double-Edge,Superpower,Hydro Pump|Primarina:70:UNK:NONE:Hardy:Moonblast,Captivate,Hydro Pump,Misty Terrain	0 hp,0 at,0 df,0 sa,0 sd,0 sp|0 hp,0 at,0 df,0 sa,0 sd,0 sp	0|0	hzla_dynamic_calc_imp_1-3	Asserted	NA	NA
459	Swimmer F Sienna	Swimmer F Sienna	1	route	Singles	Check Bad Move	2	62	62	FALSE	FALSE	Milotic:62:UNK:NONE:Hardy:Safeguard,Coil,Hydro Pump,Rain Dance|Primarina:62:UNK:NONE:Hardy:Moonblast,Captivate,Hydro Pump,Misty Terrain	0 hp,0 at,0 df,0 sa,0 sd,0 sp|0 hp,0 at,0 df,0 sa,0 sd,0 sp	0|0	hzla_dynamic_calc_imp_1-3	Asserted	NA	NA
460	Swimmer F Debra	Swimmer F Debra	1	route	Singles	Check Bad Move	2	70	70	FALSE	FALSE	Seaking:70:UNK:NONE:Hardy:Waterfall,Soak,Megahorn,Fishious Rend|Samurott-Hisui:70:UNK:NONE:Hardy:Swords Dance,Sucker Punch,Sacred Sword,Razor Shell	0 hp,0 at,0 df,0 sa,0 sd,0 sp|0 hp,0 at,0 df,0 sa,0 sd,0 sp	0|0	hzla_dynamic_calc_imp_1-3	Asserted	NA	NA
461	Swimmer F Linda	Swimmer F Linda	1	route	Singles	Check Bad Move	2	33	33	FALSE	FALSE	Horsea:33:UNK:NONE:Hardy:Twister,Bubble Beam,Focus Energy,Brine|Seadra:33:UNK:NONE:Hardy:Twister,Bubble Beam,Focus Energy,Brine	0 hp,0 at,0 df,0 sa,0 sd,0 sp|0 hp,0 at,0 df,0 sa,0 sd,0 sp	0|0	hzla_dynamic_calc_imp_1-3	Asserted	NA	NA
462	Swimmer F Kaylee	Swimmer F Kaylee	1	route	Singles	Check Bad Move	2	34	34	FALSE	FALSE	Lanturn:34:UNK:NONE:Hardy:Bubble Beam,Spark,Signal Beam,Scald|Pelipper:34:UNK:NONE:Hardy:Fling,Stockpile,Swallow,Spit Up	0 hp,0 at,0 df,0 sa,0 sd,0 sp|0 hp,0 at,0 df,0 sa,0 sd,0 sp	0|0	hzla_dynamic_calc_imp_1-3	Asserted	NA	NA
463	Swimmer F Laurel	Swimmer F Laurel	1	route	Singles	Check Bad Move	2	72	73	FALSE	FALSE	Luvdisc:73:UNK:NONE:Hardy:Soak,Hydro Pump,Safeguard,Moonblast|Milotic:72:UNK:NONE:Hardy:Coil,Hydro Pump,Rain Dance,Bouncy Bubble	0 hp,0 at,0 df,0 sa,0 sd,0 sp|0 hp,0 at,0 df,0 sa,0 sd,0 sp	0|0	hzla_dynamic_calc_imp_1-3	Asserted	NA	NA
464	Swimmer F Carlee	Swimmer F Carlee	1	route	Singles	Check Bad Move	1	65	65	FALSE	FALSE	Samurott:65:UNK:NONE:Hardy:Swords Dance,Hydro Pump,Sacred Sword,Razor Shell	0 hp,0 at,0 df,0 sa,0 sd,0 sp	0	hzla_dynamic_calc_imp_1-3	Asserted	NA	NA
465	Lvl -1 Battle Girl Jenny2	Lvl -1 Battle Girl Jenny	2	route	Singles	Check Bad Move	6	-1	-2	FALSE	TRUE	Heliolisk:-2:Solar Power:Air Balloon:Timid:Thunderbolt,Boomburst,Weather Ball,Hidden Power|Torkoal:-2:White Smoke:Custap Berry:Quiet:Overheat,Earth Power,Solar Beam,Explosion|Victreebel:-2:Chlorophyll:Life Orb:Hasty:Leaf Storm,Solar Blade,Gunk Shot,Leech Life|Archeops:-1:Defeatist:Sitrus Berry:Jolly:Head Smash,Brave Bird,Earthquake,Roost|Flapple:-1:Ripen:Applite:Jolly:Grav Apple,Scale Shot,Sucker Punch,Dragon Dance|Flapple-Mega:-1:Dragon's Maw:Applite:Jolly:Grav Apple,Scale Shot,Sucker Punch,Dragon Dance	31 hp,31 at,31 df,31 sa,31 sd,30 sp|31 hp,31 at,31 df,31 sa,31 sd,31 sp|31 hp,31 at,31 df,31 sa,31 sd,31 sp|31 hp,31 at,31 df,31 sa,31 sd,31 sp|31 hp,31 at,31 df,31 sa,31 sd,31 sp|31 hp,31 at,31 df,31 sa,31 sd,31 sp	6 hp,252 sa,252 sp|252 hp,6 at,252 sa|6 hp,252 at,252 sp|6 hp,252 at,252 sp|6 hp,252 at,252 sp|6 hp,252 at,252 sp	hzla_dynamic_calc_imp_1-3	Asserted	NA	NA
466	Lvl -1 Battle Girl Jenny3	Lvl -1 Battle Girl Jenny	3	route	Singles	Check Bad Move	6	-1	-2	FALSE	TRUE	Heliolisk:-2:Solar Power:Air Balloon:Timid:Thunderbolt,Boomburst,Weather Ball,Hidden Power|Torkoal:-2:White Smoke:Custap Berry:Quiet:Overheat,Earth Power,Solar Beam,Explosion|Victreebel:-2:Chlorophyll:Life Orb:Hasty:Leaf Storm,Solar Blade,Gunk Shot,Leech Life|Archeops:-1:Defeatist:Sitrus Berry:Jolly:Head Smash,Brave Bird,Earthquake,Roost|Flapple:-1:Ripen:Applite:Jolly:Grav Apple,Scale Shot,Sucker Punch,Dragon Dance|Flapple-Mega:-1:Dragon's Maw:Applite:Jolly:Grav Apple,Scale Shot,Sucker Punch,Dragon Dance	31 hp,31 at,31 df,31 sa,31 sd,30 sp|31 hp,31 at,31 df,31 sa,31 sd,31 sp|31 hp,31 at,31 df,31 sa,31 sd,31 sp|31 hp,31 at,31 df,31 sa,31 sd,31 sp|31 hp,31 at,31 df,31 sa,31 sd,31 sp|31 hp,31 at,31 df,31 sa,31 sd,31 sp	6 hp,252 sa,252 sp|252 hp,6 at,252 sa|6 hp,252 at,252 sp|6 hp,252 at,252 sp|6 hp,252 at,252 sp|6 hp,252 at,252 sp	hzla_dynamic_calc_imp_1-3	Asserted	NA	NA
467	Lvl -1 Battle Girl Jenny4	Lvl -1 Battle Girl Jenny	4	route	Singles	Check Bad Move	6	-1	-2	FALSE	TRUE	Heliolisk:-2:Solar Power:Air Balloon:Timid:Thunderbolt,Boomburst,Weather Ball,Hidden Power|Torkoal:-2:White Smoke:Custap Berry:Quiet:Overheat,Earth Power,Solar Beam,Explosion|Victreebel:-2:Chlorophyll:Life Orb:Hasty:Leaf Storm,Solar Blade,Gunk Shot,Leech Life|Archeops:-1:Defeatist:Sitrus Berry:Jolly:Head Smash,Brave Bird,Earthquake,Roost|Flapple:-1:Ripen:Applite:Jolly:Grav Apple,Scale Shot,Sucker Punch,Dragon Dance|Flapple-Mega:-1:Dragon's Maw:Applite:Jolly:Grav Apple,Scale Shot,Sucker Punch,Dragon Dance	31 hp,31 at,31 df,31 sa,31 sd,30 sp|31 hp,31 at,31 df,31 sa,31 sd,31 sp|31 hp,31 at,31 df,31 sa,31 sd,31 sp|31 hp,31 at,31 df,31 sa,31 sd,31 sp|31 hp,31 at,31 df,31 sa,31 sd,31 sp|31 hp,31 at,31 df,31 sa,31 sd,31 sp	6 hp,252 sa,252 sp|252 hp,6 at,252 sa|6 hp,252 at,252 sp|6 hp,252 at,252 sp|6 hp,252 at,252 sp|6 hp,252 at,252 sp	hzla_dynamic_calc_imp_1-3	Asserted	NA	NA
468	Lvl -1 Battle Girl Jenny5	Lvl -1 Battle Girl Jenny	5	route	Singles	Check Bad Move	6	-1	-2	FALSE	TRUE	Heliolisk:-2:Solar Power:Air Balloon:Timid:Thunderbolt,Boomburst,Weather Ball,Hidden Power|Torkoal:-2:White Smoke:Custap Berry:Quiet:Overheat,Earth Power,Solar Beam,Explosion|Victreebel:-2:Chlorophyll:Life Orb:Hasty:Leaf Storm,Solar Blade,Gunk Shot,Leech Life|Archeops:-1:Defeatist:Sitrus Berry:Jolly:Head Smash,Brave Bird,Earthquake,Roost|Flapple:-1:Ripen:Applite:Jolly:Grav Apple,Scale Shot,Sucker Punch,Dragon Dance|Flapple-Mega:-1:Dragon's Maw:Applite:Jolly:Grav Apple,Scale Shot,Sucker Punch,Dragon Dance	31 hp,31 at,31 df,31 sa,31 sd,30 sp|31 hp,31 at,31 df,31 sa,31 sd,31 sp|31 hp,31 at,31 df,31 sa,31 sd,31 sp|31 hp,31 at,31 df,31 sa,31 sd,31 sp|31 hp,31 at,31 df,31 sa,31 sd,31 sp|31 hp,31 at,31 df,31 sa,31 sd,31 sp	6 hp,252 sa,252 sp|252 hp,6 at,252 sa|6 hp,252 at,252 sp|6 hp,252 at,252 sp|6 hp,252 at,252 sp|6 hp,252 at,252 sp	hzla_dynamic_calc_imp_1-3	Asserted	NA	NA
469	Picnicker Heidi	Picnicker Heidi	1	route	Singles	Check Bad Move	2	55	55	FALSE	FALSE	Shuckle:55:UNK:NONE:Hardy:Power Split,Guard Split,Stone Edge,Sticky Web|Sandshrew-Alola:55:UNK:NONE:Hardy:Iron Head,Gyro Ball,Swords Dance,Snowscape	0 hp,0 at,0 df,0 sa,0 sd,0 sp|0 hp,0 at,0 df,0 sa,0 sd,0 sp	0|0	hzla_dynamic_calc_imp_1-3	Asserted	NA	NA
470	Picnicker Becky	Picnicker Becky	1	route	Singles	Check Bad Move	2	55	55	FALSE	FALSE	Mawile:55:UNK:NONE:Hardy:Swallow,Spit Up,Iron Head,Play Rough|Wormadam-Sandy:55:UNK:NONE:Hardy:Attract,Psychic,Power Gem,Bug Buzz	0 hp,0 at,0 df,0 sa,0 sd,0 sp|0 hp,0 at,0 df,0 sa,0 sd,0 sp	0|0	hzla_dynamic_calc_imp_1-3	Asserted	NA	NA
471	Picnicker Carol	Picnicker Carol	1	route	Singles	Check Bad Move	3	34	35	FALSE	FALSE	Swellow:34:UNK:NONE:Hardy:Wing Attack,Aerial Ace,Quick Guard,Agility|Krokorok:34:UNK:NONE:Hardy:Embargo,Swagger,Crunch,Dig|Vanillish:35:UNK:NONE:Hardy:Avalanche,Taunt,Mirror Shot,Acid Armor	0 hp,0 at,0 df,0 sa,0 sd,0 sp|0 hp,0 at,0 df,0 sa,0 sd,0 sp|0 hp,0 at,0 df,0 sa,0 sd,0 sp	0|0|0	hzla_dynamic_calc_imp_1-3	Asserted	NA	NA
472	Picnicker Nancy	Picnicker Nancy	1	route	Singles	Check Bad Move	3	36	36	FALSE	FALSE	Arbok:36:UNK:NONE:Hardy:Stockpile,Swallow,Spit Up,Poison Fang|Seviper:36:UNK:NONE:Hardy:Gastro Acid,Poison Jab,Haze,Swords Dance|Sandaconda:36:UNK:NONE:Hardy:Headbutt,Glare,Dig,Sandstorm	0 hp,0 at,0 df,0 sa,0 sd,0 sp|0 hp,0 at,0 df,0 sa,0 sd,0 sp|0 hp,0 at,0 df,0 sa,0 sd,0 sp	0|0|0	hzla_dynamic_calc_imp_1-3	Asserted	NA	NA
473	Lvl -1 Picnicker Martha	Lvl -1 Picnicker Martha	1	route	Singles	Check Bad Move,Try To Faint,Check Viability,Smart Switching,Omniscient	6	-1	-2	TRUE	TRUE	Durant:-2:Hustle:Life Orb:Jolly:First Impression,Iron Head,X-Scissor,Superpower|Bastiodon:-2:Dauntless Shield:Focus Sash:Sassy:Metal Burst,Body Press,Rock Slide,Iron Head|Skarmory:-2:Sturdy:Leftovers:Impish:Roost,Toxic,Fly,Iron Head|Kingler:-2:Hyper Cutter:Kinglerite:Jolly:Aqua Jet,Liquidation,Ice Hammer,Iron Head|Iron Treads:-1:Quark Drive:Booster Energy:Jolly:Iron Head,Wild Charge,Earthquake,Knock Off|Kingler-Mega:-2:Tough Claws:Kinglerite:Jolly:Aqua Jet,Liquidation,Ice Hammer,Iron Head	31 hp,31 at,31 df,31 sa,31 sd,31 sp|31 hp,31 at,31 df,31 sa,31 sd,31 sp|31 hp,31 at,31 df,31 sa,31 sd,31 sp|31 hp,31 at,31 df,31 sa,31 sd,31 sp|31 hp,31 at,31 df,31 sa,31 sd,31 sp|31 hp,31 at,31 df,31 sa,31 sd,31 sp	6 hp,252 at,252 sp|252 hp,6 at,252 sd|252 hp,6 at,252 df|6 hp,252 at,252 sp|6 hp,252 at,252 sp|6 hp,252 at,252 sp	hzla_dynamic_calc_imp_1-3	Asserted	NA	NA
474	Picnicker Diana	Picnicker Diana	1	route	Singles	Check Bad Move	2	39	39	FALSE	FALSE	Bellossom:39:UNK:NONE:Hardy:Sweet Scent,Stun Spore,Sunny Day,Petal Blizzard|Dodrio:39:UNK:NONE:Hardy:Double Hit,Agility,Uproar,Swords Dance	0 hp,0 at,0 df,0 sa,0 sd,0 sp|0 hp,0 at,0 df,0 sa,0 sd,0 sp	0|0	hzla_dynamic_calc_imp_1-3	Asserted	NA	NA
475	Psychic Cedric	Psychic Cedric	1	route	Singles	Check Bad Move	1	65	65	FALSE	FALSE	Wobbuffet:65:UNK:NONE:Hardy:Destiny Bond,Safeguard,Counter,Mirror Coat	0 hp,0 at,0 df,0 sa,0 sd,0 sp	0	hzla_dynamic_calc_imp_1-3	Asserted	NA	NA
476	Picnicker Irene	Picnicker Irene	1	route	Singles	Check Bad Move	2	35	35	FALSE	FALSE	Wailord:35:UNK:NONE:Hardy:Mist,Brine,Rest,Water Spout|Bouffalant:35:UNK:NONE:Hardy:Horn Attack,Scary Face,Revenge,Head Charge	0 hp,0 at,0 df,0 sa,0 sd,0 sp|0 hp,0 at,0 df,0 sa,0 sd,0 sp	0|0	hzla_dynamic_calc_imp_1-3	Asserted	NA	NA
477	Picnicker Diana2	Picnicker Diana	2	route	Singles	Check Bad Move	2	39	39	FALSE	FALSE	Bellossom:39:UNK:NONE:Hardy:Sweet Scent,Stun Spore,Sunny Day,Petal Blizzard|Dodrio:39:UNK:NONE:Hardy:Double Hit,Agility,Uproar,Swords Dance	0 hp,0 at,0 df,0 sa,0 sd,0 sp|0 hp,0 at,0 df,0 sa,0 sd,0 sp	0|0	hzla_dynamic_calc_imp_1-3	Asserted	NA	NA
478	Picnicker Diana3	Picnicker Diana	3	route	Singles	Check Bad Move	2	39	39	FALSE	FALSE	Bellossom:39:UNK:NONE:Hardy:Sweet Scent,Stun Spore,Sunny Day,Petal Blizzard|Dodrio:39:UNK:NONE:Hardy:Double Hit,Agility,Uproar,Swords Dance	0 hp,0 at,0 df,0 sa,0 sd,0 sp|0 hp,0 at,0 df,0 sa,0 sd,0 sp	0|0	hzla_dynamic_calc_imp_1-3	Asserted	NA	NA
479	Picnicker Diana4	Picnicker Diana	4	route	Singles	Check Bad Move	2	39	39	FALSE	FALSE	Bellossom:39:UNK:NONE:Hardy:Sweet Scent,Stun Spore,Sunny Day,Petal Blizzard|Dodrio:39:UNK:NONE:Hardy:Double Hit,Agility,Uproar,Swords Dance	0 hp,0 at,0 df,0 sa,0 sd,0 sp|0 hp,0 at,0 df,0 sa,0 sd,0 sp	0|0	hzla_dynamic_calc_imp_1-3	Asserted	NA	NA
480	Picnicker Diana5	Picnicker Diana	5	route	Singles	Check Bad Move	2	39	39	FALSE	FALSE	Bellossom:39:UNK:NONE:Hardy:Sweet Scent,Stun Spore,Sunny Day,Petal Blizzard|Dodrio:39:UNK:NONE:Hardy:Double Hit,Agility,Uproar,Swords Dance	0 hp,0 at,0 df,0 sa,0 sd,0 sp|0 hp,0 at,0 df,0 sa,0 sd,0 sp	0|0	hzla_dynamic_calc_imp_1-3	Asserted	NA	NA
481	Twins Amy And Liv	Twins Amy And Liv	1	route	Doubles	Check Bad Move	2	25	25	FALSE	FALSE	Nidoking:25:UNK:NONE:Hardy:Focus Energy,Double Kick,Poison Sting,Chip Away|Nidoqueen:25:UNK:NONE:Hardy:Double Kick,Poison Sting,Sludge,Chip Away	0 hp,0 at,0 df,0 sa,0 sd,0 sp|0 hp,0 at,0 df,0 sa,0 sd,0 sp	0|0	hzla_dynamic_calc_imp_1-3	Asserted	NA	NA
482	Twins Amy And Liv2	Twins Amy And Liv	2	route	Doubles	Check Bad Move	2	25	25	FALSE	FALSE	Nidoking:25:UNK:NONE:Hardy:Focus Energy,Double Kick,Poison Sting,Chip Away|Nidoqueen:25:UNK:NONE:Hardy:Double Kick,Poison Sting,Sludge,Chip Away	0 hp,0 at,0 df,0 sa,0 sd,0 sp|0 hp,0 at,0 df,0 sa,0 sd,0 sp	0|0	hzla_dynamic_calc_imp_1-3	Asserted	NA	NA
483	Twins Gina And Mia	Twins Gina And Mia	1	route	Doubles	Check Bad Move	2	9	9	FALSE	FALSE	Ekans:9:UNK:NONE:Hardy:Wrap,Leer,Poison Sting,Bite|Gossifleur:9:UNK:NONE:Hardy:Leafage,Sing,Rapid Spin,Sweet Scent	0 hp,0 at,0 df,0 sa,0 sd,0 sp|0 hp,0 at,0 df,0 sa,0 sd,0 sp	0|0	hzla_dynamic_calc_imp_1-3	Asserted	NA	NA
484	Twins Miu And Yuki	Twins Miu And Yuki	1	route	Doubles	Check Bad Move	2	56	56	FALSE	FALSE	Espeon:56:UNK:NONE:Hardy:Morning Sun,Psychic,Last Resort,Power Swap|Umbreon:56:UNK:NONE:Hardy:Moonlight,Mean Look,Last Resort,Guard Swap	0 hp,0 at,0 df,0 sa,0 sd,0 sp|0 hp,0 at,0 df,0 sa,0 sd,0 sp	0|0	hzla_dynamic_calc_imp_1-3	Asserted	NA	NA
485	Twins Amy And Liv3	Twins Amy And Liv	3	route	Doubles	Check Bad Move	2	25	25	FALSE	FALSE	Nidoking:25:UNK:NONE:Hardy:Focus Energy,Double Kick,Poison Sting,Chip Away|Nidoqueen:25:UNK:NONE:Hardy:Double Kick,Poison Sting,Sludge,Chip Away	0 hp,0 at,0 df,0 sa,0 sd,0 sp|0 hp,0 at,0 df,0 sa,0 sd,0 sp	0|0	hzla_dynamic_calc_imp_1-3	Asserted	NA	NA
486	Twins Gina And Mia2	Twins Gina And Mia	2	route	Doubles	Check Bad Move	2	9	9	FALSE	FALSE	Ekans:9:UNK:NONE:Hardy:Wrap,Leer,Poison Sting,Bite|Gossifleur:9:UNK:NONE:Hardy:Leafage,Sing,Rapid Spin,Sweet Scent	0 hp,0 at,0 df,0 sa,0 sd,0 sp|0 hp,0 at,0 df,0 sa,0 sd,0 sp	0|0	hzla_dynamic_calc_imp_1-3	Asserted	NA	NA
487	Twins Amy And Liv4	Twins Amy And Liv	4	route	Doubles	Check Bad Move	2	25	25	FALSE	FALSE	Nidoking:25:UNK:NONE:Hardy:Focus Energy,Double Kick,Poison Sting,Chip Away|Nidoqueen:25:UNK:NONE:Hardy:Double Kick,Poison Sting,Sludge,Chip Away	0 hp,0 at,0 df,0 sa,0 sd,0 sp|0 hp,0 at,0 df,0 sa,0 sd,0 sp	0|0	hzla_dynamic_calc_imp_1-3	Asserted	NA	NA
488	Twins Amy And Liv5	Twins Amy And Liv	5	route	Doubles	Check Bad Move	2	25	25	FALSE	FALSE	Nidoking:25:UNK:NONE:Hardy:Focus Energy,Double Kick,Poison Sting,Chip Away|Nidoqueen:25:UNK:NONE:Hardy:Double Kick,Poison Sting,Sludge,Chip Away	0 hp,0 at,0 df,0 sa,0 sd,0 sp|0 hp,0 at,0 df,0 sa,0 sd,0 sp	0|0	hzla_dynamic_calc_imp_1-3	Asserted	NA	NA
489	Twins Amy And Liv6	Twins Amy And Liv	6	route	Doubles	Check Bad Move	2	25	25	FALSE	FALSE	Nidoking:25:UNK:NONE:Hardy:Focus Energy,Double Kick,Poison Sting,Chip Away|Nidoqueen:25:UNK:NONE:Hardy:Double Kick,Poison Sting,Sludge,Chip Away	0 hp,0 at,0 df,0 sa,0 sd,0 sp|0 hp,0 at,0 df,0 sa,0 sd,0 sp	0|0	hzla_dynamic_calc_imp_1-3	Asserted	NA	NA
490	Sailor Huey	Sailor Huey	1	route	Singles	Check Bad Move	2	21	21	TRUE	FALSE	Wingull:21:UNK:NONE:Hardy:Wing Attack,Mist,Water Pulse,Quick Attack|Whiscash:21:UNK:NONE:Hardy:Mud Bomb,Amnesia,Water Pulse,Magnitude	31 hp,31 at,31 df,31 sa,31 sd,31 sp|31 hp,31 at,31 df,31 sa,31 sd,31 sp	0|0	hzla_dynamic_calc_imp_1-3	Asserted	NA	NA
491	Sailor Edmond	Sailor Edmond	1	route	Singles	Check Bad Move	1	22	22	FALSE	FALSE	Octillery:22:UNK:NONE:Hardy:Psybeam,Aurora Beam,Bubble Beam,Focus Energy	0 hp,0 at,0 df,0 sa,0 sd,0 sp	0	hzla_dynamic_calc_imp_1-3	Asserted	NA	NA
492	Sailor Ernest	Sailor Ernest	1	route	Singles	Check Bad Move	2	59	59	FALSE	FALSE	Conkeldurr:59:UNK:NONE:Hardy:Hammer Arm,Stone Edge,Focus Punch,Superpower|Linoone:59:UNK:NONE:Hardy:Double-Edge,Rest,Belly Drum,Fling	0 hp,0 at,0 df,0 sa,0 sd,0 sp|0 hp,0 at,0 df,0 sa,0 sd,0 sp	0|0	hzla_dynamic_calc_imp_1-3	Asserted	NA	NA
493	Sailor Dwayne 6 Badges	Sailor Dwayne 6 Badges	1	route	Singles	Check Bad Move,Try To Faint,Check Viability,Smart Switching,Omniscient	7	0	0	TRUE	TRUE	Silvally-Fire:0:RKS System:Fire Memory:Naive:Multi-Attack,Thunderbolt,Surf,Ice Beam|Silvally-Dragon:0:RKS System:Dragon Memory:Jolly:Multi-Attack,Iron Head,Flame Charge,Swords Dance|Silvally-Fighting:0:RKS System:Fighting Memory:Jolly:Multi-Attack,X-Scissor,Crunch,Rock Slide|Silvally-Poison:0:RKS System:Poison Memory:Hasty:Multi-Attack,Surf,Crunch,Thunderbolt|Silvally-Psychic:0:RKS System:Psychic Memory:Hasty:Multi-Attack,Air Slash,X-Scissor,Parting Shot|Silvally-Rock:0:RKS System:Rock Memory:Naive:Multi-Attack,Surf,Flamethrower,Work Up|Ampharos-Mega:0:Mold Breaker:Ampharosite:Modest:Thunderbolt,Dragon Pulse,Aura Sphere,Agility	31 hp,31 at,31 df,31 sa,31 sd,31 sp|31 hp,31 at,31 df,31 sa,31 sd,31 sp|31 hp,31 at,31 df,31 sa,31 sd,31 sp|31 hp,31 at,31 df,31 sa,31 sd,31 sp|31 hp,31 at,31 df,31 sa,31 sd,31 sp|31 hp,31 at,31 df,31 sa,31 sd,31 sp|31 hp,31 at,31 df,31 sa,31 sd,31 sp	6 at,252 sa,252 sp|6 hp,252 at,252 sp|6 hp,252 at,252 sp|252 at,6 sa,252 sp|252 at,6 sa,252 sp|6 at,252 sa,252 sp|6 hp,252 sa,252 sp	hzla_dynamic_calc_imp_1-3	Asserted	NA	NA
494	Sailor Phillip	Sailor Phillip	1	route	Singles	Check Bad Move	2	44	44	FALSE	FALSE	Tentacruel:44:UNK:NONE:Hardy:Poison Jab,Scald,Screech,Hex|Machoke:44:UNK:NONE:Hardy:Wake-Up Slap,Dual Chop,Submission,Bulk Up	0 hp,0 at,0 df,0 sa,0 sd,0 sp|0 hp,0 at,0 df,0 sa,0 sd,0 sp	0|0	hzla_dynamic_calc_imp_1-3	Asserted	NA	NA
495	Sailor Leonard	Sailor Leonard	1	route	Singles	Check Bad Move	3	43	43	FALSE	FALSE	Machop:43:UNK:NONE:Hardy:Submission,Bulk Up,Cross Chop,Scary Face|Pelipper:43:UNK:NONE:Hardy:Stockpile,Swallow,Spit Up,Roost|Machoke:43:UNK:NONE:Hardy:Wake-Up Slap,Dual Chop,Submission,Bulk Up	0 hp,0 at,0 df,0 sa,0 sd,0 sp|0 hp,0 at,0 df,0 sa,0 sd,0 sp|0 hp,0 at,0 df,0 sa,0 sd,0 sp	0|0|0	hzla_dynamic_calc_imp_1-3	Asserted	NA	NA
496	Sailor Duncan	Sailor Duncan	1	route	Singles	Check Bad Move	2	56	56	FALSE	FALSE	Walrein:56:UNK:NONE:Hardy:Rest,Snore,Snowscape,Blizzard|Machamp:56:UNK:NONE:Hardy:Submission,Bulk Up,Cross Chop,Scary Face	0 hp,0 at,0 df,0 sa,0 sd,0 sp|0 hp,0 at,0 df,0 sa,0 sd,0 sp	0|0	hzla_dynamic_calc_imp_1-3	Asserted	NA	NA
497	Sailor Ernest2	Sailor Ernest	2	route	Singles	Check Bad Move	2	59	59	FALSE	FALSE	Conkeldurr:59:UNK:NONE:Hardy:Hammer Arm,Stone Edge,Focus Punch,Superpower|Linoone:59:UNK:NONE:Hardy:Double-Edge,Rest,Belly Drum,Fling	0 hp,0 at,0 df,0 sa,0 sd,0 sp|0 hp,0 at,0 df,0 sa,0 sd,0 sp	0|0	hzla_dynamic_calc_imp_1-3	Asserted	NA	NA
498	Sailor Ernest3	Sailor Ernest	3	route	Singles	Check Bad Move	2	59	59	FALSE	FALSE	Conkeldurr:59:UNK:NONE:Hardy:Hammer Arm,Stone Edge,Focus Punch,Superpower|Linoone:59:UNK:NONE:Hardy:Double-Edge,Rest,Belly Drum,Fling	0 hp,0 at,0 df,0 sa,0 sd,0 sp|0 hp,0 at,0 df,0 sa,0 sd,0 sp	0|0	hzla_dynamic_calc_imp_1-3	Asserted	NA	NA
499	Sailor Ernest4	Sailor Ernest	4	route	Singles	Check Bad Move	2	59	59	FALSE	FALSE	Conkeldurr:59:UNK:NONE:Hardy:Hammer Arm,Stone Edge,Focus Punch,Superpower|Linoone:59:UNK:NONE:Hardy:Double-Edge,Rest,Belly Drum,Fling	0 hp,0 at,0 df,0 sa,0 sd,0 sp|0 hp,0 at,0 df,0 sa,0 sd,0 sp	0|0	hzla_dynamic_calc_imp_1-3	Asserted	NA	NA
500	Sailor Ernest5	Sailor Ernest	5	route	Singles	Check Bad Move	2	59	59	FALSE	FALSE	Conkeldurr:59:UNK:NONE:Hardy:Hammer Arm,Stone Edge,Focus Punch,Superpower|Linoone:59:UNK:NONE:Hardy:Double-Edge,Rest,Belly Drum,Fling	0 hp,0 at,0 df,0 sa,0 sd,0 sp|0 hp,0 at,0 df,0 sa,0 sd,0 sp	0|0	hzla_dynamic_calc_imp_1-3	Asserted	NA	NA
501	Hiker Eli	Hiker Eli	1	route	Singles	Check Bad Move	1	41	41	FALSE	FALSE	Camerupt:41:UNK:NONE:Hardy:Earth Power,Curse,Take Down,Yawn	0 hp,0 at,0 df,0 sa,0 sd,0 sp	0	hzla_dynamic_calc_imp_1-3	Asserted	NA	NA
502	Pokefan Annika	Pokefan Annika	1	route	Singles	Check Bad Move	2	70	70	FALSE	FALSE	Luvdisc:70:UNK:NONE:Hardy:Soak,Hydro Pump,Safeguard,Moonblast|Wigglytuff:70:UNK:NONE:Hardy:Covet,Alluring Voice,Moonblast,Lovely Kiss	0 hp,0 at,0 df,0 sa,0 sd,0 sp|0 hp,0 at,0 df,0 sa,0 sd,0 sp	0|0	hzla_dynamic_calc_imp_1-3	Asserted	NA	NA
503	Cooltrainer 2 Jazmyn	Cooltrainer 2 Jazmyn	1	route	Singles	Check Bad Move,Try To Faint,Check Viability	1	57	57	FALSE	FALSE	Absol:57:UNK:NONE:Hardy:Sucker Punch,Razor Wind,Future Sight,Perish Song	0 hp,0 at,0 df,0 sa,0 sd,0 sp	0	hzla_dynamic_calc_imp_1-3	Asserted	NA	NA
504	Ninja Boy Jonas	Ninja Boy Jonas	1	route	Singles	Check Bad Move,Try To Faint,Check Viability	2	55	55	FALSE	FALSE	Weezing:55:UNK:NONE:Hardy:Sludge Bomb,Explosion,Destiny Bond,Belch|Weezing-Galar:55:UNK:NONE:Hardy:Sludge Bomb,Toxic,Belch,Explosion	0 hp,0 at,0 df,0 sa,0 sd,0 sp|0 hp,0 at,0 df,0 sa,0 sd,0 sp	0|0	hzla_dynamic_calc_imp_1-3	Asserted	NA	NA
505	Parasol Lady Kayley	Parasol Lady Kayley	1	route	Singles	Check Bad Move	2	56	56	FALSE	FALSE	Tauros:56:UNK:NONE:Hardy:Raging Bull,Zen Headbutt,Swagger,Thrash|Tauros-Paldea-Combat:56:UNK:NONE:Hardy:Rest,Swagger,Thrash,Double-Edge	0 hp,0 at,0 df,0 sa,0 sd,0 sp|0 hp,0 at,0 df,0 sa,0 sd,0 sp	0|0	hzla_dynamic_calc_imp_1-3	Asserted	NA	NA
506	Expert Auron	Expert Auron	1	route	Singles	Check Bad Move	2	59	59	FALSE	FALSE	Bombirdier:59:UNK:NONE:Hardy:Dual Wingbeat,Rock Slide,Knock Off,Parting Shot|Kangaskhan:59:UNK:NONE:Hardy:Endure,Outrage,Sucker Punch,Reversal	0 hp,0 at,0 df,0 sa,0 sd,0 sp|0 hp,0 at,0 df,0 sa,0 sd,0 sp	0|0	hzla_dynamic_calc_imp_1-3	Asserted	NA	NA
507	Sailor Kelvin	Sailor Kelvin	1	route	Singles	Check Bad Move	1	74	74	FALSE	FALSE	Machamp:74:UNK:NONE:Hardy:Cross Chop,Scary Face,Dynamic Punch,Close Combat	0 hp,0 at,0 df,0 sa,0 sd,0 sp	0	hzla_dynamic_calc_imp_1-3	Asserted	NA	NA
508	Cooltrainer Marley	Cooltrainer Marley	1	route	Singles	Check Bad Move,Try To Faint,Check Viability	1	72	72	FALSE	FALSE	Dragonite:72:UNK:NONE:Hardy:Aqua Tail,Dragon Rush,Safeguard,Outrage	0 hp,0 at,0 df,0 sa,0 sd,0 sp	0	hzla_dynamic_calc_imp_1-3	Asserted	NA	NA
509	Battle Girl Reyna	Battle Girl Reyna	1	route	Singles	Check Bad Move	2	72	72	FALSE	FALSE	Lucario:72:UNK:NONE:Hardy:Close Combat,Calm Mind,Dragon Pulse,Final Gambit|Beedrill:72:UNK:NONE:Hardy:Poison Jab,Agility,Endeavor,Fell Stinger	0 hp,0 at,0 df,0 sa,0 sd,0 sp|0 hp,0 at,0 df,0 sa,0 sd,0 sp	0|0	hzla_dynamic_calc_imp_1-3	Asserted	NA	NA
510	Sailor Hudson	Sailor Hudson	1	route	Singles	Check Bad Move	2	72	72	FALSE	FALSE	Kingdra:72:UNK:NONE:Hardy:Dragon Pulse,Dragon Dance,Hydro Pump,Snipe Shot|Kingler:72:UNK:NONE:Hardy:Brine,Crabhammer,Flail,Meteor Mash	0 hp,0 at,0 df,0 sa,0 sd,0 sp|0 hp,0 at,0 df,0 sa,0 sd,0 sp	0|0	hzla_dynamic_calc_imp_1-3	Asserted	NA	NA
511	Expert Conor	Expert Conor	1	route	Singles	Check Bad Move	2	71	71	FALSE	FALSE	Lanturn:71:UNK:NONE:Hardy:Hydro Pump,Ion Deluge,Parabolic Charge,Charge|Stoutland:71:UNK:NONE:Hardy:Reversal,Last Resort,Giga Impact,Play Rough	0 hp,0 at,0 df,0 sa,0 sd,0 sp|0 hp,0 at,0 df,0 sa,0 sd,0 sp	0|0	hzla_dynamic_calc_imp_1-3	Asserted	NA	NA
512	Lvl -2 Collector Edwin	Lvl -2 Collector Edwin	1	route	Singles	Check Bad Move,Try To Faint,Check Viability,Smart Switching,Omniscient	3	-2	-2	TRUE	FALSE	Ludicolo:-2:Own Tempo:Coba Berry:Timid:Mega Drain,Bubble Beam,Aurora Beam,Fake Out|Stoutland:-2:Intimidate:Silk Scarf:Jolly:Retaliate,Crunch,Thunder Fang,Psychic Fangs|Clodsire:-2:Unaware:Black Sludge:Impish:Poison Jab,Bulldoze,Rock Tomb,Recover	31 hp,31 at,31 df,31 sa,31 sd,31 sp|31 hp,31 at,31 df,31 sa,31 sd,31 sp|31 hp,31 at,31 df,31 sa,31 sd,31 sp	0|0|0	hzla_dynamic_calc_imp_1-3	Asserted	NA	NA
513	Collector Hector	Collector Hector	1	route	Singles	Check Bad Move	2	40	40	FALSE	FALSE	Zangoose:40:UNK:NONE:Hardy:False Swipe,Embargo,Detect,Fake Out|Seviper:40:UNK:NONE:Hardy:Poison Jab,Haze,Swords Dance,Crunch	0 hp,0 at,0 df,0 sa,0 sd,0 sp|0 hp,0 at,0 df,0 sa,0 sd,0 sp	0|0	hzla_dynamic_calc_imp_1-3	Asserted	NA	NA
514	Magma Admin Tabitha Mossdeep	Magma Admin Tabitha Mossdeep	1	admin	Singles	Check Bad Move	3	36	40	FALSE	FALSE	Camerupt:36:UNK:NONE:Hardy:Lava Plume,Earth Power,Curse,Take Down|Mightyena:38:UNK:NONE:Hardy:Assurance,Scary Face,Crunch,Taunt|Golbat:40:UNK:NONE:Hardy:Poison Fang,Leech Life,Dual Wingbeat,Haze	12 hp,12 at,12 df,12 sa,12 sd,12 sp|12 hp,12 at,12 df,12 sa,12 sd,12 sp|12 hp,12 at,12 df,12 sa,12 sd,12 sp	0|0|0	hzla_dynamic_calc_imp_1-3	Asserted	7	bounded
515	Lvl -2 Collector Edwin2	Lvl -2 Collector Edwin	2	route	Singles	Check Bad Move	3	-2	-2	TRUE	TRUE	Ludicolo:-2:Own Tempo:Coba Berry:Timid:Mega Drain,Bubble Beam,Aurora Beam,Fake Out|Stoutland:-2:Intimidate:Silk Scarf:Jolly:Retaliate,Crunch,Thunder Fang,Psychic Fangs|Clodsire:-2:Unaware:Black Sludge:Impish:Poison Jab,Bulldoze,Rock Tomb,Recover	31 hp,31 at,31 df,31 sa,31 sd,31 sp|31 hp,31 at,31 df,31 sa,31 sd,31 sp|31 hp,31 at,31 df,31 sa,31 sd,31 sp	180 sa,180 sp|180 at,180 sp|180 hp,180 df	hzla_dynamic_calc_imp_1-3	Asserted	NA	NA
516	Lvl -2 Collector Edwin3	Lvl -2 Collector Edwin	3	route	Singles	Check Bad Move	3	-2	-2	TRUE	TRUE	Ludicolo:-2:Own Tempo:Coba Berry:Timid:Mega Drain,Bubble Beam,Aurora Beam,Fake Out|Stoutland:-2:Intimidate:Silk Scarf:Jolly:Retaliate,Crunch,Thunder Fang,Psychic Fangs|Clodsire:-2:Unaware:Black Sludge:Impish:Poison Jab,Bulldoze,Rock Tomb,Recover	31 hp,31 at,31 df,31 sa,31 sd,31 sp|31 hp,31 at,31 df,31 sa,31 sd,31 sp|31 hp,31 at,31 df,31 sa,31 sd,31 sp	180 sa,180 sp|180 at,180 sp|180 hp,180 df	hzla_dynamic_calc_imp_1-3	Asserted	NA	NA
517	Lvl -2 Collector Edwin4	Lvl -2 Collector Edwin	4	route	Singles	Check Bad Move	3	-2	-2	TRUE	TRUE	Ludicolo:-2:Own Tempo:Coba Berry:Timid:Mega Drain,Bubble Beam,Aurora Beam,Fake Out|Stoutland:-2:Intimidate:Silk Scarf:Jolly:Retaliate,Crunch,Thunder Fang,Psychic Fangs|Clodsire:-2:Unaware:Black Sludge:Impish:Poison Jab,Bulldoze,Rock Tomb,Recover	31 hp,31 at,31 df,31 sa,31 sd,31 sp|31 hp,31 at,31 df,31 sa,31 sd,31 sp|31 hp,31 at,31 df,31 sa,31 sd,31 sp	180 sa,180 sp|180 at,180 sp|180 hp,180 df	hzla_dynamic_calc_imp_1-3	Asserted	NA	NA
518	Lvl -2 Collector Edwin5	Lvl -2 Collector Edwin	5	route	Singles	Check Bad Move	3	-2	-2	TRUE	TRUE	Ludicolo:-2:Own Tempo:Coba Berry:Timid:Mega Drain,Bubble Beam,Aurora Beam,Fake Out|Stoutland:-2:Intimidate:Silk Scarf:Jolly:Retaliate,Crunch,Thunder Fang,Psychic Fangs|Clodsire:-2:Unaware:Black Sludge:Impish:Poison Jab,Bulldoze,Rock Tomb,Recover	31 hp,31 at,31 df,31 sa,31 sd,31 sp|31 hp,31 at,31 df,31 sa,31 sd,31 sp|31 hp,31 at,31 df,31 sa,31 sd,31 sp	180 sa,180 sp|180 at,180 sp|180 hp,180 df	hzla_dynamic_calc_imp_1-3	Asserted	NA	NA
519	Rival Wally Vr	Rival Wally Vr	1	rival	Singles	Check Bad Move,Try To Faint,Check Viability,Smart Switching,Omniscient	7	84	84	TRUE	TRUE	Sneasler:84:Poison Touch:Focus Sash:Jolly:Fake Out,Dire Claw,Close Combat,Rock Slide|Shaymin-Sky:84:Serene Grace:Choice Specs:Timid:Air Slash,Seed Flare,Earth Power,Psychic|Celesteela:84:Beast Boost:Power Herb:Modest:Air Slash,Flash Cannon,Meteor Beam,Flamethrower|Darmanitan:84:Sheer Force:Life Orb:Jolly:Flare Blitz,Rock Slide,Earthquake,Superpower|Raging Bolt:84:Protosynthesis:Booster Energy:Timid:Dragon Pulse,Thunderclap,Thunderbolt,Hyper Voice|Gardevoir:84:Trace:Gardevoirite:Timid:Hyper Voice,Psychic,Focus Blast,Calm Mind|Gardevoir-Mega:84:Pixilate:Gardevoirite:Timid:Hyper Voice,Psychic,Focus Blast,Calm Mind	31 hp,31 at,31 df,31 sa,31 sd,31 sp|31 hp,31 at,31 df,31 sa,31 sd,31 sp|31 hp,31 at,31 df,31 sa,31 sd,31 sp|31 hp,31 at,31 df,31 sa,31 sd,31 sp|31 hp,31 at,31 df,31 sa,31 sd,31 sp|31 hp,31 at,31 df,31 sa,31 sd,31 sp|31 hp,31 at,31 df,31 sa,31 sd,31 sp	6 hp,252 at,252 sp|6 hp,252 sa,252 sp|6 hp,252 sa,252 sp|6 hp,252 at,252 sp|6 hp,252 sa,252 sp|6 hp,252 sa,252 sp|6 hp,252 sa,252 sp	hzla_dynamic_calc_imp_1-3	Asserted	18	exact
520	Rival Brendan Route 103 Mudkip	Rival Brendan Route 103 Mudkip	1	rival	Singles	Check Bad Move,Try To Faint,Check Viability	1	5	5	FALSE	FALSE	Treecko:5:UNK:NONE:Hardy:Pound,Leer	0 hp,0 at,0 df,0 sa,0 sd,0 sp	0	hzla_dynamic_calc_imp_1-3	Asserted	1	bounded
521	Rival Brendan Route 110 Mudkip	Rival Brendan Route 110 Mudkip	1	rival	Singles	Check Bad Move,Try To Faint,Check Viability,Smart Switching,Omniscient	5	-1	0	TRUE	TRUE	Crobat:-1:Sniper:Muscle Band:Jolly:Dual Wingbeat,Cross Poison,Bite,U-turn|Dragonair:-1:Shed Skin:Eviolite:Impish:Dragon Tail,Dragon Rage,Body Slam,Thunder Wave|Gorebyss:-1:Dazzling:Sitrus Berry:Modest:Aurora Beam,Water Pulse,Draining Kiss,Psychic|Kubfu:-2:Inner Focus:Punching Glove:Adamant:Drain Punch,Fire Punch,Thunder Punch,Ice Punch|Grovyle:0:Overgrow:Focus Sash:Jolly:Leaf Blade,Rock Slide,Power-Up Punch,Low Sweep	31 hp,31 at,31 df,31 sa,31 sd,31 sp|31 hp,31 at,31 df,31 sa,31 sd,31 sp|31 hp,31 at,31 df,31 sa,31 sd,31 sp|31 hp,31 at,31 df,31 sa,31 sd,31 sp|31 hp,31 at,31 df,31 sa,31 sd,31 sp	0|0|0|0|80 sp	hzla_dynamic_calc_imp_1-3	Asserted	DYNAMIC	player_relative
522	Rival Brendan Route 119 Mudkip	Rival Brendan Route 119 Mudkip	1	rival	Singles	Check Bad Move,Try To Faint,Check Viability,Smart Switching,Omniscient	7	64	64	TRUE	TRUE	Crobat:64:Sniper:Scope Lens:Jolly:Brave Bird,Cross Poison,Leech Life,U-turn|Dragonite:64:Multiscale:Lum Berry:Jolly:Dual Wingbeat,Dragon Claw,Iron Head,Dragon Dance|Gorebyss:64:Dazzling:White Herb:Modest:Ice Beam,Surf,Moonblast,Shell Smash|Urshifu:64:Unseen Fist:Expert Belt:Jolly:Drain Punch,Wicked Blow,Sucker Punch,Ice Punch|Armarouge:64:Mega Launcher:Life Orb:Modest:Armor Cannon,Aura Sphere,Psychic,Shadow Ball|Sceptile:64:Overgrow:Sceptilite:Jolly:Dual Chop,Bullet Seed,Earthquake,Swords Dance|Sceptile-Mega:64:Technician:Sceptilite:Jolly:Dual Chop,Bullet Seed,Earthquake,Swords Dance	31 hp,31 at,31 df,31 sa,31 sd,31 sp|31 hp,31 at,31 df,31 sa,31 sd,31 sp|31 hp,31 at,31 df,31 sa,31 sd,31 sp|31 hp,31 at,31 df,31 sa,31 sd,31 sp|31 hp,31 at,31 df,31 sa,31 sd,31 sp|31 hp,31 at,31 df,31 sa,31 sd,31 sp|31 hp,31 at,31 df,31 sa,31 sd,31 sp	6 hp,252 at,252 sp|6 hp,252 at,252 sp|6 hp,252 sa,252 sp|6 hp,252 at,252 sp|6 hp,252 sa,252 sp|6 hp,252 at,252 sp|6 hp,252 at,252 sp	hzla_dynamic_calc_imp_1-3	Asserted	11	exact
523	Rival Brendan Route 103 Treecko	Rival Brendan Route 103 Treecko	1	rival	Singles	Check Bad Move,Try To Faint,Force Setup First Turn	1	5	5	FALSE	FALSE	Torchic:5:UNK:NONE:Hardy:Scratch,Growl	0 hp,0 at,0 df,0 sa,0 sd,0 sp	0	hzla_dynamic_calc_imp_1-3	Asserted	1	bounded
524	Rival Brendan Route 110 Treecko	Rival Brendan Route 110 Treecko	1	rival	Singles	Check Bad Move,Try To Faint,Check Viability,Smart Switching,Omniscient	5	-1	0	TRUE	TRUE	Crobat:-1:Sniper:Muscle Band:Jolly:Dual Wingbeat,Cross Poison,Bite,U-turn|Metang:-1:Tough Claws:Eviolite:Impish:Metal Claw,Bullet Punch,Zen Headbutt,Bulldoze|Whimsicott:-1:Prankster:Sitrus Berry:Timid:Giga Drain,Stun Spore,Leech Seed,Dazzling Gleam|Kubfu:-2:Inner Focus:Punching Glove:Adamant:Drain Punch,Fire Punch,Thunder Punch,Ice Punch|Combusken:0:Blaze:Focus Sash:Modest:Flame Burst,Scorching Sands,Quick Attack,Counter	31 hp,31 at,31 df,31 sa,31 sd,31 sp|31 hp,31 at,31 df,31 sa,31 sd,31 sp|31 hp,31 at,31 df,31 sa,31 sd,31 sp|31 hp,31 at,31 df,31 sa,31 sd,31 sp|31 hp,31 at,31 df,31 sa,31 sd,31 sp	0|0|0|0|80 sp	hzla_dynamic_calc_imp_1-3	Asserted	DYNAMIC	player_relative
525	Rival Brendan Route 119 Treecko	Rival Brendan Route 119 Treecko	1	rival	Singles	Check Bad Move,Try To Faint,Check Viability,Smart Switching,Omniscient	7	64	64	TRUE	TRUE	Crobat:64:Sniper:Scope Lens:Jolly:Brave Bird,Cross Poison,Leech Life,U-turn|Metagross:64:Tough Claws:Air Balloon:Adamant:Meteor Mash,Bullet Punch,Zen Headbutt,Earthquake|Whimsicott:64:Prankster:Leftovers:Timid:Giga Drain,Stun Spore,Leech Seed,Moonblast|Urshifu:64:Unseen Fist:Expert Belt:Jolly:Drain Punch,Wicked Blow,Sucker Punch,Ice Punch|Basculegion-F:64:Adaptability:Life Orb:Modest:Scald,Ice Beam,Psychic,Shadow Ball|Blaziken:64:Striker:Blazikenite:Jolly:Blaze Kick,Thunderous Kick,Thunder Punch,Bulk Up|Blaziken-Mega:64:Striker:Blazikenite:Jolly:Blaze Kick,Thunderous Kick,Thunder Punch,Bulk Up	31 hp,31 at,31 df,31 sa,31 sd,31 sp|31 hp,31 at,31 df,31 sa,31 sd,31 sp|31 hp,31 at,31 df,31 sa,31 sd,31 sp|31 hp,31 at,31 df,31 sa,31 sd,31 sp|31 hp,31 at,31 df,31 sa,31 sd,31 sp|31 hp,31 at,31 df,31 sa,31 sd,31 sp|31 hp,31 at,31 df,31 sa,31 sd,31 sp	6 hp,252 at,252 sp|6 hp,252 at,252 sp|6 hp,252 sa,252 sp|6 hp,252 at,252 sp|6 hp,252 sa,252 sp|6 hp,252 at,252 sp|6 hp,252 at,252 sp	hzla_dynamic_calc_imp_1-3	Asserted	11	exact
526	Rival Brendan Route 103 Torchic	Rival Brendan Route 103 Torchic	1	rival	Singles	Check Bad Move,Try To Faint,Check Viability	1	5	5	FALSE	FALSE	Mudkip:5:UNK:NONE:Hardy:Tackle,Growl	0 hp,0 at,0 df,0 sa,0 sd,0 sp	0	hzla_dynamic_calc_imp_1-3	Asserted	1	bounded
527	Rival Brendan Route 110 Torchic	Rival Brendan Route 110 Torchic	1	rival	Singles	Check Bad Move,Try To Faint,Check Viability,Smart Switching,Omniscient	5	-1	0	TRUE	TRUE	Crobat:-1:Sniper:Muscle Band:Jolly:Dual Wingbeat,Cross Poison,Bite,U-turn|Sliggoo-Hisui:-1:Sap Sipper:Eviolite:Calm:Dragon Breath,Flash Cannon,Water Pulse,Life Dew|Rapidash-Galar:-1:Immunity:Sitrus Berry:Jolly:Flame Wheel,Will-O-Wisp,Covet,Quick Attack|Kubfu:-2:Inner Focus:Punching Glove:Adamant:Drain Punch,Fire Punch,Thunder Punch,Ice Punch|Marshtomp:0:Torrent:Focus Sash:Brave:Bulldoze,Rock Slide,Liquidation,Flip Turn	31 hp,31 at,31 df,31 sa,31 sd,31 sp|31 hp,31 at,31 df,31 sa,31 sd,31 sp|31 hp,31 at,31 df,31 sa,31 sd,31 sp|31 hp,31 at,31 df,31 sa,31 sd,31 sp|31 hp,31 at,31 df,31 sa,31 sd,31 sp	0|0|0|0|80 at	hzla_dynamic_calc_imp_1-3	Asserted	DYNAMIC	player_relative
528	Rival Brendan Route 119 Torchic	Rival Brendan Route 119 Torchic	1	rival	Singles	Check Bad Move,Try To Faint,Check Viability,Smart Switching,Omniscient	7	64	64	TRUE	TRUE	Crobat:64:Sniper:Scope Lens:Jolly:Brave Bird,Cross Poison,Leech Life,U-turn|Goodra-Hisui:64:Sap Sipper:Leftovers:Calm:Dragon Pulse,Flash Cannon,Wish,Toxic|Rapidash-Galar:64:Flash Fire:Air Balloon:Jolly:Fire Lash,Will-O-Wisp,Play Rough,Wild Charge|Urshifu:64:Unseen Fist:Expert Belt:Jolly:Drain Punch,Wicked Blow,Sucker Punch,Ice Punch|Electrode-Hisui:64:Reckless:Life Orb:Modest:Chloroblast,Thunderbolt,Volt Switch,Flash Cannon|Swampert:64:Torrent:Swampertite:Adamant:Liquidation,Earthquake,Power-Up Punch,Avalanche|Swampert-Mega:64:Swift Swim:Swampertite:Adamant:Liquidation,Earthquake,Power-Up Punch,Avalanche	31 hp,31 at,31 df,31 sa,31 sd,31 sp|31 hp,31 at,31 df,31 sa,31 sd,31 sp|31 hp,31 at,31 df,31 sa,31 sd,31 sp|31 hp,31 at,31 df,31 sa,31 sd,31 sp|31 hp,31 at,31 df,31 sa,31 sd,31 sp|31 hp,31 at,31 df,31 sa,31 sd,31 sp|31 hp,31 at,31 df,31 sa,31 sd,31 sp	6 hp,252 at,252 sp|252 hp,6 sa,252 sd|6 hp,252 at,252 sp|6 hp,252 at,252 sp|6 hp,252 sa,252 sp|6 hp,252 at,252 sp|6 hp,252 at,252 sp	hzla_dynamic_calc_imp_1-3	Asserted	11	exact
529	Rival May Route 103 Mudkip	Rival May Route 103 Mudkip	1	rival	Singles	Check Bad Move,Try To Faint,Check Viability	1	5	5	FALSE	FALSE	Treecko:5:UNK:NONE:Hardy:Pound,Leer	0 hp,0 at,0 df,0 sa,0 sd,0 sp	0	hzla_dynamic_calc_imp_1-3	Asserted	1	bounded
530	Rival May Route 110 Mudkip	Rival May Route 110 Mudkip	1	rival	Singles	Check Bad Move,Try To Faint,Check Viability,Smart Switching,Omniscient	5	-1	0	TRUE	TRUE	Crobat:-1:Sniper:Muscle Band:Jolly:Dual Wingbeat,Cross Poison,Bite,U-turn|Dragonair:-1:Shed Skin:Eviolite:Impish:Dragon Tail,Dragon Rage,Body Slam,Thunder Wave|Gorebyss:-1:Dazzling:Sitrus Berry:Modest:Aurora Beam,Water Pulse,Draining Kiss,Psychic|Kubfu:-2:Inner Focus:Punching Glove:Adamant:Drain Punch,Fire Punch,Thunder Punch,Ice Punch|Grovyle:0:Overgrow:Focus Sash:Jolly:Leaf Blade,Rock Slide,Power-Up Punch,Low Sweep	31 hp,31 at,31 df,31 sa,31 sd,31 sp|31 hp,31 at,31 df,31 sa,31 sd,31 sp|31 hp,31 at,31 df,31 sa,31 sd,31 sp|31 hp,31 at,31 df,31 sa,31 sd,31 sp|31 hp,31 at,31 df,31 sa,31 sd,31 sp	0|0|0|0|80 sp	hzla_dynamic_calc_imp_1-3	Asserted	DYNAMIC	player_relative
531	Rival May Route 119 Mudkip	Rival May Route 119 Mudkip	1	rival	Singles	Check Bad Move,Try To Faint,Check Viability,Omniscient	7	64	64	TRUE	TRUE	Crobat:64:Sniper:Scope Lens:Jolly:Brave Bird,Cross Poison,Leech Life,U-turn|Dragonite:64:Multiscale:Lum Berry:Jolly:Dual Wingbeat,Dragon Claw,Iron Head,Dragon Dance|Gorebyss:64:Dazzling:White Herb:Modest:Ice Beam,Surf,Moonblast,Shell Smash|Urshifu:64:Unseen Fist:Expert Belt:Jolly:Drain Punch,Wicked Blow,Sucker Punch,Ice Punch|Armarouge:64:Mega Launcher:Life Orb:Modest:Armor Cannon,Aura Sphere,Psychic,Shadow Ball|Sceptile:64:Overgrow:Sceptilite:Jolly:Dual Chop,Bullet Seed,Earthquake,Swords Dance|Sceptile-Mega:64:Technician:Sceptilite:Jolly:Dual Chop,Bullet Seed,Earthquake,Swords Dance	31 hp,31 at,31 df,31 sa,31 sd,31 sp|31 hp,31 at,31 df,31 sa,31 sd,31 sp|31 hp,31 at,31 df,31 sa,31 sd,31 sp|31 hp,31 at,31 df,31 sa,31 sd,31 sp|31 hp,31 at,31 df,31 sa,31 sd,31 sp|31 hp,31 at,31 df,31 sa,31 sd,31 sp|31 hp,31 at,31 df,31 sa,31 sd,31 sp	6 hp,252 at,252 sp|6 hp,252 at,252 sp|6 hp,252 sa,252 sp|6 hp,252 at,252 sp|6 hp,252 sa,252 sp|6 hp,252 at,252 sp|6 hp,252 at,252 sp	hzla_dynamic_calc_imp_1-3	Asserted	11	exact
532	Rival May Route 103 Treecko	Rival May Route 103 Treecko	1	rival	Singles	Check Bad Move,Try To Faint,Check Viability	1	5	5	FALSE	FALSE	Torchic:5:UNK:NONE:Hardy:Scratch,Growl	0 hp,0 at,0 df,0 sa,0 sd,0 sp	0	hzla_dynamic_calc_imp_1-3	Asserted	1	bounded
533	Rival May Route 110 Treecko	Rival May Route 110 Treecko	1	rival	Singles	Check Bad Move,Try To Faint,Check Viability,Smart Switching,Omniscient	5	-1	0	TRUE	TRUE	Crobat:-1:Sniper:Muscle Band:Jolly:Dual Wingbeat,Cross Poison,Bite,U-turn|Metang:-1:Tough Claws:Eviolite:Impish:Metal Claw,Bullet Punch,Zen Headbutt,Bulldoze|Whimsicott:-1:Prankster:Sitrus Berry:Timid:Giga Drain,Stun Spore,Leech Seed,Dazzling Gleam|Kubfu:-2:Inner Focus:Punching Glove:Adamant:Drain Punch,Fire Punch,Thunder Punch,Ice Punch|Combusken:0:Blaze:Focus Sash:Modest:Flame Burst,Scorching Sands,Quick Attack,Counter	31 hp,31 at,31 df,31 sa,31 sd,31 sp|31 hp,31 at,31 df,31 sa,31 sd,31 sp|31 hp,31 at,31 df,31 sa,31 sd,31 sp|31 hp,31 at,31 df,31 sa,31 sd,31 sp|31 hp,31 at,31 df,31 sa,31 sd,31 sp	0|0|0|0|80 sp	hzla_dynamic_calc_imp_1-3	Asserted	DYNAMIC	player_relative
534	Rival May Route 119 Treecko	Rival May Route 119 Treecko	1	rival	Singles	Check Bad Move,Try To Faint,Check Viability,Smart Switching,Omniscient	7	64	64	TRUE	TRUE	Crobat:64:Sniper:Scope Lens:Jolly:Brave Bird,Cross Poison,Leech Life,U-turn|Metagross:64:Tough Claws:Air Balloon:Adamant:Meteor Mash,Bullet Punch,Zen Headbutt,Earthquake|Whimsicott:64:Prankster:Leftovers:Timid:Giga Drain,Stun Spore,Leech Seed,Moonblast|Urshifu:64:Unseen Fist:Expert Belt:Jolly:Drain Punch,Wicked Blow,Sucker Punch,Ice Punch|Basculegion-F:64:Adaptability:Life Orb:Modest:Scald,Ice Beam,Psychic,Shadow Ball|Blaziken:64:Striker:Blazikenite:Jolly:Blaze Kick,Thunderous Kick,Thunder Punch,Bulk Up|Blaziken-Mega:64:Striker:Blazikenite:Jolly:Blaze Kick,Thunderous Kick,Thunder Punch,Bulk Up	31 hp,31 at,31 df,31 sa,31 sd,31 sp|31 hp,31 at,31 df,31 sa,31 sd,31 sp|31 hp,31 at,31 df,31 sa,31 sd,31 sp|31 hp,31 at,31 df,31 sa,31 sd,31 sp|31 hp,31 at,31 df,31 sa,31 sd,31 sp|31 hp,31 at,31 df,31 sa,31 sd,31 sp|31 hp,31 at,31 df,31 sa,31 sd,31 sp	6 hp,252 at,252 sp|6 hp,252 at,252 sp|6 hp,252 sa,252 sp|6 hp,252 at,252 sp|6 hp,252 sa,252 sp|6 hp,252 at,252 sp|6 hp,252 at,252 sp	hzla_dynamic_calc_imp_1-3	Asserted	11	exact
535	Rival May Route 103 Torchic	Rival May Route 103 Torchic	1	rival	Singles	Check Bad Move,Try To Faint,Check Viability	1	5	5	FALSE	FALSE	Mudkip:5:UNK:NONE:Hardy:Tackle,Growl	0 hp,0 at,0 df,0 sa,0 sd,0 sp	0	hzla_dynamic_calc_imp_1-3	Asserted	1	bounded
536	Rival May Route 110 Torchic	Rival May Route 110 Torchic	1	rival	Singles	Check Bad Move,Try To Faint,Check Viability,Smart Switching,Omniscient	5	-1	0	TRUE	TRUE	Crobat:-1:Sniper:Muscle Band:Jolly:Dual Wingbeat,Cross Poison,Bite,U-turn|Sliggoo-Hisui:-1:Sap Sipper:Eviolite:Calm:Dragon Breath,Flash Cannon,Water Pulse,Life Dew|Rapidash-Galar:-1:Immunity:Sitrus Berry:Jolly:Flame Wheel,Will-O-Wisp,Covet,Quick Attack|Kubfu:-2:Inner Focus:Punching Glove:Adamant:Drain Punch,Fire Punch,Thunder Punch,Ice Punch|Marshtomp:0:Torrent:Focus Sash:Brave:Bulldoze,Rock Slide,Liquidation,Flip Turn	31 hp,31 at,31 df,31 sa,31 sd,31 sp|31 hp,31 at,31 df,31 sa,31 sd,31 sp|31 hp,31 at,31 df,31 sa,31 sd,31 sp|31 hp,31 at,31 df,31 sa,31 sd,31 sp|31 hp,31 at,31 df,31 sa,31 sd,31 sp	0|0|0|0|80 at	hzla_dynamic_calc_imp_1-3	Asserted	DYNAMIC	player_relative
537	Rival May Route 119 Torchic	Rival May Route 119 Torchic	1	rival	Singles	Check Bad Move,Try To Faint,Check Viability,Smart Switching,Omniscient	7	64	64	TRUE	TRUE	Crobat:64:Sniper:Scope Lens:Jolly:Brave Bird,Cross Poison,Leech Life,U-turn|Goodra-Hisui:64:Sap Sipper:Leftovers:Calm:Dragon Pulse,Flash Cannon,Wish,Toxic|Rapidash-Galar:64:Flash Fire:Air Balloon:Jolly:Fire Lash,Will-O-Wisp,Play Rough,Wild Charge|Urshifu:64:Unseen Fist:Expert Belt:Jolly:Drain Punch,Wicked Blow,Sucker Punch,Ice Punch|Electrode-Hisui:64:Reckless:Life Orb:Modest:Chloroblast,Thunderbolt,Volt Switch,Flash Cannon|Swampert:64:Torrent:Swampertite:Adamant:Liquidation,Earthquake,Power-Up Punch,Avalanche|Swampert-Mega:64:Swift Swim:Swampertite:Adamant:Liquidation,Earthquake,Power-Up Punch,Avalanche	31 hp,31 at,31 df,31 sa,31 sd,31 sp|31 hp,31 at,31 df,31 sa,31 sd,31 sp|31 hp,31 at,31 df,31 sa,31 sd,31 sp|31 hp,31 at,31 df,31 sa,31 sd,31 sp|31 hp,31 at,31 df,31 sa,31 sd,31 sp|31 hp,31 at,31 df,31 sa,31 sd,31 sp|31 hp,31 at,31 df,31 sa,31 sd,31 sp	6 hp,252 at,252 sp|252 hp,6 sa,252 sd|6 hp,252 at,252 sp|6 hp,252 at,252 sp|6 hp,252 sa,252 sp|6 hp,252 at,252 sp|6 hp,252 at,252 sp	hzla_dynamic_calc_imp_1-3	Asserted	11	exact
538	Lvl -4 Pkmn Breeder Ezekiel	Lvl -4 Pkmn Breeder Ezekiel	1	route	Singles	Check Bad Move,Try To Faint,Check Viability,Smart Switching,Omniscient	5	-4	-4	TRUE	TRUE	Loudred:-4:Punk Rock:Throat Spray:Modest:Hyper Voice,Shock Wave,Water Pulse,Shadow Ball|Pignite:-4:Thick Fat:Muscle Band:Adamant:Brick Break,Fire Punch,Sucker Punch,Flame Charge|Orbeetle:-4:Swarm:Sitrus Berry:Calm:Signal Beam,Psyshock,Confuse Ray,Giga Drain|Flamigo:-4:Scrappy:Fighting Gem:Jolly:Jump Kick,Acrobatics,Roost,Facade|Spiritomb:-4:Intimidate:Sitrus Berry:Relaxed:Dark Pulse,Hex,Shadow Sneak,Will-O-Wisp	31 hp,31 at,31 df,31 sa,31 sd,31 sp|31 hp,31 at,31 df,31 sa,31 sd,31 sp|31 hp,31 at,31 df,31 sa,31 sd,31 sp|31 hp,31 at,31 df,31 sa,31 sd,31 sp|31 hp,31 at,31 df,31 sa,31 sd,31 sp	6 hp,252 sa,252 sp|6 hp,252 at,252 sp|252 hp,6 sa,252 sd|6 hp,252 at,252 sp|252 hp,252 df,6 sa	hzla_dynamic_calc_imp_1-3	Asserted	NA	NA
539	Bug Catcher Davis	Bug Catcher Davis	1	route	Singles	Check Bad Move	1	57	57	FALSE	FALSE	Pinsir:57:UNK:NONE:Hardy:Thrash,Superpower,Slash,Swords Dance	0 hp,0 at,0 df,0 sa,0 sd,0 sp	0	hzla_dynamic_calc_imp_1-3	Asserted	NA	NA
540	Pkmn Breeder Mitchell	Pkmn Breeder Mitchell	1	route	Singles	Check Bad Move,Try To Faint,Check Viability	2	75	75	FALSE	FALSE	Lokix:75:UNK:NONE:Hardy:Sucker Punch,First Impression,Bounce,Axe Kick|Druddigon:75:UNK:NONE:Hardy:Rock Climb,Superpower,Outrage,Dragon Hammer	0 hp,0 at,0 df,0 sa,0 sd,0 sp|0 hp,0 at,0 df,0 sa,0 sd,0 sp	0|0	hzla_dynamic_calc_imp_1-3	Asserted	NA	NA
541	Lvl -4 Pkmn Breeder Ezekiel2	Lvl -4 Pkmn Breeder Ezekiel	2	route	Singles	Check Bad Move	5	-4	-4	TRUE	TRUE	Loudred:-4:Punk Rock:Throat Spray:Modest:Hyper Voice,Shock Wave,Water Pulse,Shadow Ball|Pignite:-4:Thick Fat:Muscle Band:Adamant:Brick Break,Fire Punch,Sucker Punch,Flame Charge|Orbeetle:-4:Swarm:Sitrus Berry:Calm:Signal Beam,Psyshock,Confuse Ray,Giga Drain|Flamigo:-4:Scrappy:Fighting Gem:Jolly:Jump Kick,Acrobatics,Roost,Facade|Spiritomb:-4:Intimidate:Sitrus Berry:Relaxed:Dark Pulse,Hex,Shadow Sneak,Will-O-Wisp	31 hp,31 at,31 df,31 sa,31 sd,31 sp|31 hp,31 at,31 df,31 sa,31 sd,31 sp|31 hp,31 at,31 df,31 sa,31 sd,31 sp|31 hp,31 at,31 df,31 sa,31 sd,31 sp|31 hp,31 at,31 df,31 sa,31 sd,31 sp	6 hp,252 sa,252 sp|6 hp,252 at,252 sp|252 hp,6 sa,252 sd|6 hp,252 at,252 sp|252 hp,252 df,6 sa	hzla_dynamic_calc_imp_1-3	Asserted	NA	NA
542	Lvl -4 Pkmn Breeder Ezekiel3	Lvl -4 Pkmn Breeder Ezekiel	3	route	Singles	Check Bad Move	5	-4	-4	TRUE	TRUE	Loudred:-4:Punk Rock:Throat Spray:Modest:Hyper Voice,Shock Wave,Water Pulse,Shadow Ball|Pignite:-4:Thick Fat:Muscle Band:Adamant:Brick Break,Fire Punch,Sucker Punch,Flame Charge|Orbeetle:-4:Swarm:Sitrus Berry:Calm:Signal Beam,Psyshock,Confuse Ray,Giga Drain|Flamigo:-4:Scrappy:Fighting Gem:Jolly:Jump Kick,Acrobatics,Roost,Facade|Spiritomb:-4:Intimidate:Sitrus Berry:Relaxed:Dark Pulse,Hex,Shadow Sneak,Will-O-Wisp	31 hp,31 at,31 df,31 sa,31 sd,31 sp|31 hp,31 at,31 df,31 sa,31 sd,31 sp|31 hp,31 at,31 df,31 sa,31 sd,31 sp|31 hp,31 at,31 df,31 sa,31 sd,31 sp|31 hp,31 at,31 df,31 sa,31 sd,31 sp	6 hp,252 sa,252 sp|6 hp,252 at,252 sp|252 hp,6 sa,252 sd|6 hp,252 at,252 sp|252 hp,252 df,6 sa	hzla_dynamic_calc_imp_1-3	Asserted	NA	NA
543	Lvl -4 Pkmn Breeder Ezekiel4	Lvl -4 Pkmn Breeder Ezekiel	4	route	Singles	Check Bad Move	5	-4	-4	TRUE	TRUE	Loudred:-4:Punk Rock:Throat Spray:Modest:Hyper Voice,Shock Wave,Water Pulse,Shadow Ball|Pignite:-4:Thick Fat:Muscle Band:Adamant:Brick Break,Fire Punch,Sucker Punch,Flame Charge|Orbeetle:-4:Swarm:Sitrus Berry:Calm:Signal Beam,Psyshock,Confuse Ray,Giga Drain|Flamigo:-4:Scrappy:Fighting Gem:Jolly:Jump Kick,Acrobatics,Roost,Facade|Spiritomb:-4:Intimidate:Sitrus Berry:Relaxed:Dark Pulse,Hex,Shadow Sneak,Will-O-Wisp	31 hp,31 at,31 df,31 sa,31 sd,31 sp|31 hp,31 at,31 df,31 sa,31 sd,31 sp|31 hp,31 at,31 df,31 sa,31 sd,31 sp|31 hp,31 at,31 df,31 sa,31 sd,31 sp|31 hp,31 at,31 df,31 sa,31 sd,31 sp	6 hp,252 sa,252 sp|6 hp,252 at,252 sp|252 hp,6 sa,252 sd|6 hp,252 at,252 sp|252 hp,252 df,6 sa	hzla_dynamic_calc_imp_1-3	Asserted	NA	NA
544	Lvl -4 Pkmn Breeder Ezekiel5	Lvl -4 Pkmn Breeder Ezekiel	5	route	Singles	Check Bad Move	5	-4	-4	TRUE	TRUE	Loudred:-4:Punk Rock:Throat Spray:Modest:Hyper Voice,Shock Wave,Water Pulse,Shadow Ball|Pignite:-4:Thick Fat:Muscle Band:Adamant:Brick Break,Fire Punch,Sucker Punch,Flame Charge|Orbeetle:-4:Swarm:Sitrus Berry:Calm:Signal Beam,Psyshock,Confuse Ray,Giga Drain|Flamigo:-4:Scrappy:Fighting Gem:Jolly:Jump Kick,Acrobatics,Roost,Facade|Spiritomb:-4:Intimidate:Sitrus Berry:Relaxed:Dark Pulse,Hex,Shadow Sneak,Will-O-Wisp	31 hp,31 at,31 df,31 sa,31 sd,31 sp|31 hp,31 at,31 df,31 sa,31 sd,31 sp|31 hp,31 at,31 df,31 sa,31 sd,31 sp|31 hp,31 at,31 df,31 sa,31 sd,31 sp|31 hp,31 at,31 df,31 sa,31 sd,31 sp	6 hp,252 sa,252 sp|6 hp,252 at,252 sp|252 hp,6 sa,252 sd|6 hp,252 at,252 sp|252 hp,252 df,6 sa	hzla_dynamic_calc_imp_1-3	Asserted	NA	NA
545	Lvl -4 Pkmn Breeder Lydia	Lvl -4 Pkmn Breeder Lydia	1	route	Singles	Check Bad Move,Try To Faint,Check Viability,Smart Switching,Omniscient	5	-4	-4	TRUE	TRUE	Glimmet:-4:Toxic Debris:Air Balloon:Bold:Ancient Power,Sludge Bomb,Dazzling Gleam,Energy Ball|Bayleef:-4:Overgrow:Eviolite:Bold:Mega Drain,Synthesis,Poison Powder,Flash|Seviper:-4:Merciless:Poison Barb:Jolly:Poison Jab,Night Slash,Bulldoze,Toxic|Miltank:-4:Thick Fat:Leftovers:Jolly:Body Slam,Milk Drink,Thunder Punch,Toxic|Sneasel-Hisui:-4:Poison Touch:Focus Sash:Jolly:Fake Out,Cross Poison,Ice Punch,Rock Smash	31 hp,31 at,31 df,31 sa,31 sd,31 sp|31 hp,31 at,31 df,31 sa,31 sd,31 sp|31 hp,31 at,31 df,31 sa,31 sd,31 sp|31 hp,31 at,31 df,31 sa,31 sd,31 sp|31 hp,31 at,31 df,31 sa,31 sd,31 sp	252 hp,252 df,6 sa|252 hp,252 df,6 sa|6 hp,252 at,252 sp|6 hp,252 at,252 sp|6 hp,252 at,252 sp	hzla_dynamic_calc_imp_1-3	Asserted	NA	NA
546	Lass Halle	Lass Halle	1	route	Singles	Check Bad Move,Try To Faint,Check Viability	2	75	75	FALSE	FALSE	Snorlax:75:UNK:NONE:Hardy:Crunch,Heavy Slam,High Horsepower,Wood Hammer|Absol:75:UNK:NONE:Hardy:Razor Wind,Future Sight,Perish Song,Swords Dance	0 hp,0 at,0 df,0 sa,0 sd,0 sp|0 hp,0 at,0 df,0 sa,0 sd,0 sp	0|0	hzla_dynamic_calc_imp_1-3	Asserted	NA	NA
547	Ruin Maniac Garrison	Ruin Maniac Garrison	1	route	Singles	Check Bad Move	2	56	56	FALSE	FALSE	Sandslash:56:UNK:NONE:Hardy:Gyro Ball,Swords Dance,Sandstorm,Earthquake|Sandslash-Alola:56:UNK:NONE:Hardy:Slash,Spikes,Ice Ball,Spiky Shield	0 hp,0 at,0 df,0 sa,0 sd,0 sp|0 hp,0 at,0 df,0 sa,0 sd,0 sp	0|0	hzla_dynamic_calc_imp_1-3	Asserted	NA	NA
548	Lvl -4 Pkmn Breeder Lydia2	Lvl -4 Pkmn Breeder Lydia	2	route	Singles	Check Bad Move	5	-4	-4	TRUE	TRUE	Glimmet:-4:Toxic Debris:Air Balloon:Bold:Ancient Power,Sludge Bomb,Dazzling Gleam,Energy Ball|Bayleef:-4:Overgrow:Eviolite:Bold:Mega Drain,Synthesis,Poison Powder,Flash|Seviper:-4:Merciless:Poison Barb:Jolly:Poison Jab,Night Slash,Bulldoze,Toxic|Miltank:-4:Thick Fat:Leftovers:Jolly:Body Slam,Milk Drink,Thunder Punch,Toxic|Sneasel-Hisui:-4:Poison Touch:Focus Sash:Jolly:Fake Out,Cross Poison,Ice Punch,Rock Smash	31 hp,31 at,31 df,31 sa,31 sd,31 sp|31 hp,31 at,31 df,31 sa,31 sd,31 sp|31 hp,31 at,31 df,31 sa,31 sd,31 sp|31 hp,31 at,31 df,31 sa,31 sd,31 sp|31 hp,31 at,31 df,31 sa,31 sd,31 sp	252 hp,252 df,6 sa|252 hp,252 df,6 sa|6 hp,252 at,252 sp|6 hp,252 at,252 sp|6 hp,252 at,252 sp	hzla_dynamic_calc_imp_1-3	Asserted	NA	NA
549	Lvl -4 Pkmn Breeder Lydia3	Lvl -4 Pkmn Breeder Lydia	3	route	Singles	Check Bad Move	5	-4	-4	TRUE	TRUE	Glimmet:-4:Toxic Debris:Air Balloon:Bold:Ancient Power,Sludge Bomb,Dazzling Gleam,Energy Ball|Bayleef:-4:Overgrow:Eviolite:Bold:Mega Drain,Synthesis,Poison Powder,Flash|Seviper:-4:Merciless:Poison Barb:Jolly:Poison Jab,Night Slash,Bulldoze,Toxic|Miltank:-4:Thick Fat:Leftovers:Jolly:Body Slam,Milk Drink,Thunder Punch,Toxic|Sneasel-Hisui:-4:Poison Touch:Focus Sash:Jolly:Fake Out,Cross Poison,Ice Punch,Rock Smash	31 hp,31 at,31 df,31 sa,31 sd,31 sp|31 hp,31 at,31 df,31 sa,31 sd,31 sp|31 hp,31 at,31 df,31 sa,31 sd,31 sp|31 hp,31 at,31 df,31 sa,31 sd,31 sp|31 hp,31 at,31 df,31 sa,31 sd,31 sp	252 hp,252 df,6 sa|252 hp,252 df,6 sa|6 hp,252 at,252 sp|6 hp,252 at,252 sp|6 hp,252 at,252 sp	hzla_dynamic_calc_imp_1-3	Asserted	NA	NA
550	Lvl -4 Pkmn Breeder Lydia4	Lvl -4 Pkmn Breeder Lydia	4	route	Singles	Check Bad Move	5	-4	-4	TRUE	TRUE	Glimmet:-4:Toxic Debris:Air Balloon:Bold:Ancient Power,Sludge Bomb,Dazzling Gleam,Energy Ball|Bayleef:-4:Overgrow:Eviolite:Bold:Mega Drain,Synthesis,Poison Powder,Flash|Seviper:-4:Merciless:Poison Barb:Jolly:Poison Jab,Night Slash,Bulldoze,Toxic|Miltank:-4:Thick Fat:Leftovers:Jolly:Body Slam,Milk Drink,Thunder Punch,Toxic|Sneasel-Hisui:-4:Poison Touch:Focus Sash:Jolly:Fake Out,Cross Poison,Ice Punch,Rock Smash	31 hp,31 at,31 df,31 sa,31 sd,31 sp|31 hp,31 at,31 df,31 sa,31 sd,31 sp|31 hp,31 at,31 df,31 sa,31 sd,31 sp|31 hp,31 at,31 df,31 sa,31 sd,31 sp|31 hp,31 at,31 df,31 sa,31 sd,31 sp	252 hp,252 df,6 sa|252 hp,252 df,6 sa|6 hp,252 at,252 sp|6 hp,252 at,252 sp|6 hp,252 at,252 sp	hzla_dynamic_calc_imp_1-3	Asserted	NA	NA
551	Lvl -4 Pkmn Breeder Lydia5	Lvl -4 Pkmn Breeder Lydia	5	route	Singles	Check Bad Move	5	-4	-4	TRUE	TRUE	Glimmet:-4:Toxic Debris:Air Balloon:Bold:Ancient Power,Sludge Bomb,Dazzling Gleam,Energy Ball|Bayleef:-4:Overgrow:Eviolite:Bold:Mega Drain,Synthesis,Poison Powder,Flash|Seviper:-4:Merciless:Poison Barb:Jolly:Poison Jab,Night Slash,Bulldoze,Toxic|Miltank:-4:Thick Fat:Leftovers:Jolly:Body Slam,Milk Drink,Thunder Punch,Toxic|Sneasel-Hisui:-4:Poison Touch:Focus Sash:Jolly:Fake Out,Cross Poison,Ice Punch,Rock Smash	31 hp,31 at,31 df,31 sa,31 sd,31 sp|31 hp,31 at,31 df,31 sa,31 sd,31 sp|31 hp,31 at,31 df,31 sa,31 sd,31 sp|31 hp,31 at,31 df,31 sa,31 sd,31 sp|31 hp,31 at,31 df,31 sa,31 sd,31 sp	252 hp,252 df,6 sa|252 hp,252 df,6 sa|6 hp,252 at,252 sp|6 hp,252 at,252 sp|6 hp,252 at,252 sp	hzla_dynamic_calc_imp_1-3	Asserted	NA	NA
552	Pkmn Ranger Jackson	Pkmn Ranger Jackson	1	route	Singles	Check Bad Move,Try To Faint,Check Viability	1	60	60	FALSE	FALSE	Breloom:60:UNK:NONE:Hardy:Mind Reader,Sky Uppercut,Seed Bomb,Dynamic Punch	0 hp,0 at,0 df,0 sa,0 sd,0 sp	0	hzla_dynamic_calc_imp_1-3	Asserted	NA	NA
553	Pkmn Ranger Lorenzo	Pkmn Ranger Lorenzo	1	route	Singles	Check Bad Move,Try To Faint,Check Viability	3	62	62	FALSE	FALSE	Breloom:62:UNK:NONE:Hardy:Mind Reader,Sky Uppercut,Seed Bomb,Dynamic Punch|Venusaur:62:UNK:NONE:Hardy:Sludge Bomb,Synthesis,Petal Blizzard,Solar Beam|Lilligant:62:UNK:NONE:Hardy:Recover,Petal Dance,Petal Blizzard,Chloroblast	0 hp,0 at,0 df,0 sa,0 sd,0 sp|0 hp,0 at,0 df,0 sa,0 sd,0 sp|0 hp,0 at,0 df,0 sa,0 sd,0 sp	0|0|0	hzla_dynamic_calc_imp_1-3	Asserted	NA	NA
554	Pkmn Ranger Sebastian	Pkmn Ranger Sebastian	1	route	Singles	Check Bad Move,Try To Faint,Check Viability	1	39	39	FALSE	FALSE	Cacturne:39:UNK:NONE:Hardy:Payback,Spikes,Sucker Punch,Pin Missile	6 hp,6 at,6 df,6 sa,6 sd,6 sp	0	hzla_dynamic_calc_imp_1-3	Asserted	NA	NA
555	Pkmn Ranger Jackson2	Pkmn Ranger Jackson	2	route	Singles	Check Bad Move,Try To Faint,Force Setup First Turn	1	60	60	FALSE	FALSE	Breloom:60:UNK:NONE:Hardy:Mind Reader,Sky Uppercut,Seed Bomb,Dynamic Punch	0 hp,0 at,0 df,0 sa,0 sd,0 sp	0	hzla_dynamic_calc_imp_1-3	Asserted	NA	NA
556	Pkmn Ranger Jackson3	Pkmn Ranger Jackson	3	route	Singles	Check Bad Move,Try To Faint,Check Viability	1	60	60	FALSE	FALSE	Breloom:60:UNK:NONE:Hardy:Mind Reader,Sky Uppercut,Seed Bomb,Dynamic Punch	0 hp,0 at,0 df,0 sa,0 sd,0 sp	0	hzla_dynamic_calc_imp_1-3	Asserted	NA	NA
557	Pkmn Ranger Jackson4	Pkmn Ranger Jackson	4	route	Singles	Check Bad Move,Try To Faint,Force Setup First Turn	1	60	60	FALSE	FALSE	Breloom:60:UNK:NONE:Hardy:Mind Reader,Sky Uppercut,Seed Bomb,Dynamic Punch	0 hp,0 at,0 df,0 sa,0 sd,0 sp	0	hzla_dynamic_calc_imp_1-3	Asserted	NA	NA
558	Pkmn Ranger Jackson5	Pkmn Ranger Jackson	5	route	Singles	Check Bad Move,Try To Faint,Check Viability	1	60	60	FALSE	FALSE	Breloom:60:UNK:NONE:Hardy:Mind Reader,Sky Uppercut,Seed Bomb,Dynamic Punch	0 hp,0 at,0 df,0 sa,0 sd,0 sp	0	hzla_dynamic_calc_imp_1-3	Asserted	NA	NA
559	Pkmn Ranger Catherine	Pkmn Ranger Catherine	1	route	Singles	Check Bad Move,Try To Faint,Force Setup First Turn	2	58	58	FALSE	FALSE	Bellossom:58:UNK:NONE:Hardy:Stun Spore,Sunny Day,Petal Blizzard,Petal Dance|Vileplume:58:UNK:NONE:Hardy:Aromatherapy,Poison Powder,Stun Spore,Petal Blizzard	0 hp,0 at,0 df,0 sa,0 sd,0 sp|0 hp,0 at,0 df,0 sa,0 sd,0 sp	0|0	hzla_dynamic_calc_imp_1-3	Asserted	NA	NA
560	Pkmn Ranger Jenna	Pkmn Ranger Jenna	1	route	Singles	Check Bad Move,Try To Faint,Force Setup First Turn	3	62	62	FALSE	FALSE	Ludicolo:62:UNK:NONE:Hardy:Growl,Mega Drain,Nature Power,Aqua Step|Shiftry:62:UNK:NONE:Hardy:Hurricane,Nasty Plot,Leaf Storm,Toxic Spikes|Lurantis:62:UNK:NONE:Hardy:Sweet Scent,Solar Blade,Leaf Storm,Superpower	0 hp,0 at,0 df,0 sa,0 sd,0 sp|6 hp,6 at,6 df,6 sa,6 sd,6 sp|6 hp,6 at,6 df,6 sa,6 sd,6 sp	0|0|0	hzla_dynamic_calc_imp_1-3	Asserted	NA	NA
561	Pkmn Ranger Sophia	Pkmn Ranger Sophia	1	route	Singles	Check Bad Move,Try To Faint,Check Viability	2	38	38	FALSE	FALSE	Swablu:38:UNK:NONE:Hardy:Dual Wingbeat,Mirror Move,Cotton Guard,Dragon Pulse|Roselia:38:UNK:NONE:Hardy:Toxic Spikes,Sleep Powder,Ingrain,Petal Blizzard	6 hp,6 at,6 df,6 sa,6 sd,6 sp|6 hp,6 at,6 df,6 sa,6 sd,6 sp	0|0	hzla_dynamic_calc_imp_1-3	Asserted	NA	NA
562	Pkmn Ranger Catherine2	Pkmn Ranger Catherine	2	route	Singles	Check Bad Move,Try To Faint,Force Setup First Turn	2	58	58	FALSE	FALSE	Bellossom:58:UNK:NONE:Hardy:Stun Spore,Sunny Day,Petal Blizzard,Petal Dance|Vileplume:58:UNK:NONE:Hardy:Aromatherapy,Poison Powder,Stun Spore,Petal Blizzard	0 hp,0 at,0 df,0 sa,0 sd,0 sp|0 hp,0 at,0 df,0 sa,0 sd,0 sp	0|0	hzla_dynamic_calc_imp_1-3	Asserted	NA	NA
563	Pkmn Ranger Catherine3	Pkmn Ranger Catherine	3	route	Singles	Check Bad Move,Try To Faint,Check Viability	2	58	58	FALSE	FALSE	Bellossom:58:UNK:NONE:Hardy:Stun Spore,Sunny Day,Petal Blizzard,Petal Dance|Vileplume:58:UNK:NONE:Hardy:Aromatherapy,Poison Powder,Stun Spore,Petal Blizzard	0 hp,0 at,0 df,0 sa,0 sd,0 sp|0 hp,0 at,0 df,0 sa,0 sd,0 sp	0|0	hzla_dynamic_calc_imp_1-3	Asserted	NA	NA
564	Pkmn Ranger Catherine4	Pkmn Ranger Catherine	4	route	Singles	Check Bad Move,Try To Faint,Force Setup First Turn	2	58	58	FALSE	FALSE	Bellossom:58:UNK:NONE:Hardy:Stun Spore,Sunny Day,Petal Blizzard,Petal Dance|Vileplume:58:UNK:NONE:Hardy:Aromatherapy,Poison Powder,Stun Spore,Petal Blizzard	0 hp,0 at,0 df,0 sa,0 sd,0 sp|0 hp,0 at,0 df,0 sa,0 sd,0 sp	0|0	hzla_dynamic_calc_imp_1-3	Asserted	NA	NA
565	Pkmn Ranger Catherine5	Pkmn Ranger Catherine	5	route	Singles	Check Bad Move,Try To Faint,Check Viability	2	58	58	FALSE	FALSE	Bellossom:58:UNK:NONE:Hardy:Stun Spore,Sunny Day,Petal Blizzard,Petal Dance|Vileplume:58:UNK:NONE:Hardy:Aromatherapy,Poison Powder,Stun Spore,Petal Blizzard	0 hp,0 at,0 df,0 sa,0 sd,0 sp|0 hp,0 at,0 df,0 sa,0 sd,0 sp	0|0	hzla_dynamic_calc_imp_1-3	Asserted	NA	NA
566	Leader Maylene	Leader Maylene	1	gym_leader	Singles	Check Bad Move,Try To Faint,Check Viability,Smart Switching,Omniscient,Ace Pokemon	7	-1	0	TRUE	TRUE	Meloetta-Pirouette:-1:Serene Grace:Expert Belt:Hasty:Relic Song,Drain Punch,Psychic,Aura Sphere|Pangoro:-1:Iron Fist:Punching Glove:Adamant:Drain Punch,Knock Off,Fire Punch,Thunder Punch|Garganacl:-1:Purifying Salt:Leftovers:Adamant:Salt Cure,Earthquake,Hammer Arm,Recover|Lilligant-Hisui:-1:Hustle:Focus Sash:Adamant:Leaf Blade,Drain Punch,Facade,Victory Dance|Lucario:0:Steadfast:Lucarionite:Timid:Aura Sphere,Flash Cannon,Vacuum Wave,Dragon Pulse|Kingambit:0:Supreme Overlord:Life Orb:Adamant:Swords Dance,Knock Off,Iron Head,Sucker Punch|Lucario-Mega:0:Adaptability:Lucarionite:Timid:Aura Sphere,Flash Cannon,Vacuum Wave,Dragon Pulse	31 hp,31 at,31 df,31 sa,31 sd,31 sp|31 hp,31 at,31 df,31 sa,31 sd,31 sp|31 hp,31 at,31 df,31 sa,31 sd,31 sp|31 hp,31 at,31 df,31 sa,31 sd,31 sp|31 hp,31 at,31 df,31 sa,31 sd,31 sp|31 hp,31 at,31 df,31 sa,31 sd,31 sp|31 hp,31 at,31 df,31 sa,31 sd,31 sp	6 at,252 sa,252 sp|6 hp,252 at,252 sp|6 hp,252 at,252 sp|6 hp,252 at,252 sp|6 hp,252 sa,252 sp|6 hp,252 at,252 sp|6 hp,252 sa,252 sp	hzla_dynamic_calc_imp_1-3	Asserted	DYNAMIC	player_relative
567	Team Aqua Grunt Seafloor Cavern5	Team Aqua Grunt Seafloor Cavern	5	route	Singles	Check Bad Move	2	70	70	FALSE	FALSE	Hitmontop:70:UNK:NONE:Hardy:Wide Guard,Quick Guard,Detect,Triple Kick|Obstagoon:70:UNK:NONE:Hardy:Counter,Taunt,Double-Edge,Sucker Punch	0 hp,0 at,0 df,0 sa,0 sd,0 sp|0 hp,0 at,0 df,0 sa,0 sd,0 sp	0|0	hzla_dynamic_calc_imp_1-3	Asserted	NA	NA
568	Leader Tate	Leader Tate	1	gym_leader	Singles	Check Bad Move,Try To Faint,Check Viability,Smart Switching,Omniscient	4	76	76	FALSE	TRUE	Tapu Lele:76:Psychic Surge:Terrain Extender:Timid:Moonblast,Calm Mind,Psychic,Thunderbolt|Espathra:76:Speed Boost:Focus Sash:Timid:Lumina Crash,Air Slash,Flash Cannon,Hidden Power|Kangaskhan:76:Inner Focus:Kangaskhanite:Jolly:Power-Up Punch,Body Slam,Crunch,Brick Break|Kangaskhan-Mega:76:Parental Bond:Kangaskhanite:Jolly:Power-Up Punch,Body Slam,Crunch,Brick Break	31 hp,31 at,31 df,31 sa,31 sd,31 sp|31 hp,31 at,30 df,30 sa,30 sd,30 sp|31 hp,31 at,31 df,31 sa,31 sd,31 sp|31 hp,31 at,31 df,31 sa,31 sd,31 sp	6 hp,252 sa,252 sp|6 hp,252 sa,252 sp|6 hp,252 at,252 sp|6 hp,252 at,252 sp	hzla_dynamic_calc_imp_1-3	Asserted	15	exact
569	Leader Liza	Leader Liza	1	gym_leader	Singles	Check Bad Move,Try To Faint,Check Viability,Smart Switching,Omniscient	4	76	76	TRUE	TRUE	Iron Leaves:76:Sharpness:Life Orb:Jolly:Leaf Blade,Psyblade,Sacred Sword,Night Slash|Farigiraf:76:Parental Bond:Assault Vest:Modest:Expanding Force,Hyper Voice,Psychic,Dazzling Gleam|Alakazam:76:Magic Guard:Alakazite:Timid:Expanding Force,Psyshock,Focus Blast,Shadow Ball|Alakazam-Mega:76:Trace:Alakazite:Timid:Expanding Force,Psyshock,Focus Blast,Shadow Ball	31 hp,31 at,31 df,31 sa,31 sd,31 sp|31 hp,31 at,31 df,31 sa,31 sd,31 sp|31 hp,31 at,31 df,31 sa,31 sd,31 sp|31 hp,31 at,31 df,31 sa,31 sd,31 sp	6 hp,252 at,252 sp|6 hp,252 sa,252 sp|6 hp,252 sa,252 sp|6 hp,252 sa,252 sp	hzla_dynamic_calc_imp_1-3	Asserted	15	exact
570	Team Magma Grunt Jagged Pass	Team Magma Grunt Jagged Pass	1	route	Singles	Check Bad Move	2	40	40	FALSE	FALSE	Magmar:40:UNK:NONE:Hardy:Flame Burst,Confuse Ray,Fire Punch,Lava Plume|Mightyena:40:UNK:NONE:Hardy:Scary Face,Crunch,Taunt,Embargo	0 hp,0 at,0 df,0 sa,0 sd,0 sp|0 hp,0 at,0 df,0 sa,0 sd,0 sp	0|0	hzla_dynamic_calc_imp_1-3	Asserted	NA	NA
571	Hiker Marc	Hiker Marc	1	route	Singles	Check Bad Move	2	10	11	TRUE	FALSE	Anorith:10:UNK:NONE:Hardy:Harden,Mud Sport,Aqua Jet,Fury Cutter|Archen:11:UNK:NONE:Hardy:Leer,Wing Attack,Rock Throw,Scary Face	31 hp,31 at,31 df,31 sa,31 sd,31 sp|31 hp,31 at,31 df,31 sa,31 sd,31 sp	0|0	hzla_dynamic_calc_imp_1-3	Asserted	NA	NA
572	Sailor Brenden	Sailor Brenden	1	route	Singles	Check Bad Move	1	17	17	TRUE	FALSE	Poliwhirl:17:UNK:NONE:Hardy:Water Gun,Hypnosis,Bubble,Double Slap	31 hp,31 at,31 df,31 sa,31 sd,31 sp	0	hzla_dynamic_calc_imp_1-3	Asserted	NA	NA
573	Battle Girl Lilith	Battle Girl Lilith	1	route	Singles	Check Bad Move	1	17	17	FALSE	FALSE	Hitmontop:17:UNK:NONE:Hardy:Mach Punch,Focus Energy,Pursuit,Quick Attack	18 hp,18 at,18 df,18 sa,18 sd,18 sp	0	hzla_dynamic_calc_imp_1-3	Asserted	NA	NA
574	Black Belt Cristian	Black Belt Cristian	1	route	Singles	Check Bad Move	1	18	18	FALSE	FALSE	Sawk:18:UNK:NONE:Hardy:Double Kick,Low Sweep,Counter,Karate Chop	24 hp,24 at,24 df,24 sa,24 sd,24 sp	0	hzla_dynamic_calc_imp_1-3	Asserted	NA	NA
575	Hex Maniac Sylvia	Hex Maniac Sylvia	1	route	Singles	Check Bad Move	1	66	66	FALSE	FALSE	Gothitelle:66:UNK:NONE:Hardy:Shadow Ball,Psychic,Charm,Magic Room	0 hp,0 at,0 df,0 sa,0 sd,0 sp	0	hzla_dynamic_calc_imp_1-3	Asserted	NA	NA
576	Swimmer M Leonardo	Swimmer M Leonardo	1	route	Singles	Check Bad Move	1	60	60	FALSE	FALSE	Lapras:60:UNK:NONE:Hardy:Hydro Pump,Dragon Pulse,Dragon Dance,Wish	0 hp,0 at,0 df,0 sa,0 sd,0 sp	0	hzla_dynamic_calc_imp_1-3	Asserted	NA	NA
577	Cooltrainer Athena	Cooltrainer Athena	1	route	Singles	Check Bad Move,Try To Faint,Check Viability	2	62	62	FALSE	FALSE	Manectric:62:UNK:NONE:Hardy:Wild Charge,Charge,Thunder,Electric Terrain|Obstagoon:62:UNK:NONE:Hardy:Scary Face,Counter,Taunt,Double-Edge	0 hp,0 at,0 df,0 sa,0 sd,0 sp|0 hp,0 at,0 df,0 sa,0 sd,0 sp	0|0	hzla_dynamic_calc_imp_1-3	Asserted	NA	NA
578	Swimmer M Harrison	Swimmer M Harrison	1	route	Singles	Check Bad Move	1	65	65	FALSE	FALSE	Samurott-Hisui:65:UNK:NONE:Hardy:Swords Dance,Sucker Punch,Sacred Sword,Razor Shell	0 hp,0 at,0 df,0 sa,0 sd,0 sp	0	hzla_dynamic_calc_imp_1-3	Asserted	NA	NA
579	Team Magma Grunt Mt Chimney2	Team Magma Grunt Mt Chimney	2	route	Singles	Check Bad Move,Try To Faint,Check Viability,Smart Switching,Omniscient	3	42	43	TRUE	TRUE	Cradily:42:Storm Drain:Chople Berry:Modest:Power Gem,Giga Drain,Earth Power,Sludge Bomb|Bombirdier:42:Rocky Payload:Expert Belt:Jolly:Knock Off,Dual Wingbeat,Sucker Punch,Rock Slide|Iron Thorns:43:Solid Rock:Air Balloon:Adamant:Rock Slide,Supercell Slam,Ice Punch,Accelerock	31 hp,31 at,31 df,31 sa,31 sd,31 sp|31 hp,31 at,31 df,31 sa,31 sd,31 sp|31 hp,31 at,31 df,31 sa,31 sd,31 sp	6 hp,252 sa,252 sp|6 hp,252 at,252 sp|6 hp,252 at,252 sp	hzla_dynamic_calc_imp_1-3	Asserted	NA	NA
580	Swimmer M Clarence	Swimmer M Clarence	1	route	Singles	Check Bad Move	2	66	66	FALSE	FALSE	Feraligatr:66:UNK:NONE:Hardy:Superpower,Triple Dive,Jaw Lock,Dragon Dance|Dondozo:66:UNK:NONE:Hardy:Sleep Talk,Heavy Slam,Double-Edge,Wave Crash	0 hp,0 at,0 df,0 sa,0 sd,0 sp|0 hp,0 at,0 df,0 sa,0 sd,0 sp	0|0	hzla_dynamic_calc_imp_1-3	Asserted	NA	NA
581	Psychic Terry	Psychic Terry	1	route	Singles	Check Bad Move	1	37	37	FALSE	FALSE	Girafarig:37:UNK:NONE:Hardy:Agility,Double Hit,Twin Beam,Crunch	0 hp,0 at,0 df,0 sa,0 sd,0 sp	0	hzla_dynamic_calc_imp_1-3	Asserted	NA	NA
582	Gentleman Nate	Gentleman Nate	1	route	Singles	Check Bad Move	1	66	66	FALSE	FALSE	Grumpig:66:UNK:NONE:Hardy:Payback,Psychic,Bounce,Slack Off	0 hp,0 at,0 df,0 sa,0 sd,0 sp	0	hzla_dynamic_calc_imp_1-3	Asserted	NA	NA
583	Hex Maniac Kathleen	Hex Maniac Kathleen	1	route	Singles	Check Bad Move	1	66	66	FALSE	FALSE	Venomoth:66:UNK:NONE:Hardy:Zen Headbutt,Poison Fang,Psychic,Quiver Dance	0 hp,0 at,0 df,0 sa,0 sd,0 sp	0	hzla_dynamic_calc_imp_1-3	Asserted	NA	NA
584	Gentleman Clifford	Gentleman Clifford	1	route	Singles	Check Bad Move	1	66	66	FALSE	FALSE	Meowstic-F:66:UNK:NONE:Hardy:Signal Beam,Sucker Punch,Future Sight,Stored Power	0 hp,0 at,0 df,0 sa,0 sd,0 sp	0	hzla_dynamic_calc_imp_1-3	Asserted	NA	NA
585	Psychic Nicholas	Psychic Nicholas	1	route	Singles	Check Bad Move	1	66	66	FALSE	FALSE	Reuniclus:66:UNK:NONE:Hardy:Psychic,Skill Swap,Heal Block,Wonder Room	0 hp,0 at,0 df,0 sa,0 sd,0 sp	0	hzla_dynamic_calc_imp_1-3	Asserted	NA	NA
586	Elite Four Sidney2	Elite Four Sidney	2	elite_four	Singles	Check Bad Move,Try To Faint,Check Viability,Powerful Status,Smart Switching,Omniscient	7	85	85	FALSE	TRUE	Moltres-Galar:85:Berserk:Focus Sash:Quiet:Trick Room,Fiery Wrath,Air Slash,Sucker Punch|Absol:85:Super Luck:Scope Lens:Brave:Night Slash,Psycho Cut,Sucker Punch,Close Combat|Munkidori:85:Toxic Chain:Assault Vest:Timid:Fake Out,Sludge Wave,Grass Knot,Psychic|Victini:85:Victory Star:Room Service:Brave:Trick Room,Zen Headbutt,Bolt Strike,V-create|Guzzlord:85:Beast Boost:Life Orb:Brave:Earthquake,Hammer Arm,Dragon Claw,Knock Off|Grimmsnarl:85:Prankster:Grimmite:Quiet:Dark Pulse,Moonblast,Aura Sphere,Nasty Plot|Grimmsnarl-Mega:85:Sheer Force:Grimmite:Quiet:Dark Pulse,Moonblast,Aura Sphere,Nasty Plot	31 hp,31 at,31 df,31 sa,31 sd,0 sp|31 hp,31 at,31 df,31 sa,31 sd,0 sp|31 hp,31 at,31 df,31 sa,31 sd,31 sp|31 hp,31 at,31 df,31 sa,31 sd,0 sp|31 hp,31 at,31 df,31 sa,31 sd,0 sp|31 hp,31 at,31 df,31 sa,31 sd,0 sp|31 hp,31 at,31 df,31 sa,31 sd,0 sp	252 hp,6 at,252 sa|252 hp,252 at,6 df|6 hp,252 sa,252 sp|252 hp,252 at,6 df|252 hp,252 at,6 sd|252 hp,6 at,252 sa|252 hp,6 at,252 sa	hzla_dynamic_calc_imp_1-3	Asserted	19	exact
587	Elite Four Phoebe2	Elite Four Phoebe	2	elite_four	Singles	Check Bad Move,Try To Faint,Check Viability,Smart Switching,Omniscient	7	85	85	FALSE	TRUE	Dragapult:85:Clear Body:Expert Belt:Jolly:Dragon Darts,Shadow Claw,Steel Wing,U-turn|Drapion:85:Sniper:Scope Lens:Jolly:Wicked Blow,Cross Poison,Earthquake,Ice Fang|Annihilape:85:Defiant:Punching Glove:Jolly:Drain Punch,Rage Fist,Rock Slide,Bulk Up|Pecharunt:85:Poison Puppeteer:Life Orb:Timid:Malignant Chain,Hex,Hidden Power,Recover|Calyrex-Shadow:85:As One Shadow Rider:Focus Sash:Timid:Nasty Plot,Astral Barrage,Psyshock,Draining Kiss|Gengar:85:Levitate:Gengarite:Timid:Sludge Wave,Shadow Ball,Focus Blast,Nasty Plot|Gengar-Mega:85:Shadow Tag:Gengarite:Timid:Sludge Wave,Shadow Ball,Focus Blast,Nasty Plot	31 hp,31 at,31 df,31 sa,31 sd,31 sp|31 hp,31 at,31 df,31 sa,31 sd,31 sp|31 hp,31 at,31 df,31 sa,31 sd,31 sp|31 hp,30 at,31 df,30 sa,31 sd,30 sp|31 hp,31 at,31 df,31 sa,31 sd,31 sp|31 hp,31 at,31 df,31 sa,31 sd,31 sp|31 hp,31 at,31 df,31 sa,31 sd,31 sp	6 hp,252 at,252 sp|6 hp,252 at,252 sp|6 hp,252 at,252 sp|6 hp,252 sa,252 sp|6 hp,252 sa,252 sp|6 hp,252 sa,252 sp|6 hp,252 sa,252 sp	hzla_dynamic_calc_imp_1-3	Asserted	19	exact
588	Elite Four Glacia2	Elite Four Glacia	2	elite_four	Singles	Check Bad Move,Try To Faint,Check Viability,Smart Switching,Omniscient	7	85	85	TRUE	TRUE	Ninetales-Alola:85:Snow Warning:Icy Rock:Timid:Extrasensory,Moonblast,Energy Ball,Ice Beam|Electivire:85:Iron Fist:Expert Belt:Jolly:Plasma Fists,Close Combat,Mach Punch,Earthquake|Darmanitan-Galar-Zen:85:Zen Mode:Life Orb:Jolly:Flare Blitz,Icicle Crash,Zen Headbutt,Earthquake|Volcanion:85:Water Absorb:Heavy-Duty Boots:Timid:Steam Eruption,Flamethrower,Sludge Wave,Defog|Kyurem-Black:85:Teravolt:Loaded Dice:Jolly:Fusion Bolt,Scale Shot,Icicle Spear,Dragon Dance|Abomasnow:85:Snow Warning:Abomasite:Jolly:Ice Hammer,Ice Shard,Wood Hammer,Earthquake|Abomasnow-Mega:85:Slush Rush:Abomasite:Jolly:Ice Hammer,Ice Shard,Wood Hammer,Earthquake	31 hp,31 at,31 df,31 sa,31 sd,31 sp|31 hp,31 at,31 df,31 sa,31 sd,31 sp|31 hp,31 at,31 df,31 sa,31 sd,31 sp|31 hp,31 at,31 df,31 sa,31 sd,31 sp|31 hp,31 at,31 df,31 sa,31 sd,31 sp|31 hp,31 at,31 df,31 sa,31 sd,31 sp|31 hp,31 at,31 df,31 sa,31 sd,31 sp	6 hp,252 sa,252 sp|6 hp,252 at,252 sp|6 hp,252 at,252 sp|6 hp,252 sa,252 sp|6 hp,252 at,252 sp|6 hp,252 at,252 sp|6 hp,252 at,252 sp	hzla_dynamic_calc_imp_1-3	Asserted	19	exact
589	Champion Wallace With Steven	Champion Wallace With Steven	1	champion	Singles	Check Bad Move,Try To Faint,Check Viability,Smart Switching,Omniscient	5	85	85	TRUE	TRUE	Empoleon:85:Torrent:Empoleonite O:Jolly:Iron Head,Liquidation,Drill Peck,Protect|Palkia:85:Telepathy:Lustrous Orb:Timid:Spacial Rend,Earth Power,Aura Sphere,Hydro Pump|Suicune:85:Inner Focus:Leftovers:Timid:Scald,Ice Beam,Calm Mind,Air Slash|Empoleon-Mega-O:85:Emperors Presence:Empoleonite O:Jolly:Iron Head,Liquidation,Drill Peck,Protect|Palkia-Primal:85:Primal Armor:Lustrous Orb:Timid:Spacial Rend,Earth Power,Aura Sphere,Hydro Pump	31 hp,31 at,31 df,31 sa,31 sd,31 sp|31 hp,31 at,31 df,31 sa,31 sd,31 sp|31 hp,31 at,31 df,31 sa,31 sd,31 sp|31 hp,31 at,31 df,31 sa,31 sd,31 sp|31 hp,31 at,31 df,31 sa,31 sd,31 sp	6 hp,252 at,252 sp|6 hp,252 sa,252 sp|6 hp,252 sa,252 sp|6 hp,252 at,252 sp|6 hp,252 sa,252 sp	hzla_dynamic_calc_imp_1-3	Asserted	19	exact
590	Champion Steven With Wallace	Champion Steven With Wallace	1	champion	Singles	Check Bad Move,Try To Faint,Check Viability,Smart Switching,Omniscient	5	85	85	TRUE	TRUE	Empoleon:85:Torrent:Empoleonite D:Sassy:Scald,Flash Cannon,Flip Turn,Roost|Dialga:85:Telepathy:Adamant Orb:Timid:Draco Barrage,Flash Cannon,Fire Blast,Ice Beam|Metagross:85:Tough Claws:Assault Vest:Jolly:Meteor Mash,Zen Headbutt,Ice Punch,Hammer Arm|Empoleon-Mega-D:85:Lightning Rod:Empoleonite D:Sassy:Scald,Flash Cannon,Flip Turn,Roost|Dialga-Primal:85:Primal Armor:Adamant Orb:Timid:Draco Barrage,Flash Cannon,Fire Blast,Ice Beam	31 hp,31 at,31 df,31 sa,31 sd,31 sp|31 hp,31 at,31 df,31 sa,31 sd,31 sp|31 hp,31 at,31 df,31 sa,31 sd,31 sp|31 hp,31 at,31 df,31 sa,31 sd,31 sp|31 hp,31 at,31 df,31 sa,31 sd,31 sp	252 hp,6 sa,252 sd|6 hp,252 sa,252 sp|6 hp,252 at,252 sp|252 hp,6 sa,252 sd|6 hp,252 sa,252 sp	hzla_dynamic_calc_imp_1-3	Asserted	19	exact
591	Psychic Macey	Psychic Macey	1	route	Singles	Check Bad Move	1	66	66	FALSE	FALSE	Meowstic:66:UNK:NONE:Hardy:Imprison,Sucker Punch,Misty Terrain,Quick Guard	0 hp,0 at,0 df,0 sa,0 sd,0 sp	0	hzla_dynamic_calc_imp_1-3	Asserted	NA	NA
592	Lvl -2 Rival Brendan Rustboro Treecko	Lvl -2 Rival Brendan Rustboro Treecko	1	route	Singles	Check Bad Move,Try To Faint,Check Viability,Smart Switching,Omniscient	4	-1	-2	TRUE	FALSE	Golbat:-2:Sniper:Muscle Band:Jolly:Wing Attack,Cross Poison,Bite,U-turn|Hattrem:-2:Magic Bounce:Wise Glasses:Modest:Draining Kiss,Psybeam,Thunder Wave,Life Dew|Kubfu:-2:Inner Focus:Muscle Band:Adamant:Rock Smash,Aerial Ace,Headbutt,Thunder Punch|Combusken:-1:Striker:Sitrus Berry:Adamant:Double Kick,Rock Tomb,Flame Charge,Thunder Punch	31 hp,31 at,31 df,31 sa,31 sd,31 sp|31 hp,31 at,31 df,31 sa,31 sd,31 sp|31 hp,31 at,31 df,31 sa,31 sd,31 sp|31 hp,31 at,31 df,31 sa,31 sd,31 sp	0|0|0|0	hzla_dynamic_calc_imp_1-3	Asserted	NA	NA
593	Lvl -2 Rival Brendan Rustboro Mudkip	Lvl -2 Rival Brendan Rustboro Mudkip	1	route	Singles	Check Bad Move,Try To Faint,Check Viability,Smart Switching,Omniscient	4	-1	-2	TRUE	FALSE	Golbat:-2:Sniper:Muscle Band:Jolly:Wing Attack,Cross Poison,Bite,U-turn|Hattrem:-2:Magic Bounce:Wise Glasses:Modest:Draining Kiss,Psybeam,Thunder Wave,Life Dew|Kubfu:-2:Inner Focus:Muscle Band:Adamant:Rock Smash,Aerial Ace,Headbutt,Rock Tomb|Grovyle:-1:Overgrow:Sitrus Berry:Adamant:Bullet Seed,Rock Tomb,Fury Cutter,Assurance	31 hp,31 at,31 df,31 sa,31 sd,31 sp|31 hp,31 at,31 df,31 sa,31 sd,31 sp|31 hp,31 at,31 df,31 sa,31 sd,31 sp|31 hp,31 at,31 df,31 sa,31 sd,31 sp	0|0|0|0	hzla_dynamic_calc_imp_1-3	Asserted	NA	NA
594	Expert Paxton	Expert Paxton	1	route	Singles	Check Bad Move,Try To Faint,Check Viability	2	70	70	FALSE	FALSE	Staraptor:70:UNK:NONE:Hardy:Agility,Brave Bird,Final Gambit,Double-Edge|Sunflora:70:UNK:NONE:Hardy:Sunny Day,Leaf Storm,Seed Flare,Fiery Dance	0 hp,0 at,0 df,0 sa,0 sd,0 sp|0 hp,0 at,0 df,0 sa,0 sd,0 sp	0|0	hzla_dynamic_calc_imp_1-3	Asserted	NA	NA
595	Tuber F Isabella	Tuber F Isabella	1	route	Singles	Check Bad Move	1	66	66	FALSE	FALSE	Bellossom:66:UNK:NONE:Hardy:Petal Blizzard,Petal Dance,Quiver Dance,Fiery Dance	0 hp,0 at,0 df,0 sa,0 sd,0 sp	0	hzla_dynamic_calc_imp_1-3	Asserted	NA	NA
596	Team Aqua Grunt Weather Inst5	Team Aqua Grunt Weather Inst	5	route	Singles	Check Bad Move,Try To Faint,Check Viability,Smart Switching,Omniscient	3	63	63	TRUE	TRUE	Armaldo:63:Skill Link:Passho Berry:Adamant:Rock Blast,Pin Missile,Swords Dance,Stomping Tantrum|Starmie:63:Illuminate:Focus Sash:Timid:Hydro Pump,Psychic,Ice Beam,Thunder|Iron Jugulis:63:Quark Drive:Life Orb:Timid:Air Slash,Dark Pulse,Dragon Pulse,Earth Power	31 hp,31 at,31 df,31 sa,31 sd,31 sp|31 hp,31 at,31 df,31 sa,31 sd,31 sp|31 hp,31 at,31 df,31 sa,31 sd,31 sp	6 hp,252 at,252 sp|6 hp,252 sa,252 sp|6 hp,252 sa,252 sp	hzla_dynamic_calc_imp_1-3	Asserted	NA	NA
597	Magma Admin Tabitha Mt Chimney	Magma Admin Tabitha Mt Chimney	1	admin	Singles	Check Bad Move,Try To Faint,Check Viability,Smart Switching,Omniscient	6	43	44	FALSE	TRUE	Emboar:44:Bull Rush:Muscle Band:Adamant:Flare Blitz,Earthquake,Sucker Punch,Jump Kick|Arcanine-Hisui:43:Rock Head:Expert Belt:Jolly:Flare Blitz,Head Smash,Accelerock,Wild Charge|Conkeldurr:43:Sheer Force:Life Orb:Adamant:Low Sweep,Mach Punch,Ice Punch,Bulk Up|Salazzle:43:Corrosion:Air Balloon:Timid:Flamethrower,Toxic,Sludge Bomb,Hidden Power|Houndoom:44:Flash Fire:Houndoominite:Timid:Flamethrower,Dark Pulse,Sludge Bomb,Scorching Sands|Houndoom-Mega:44:Dark Aura:Houndoominite:Timid:Flamethrower,Dark Pulse,Sludge Bomb,Scorching Sands	31 hp,31 at,31 df,31 sa,31 sd,31 sp|31 hp,31 at,31 df,31 sa,31 sd,31 sp|31 hp,31 at,31 df,31 sa,31 sd,31 sp|31 hp,30 at,31 df,30 sa,31 sd,31 sp|31 hp,31 at,31 df,31 sa,31 sd,31 sp|31 hp,31 at,31 df,31 sa,31 sd,31 sp	6 hp,252 at,252 sp|6 hp,252 at,252 sp|6 hp,252 at,252 sp|6 hp,252 sa,252 sp|6 hp,252 sa,252 sp|6 hp,252 sa,252 sp	hzla_dynamic_calc_imp_1-3	Asserted	7	exact
598	Cooltrainer Jonathan	Cooltrainer Jonathan	1	route	Singles	Check Bad Move,Try To Faint,Force Setup First Turn	2	70	70	FALSE	FALSE	Aggron:70:UNK:NONE:Hardy:Double-Edge,Autotomize,Heavy Slam,Metal Burst|Wyrdeer:70:UNK:NONE:Hardy:Imprison,Captivate,Calm Mind,Me First	0 hp,0 at,0 df,0 sa,0 sd,0 sp|0 hp,0 at,0 df,0 sa,0 sd,0 sp	0|0	hzla_dynamic_calc_imp_1-3	Asserted	NA	NA
599	Lvl -2 Rival Brendan Rustboro Torchic	Lvl -2 Rival Brendan Rustboro Torchic	1	route	Singles	Check Bad Move,Try To Faint,Check Viability,Smart Switching,Omniscient	4	-1	-2	TRUE	FALSE	Golbat:-2:Sniper:Muscle Band:Jolly:Wing Attack,Cross Poison,Bite,U-turn|Hattrem:-2:Magic Bounce:Wise Glasses:Modest:Draining Kiss,Psybeam,Thunder Wave,Life Dew|Kubfu:-2:Inner Focus:Muscle Band:Adamant:Rock Smash,Aerial Ace,Headbutt,Fire Punch|Marshtomp:-1:Torrent:Sitrus Berry:Quiet:Water Pulse,Rock Tomb,Mud Shot,Ice Punch	31 hp,31 at,31 df,31 sa,31 sd,31 sp|31 hp,31 at,31 df,31 sa,31 sd,31 sp|31 hp,31 at,31 df,31 sa,31 sd,31 sp|31 hp,31 at,31 df,31 sa,31 sd,31 sp	0|0|0|0	hzla_dynamic_calc_imp_1-3	Asserted	NA	NA
600	Lvl -2 Rival May Rustboro Mudkip	Lvl -2 Rival May Rustboro Mudkip	1	route	Singles	Check Bad Move,Try To Faint,Check Viability,Smart Switching,Omniscient	4	-1	-2	TRUE	FALSE	Golbat:-2:Sniper:Muscle Band:Jolly:Wing Attack,Cross Poison,Bite,U-turn|Hattrem:-2:Magic Bounce:Wise Glasses:Modest:Draining Kiss,Psybeam,Thunder Wave,Life Dew|Kubfu:-2:Inner Focus:Muscle Band:Adamant:Rock Smash,Aerial Ace,Headbutt,Rock Tomb|Grovyle:-1:Overgrow:Sitrus Berry:Adamant:Bullet Seed,Rock Tomb,Fury Cutter,Assurance	31 hp,31 at,31 df,31 sa,31 sd,31 sp|31 hp,31 at,31 df,31 sa,31 sd,31 sp|31 hp,31 at,31 df,31 sa,31 sd,31 sp|31 hp,31 at,31 df,31 sa,31 sd,31 sp	0|0|0|0	hzla_dynamic_calc_imp_1-3	Asserted	NA	NA
601	Magma Leader Maxie Magma Hideout	Magma Leader Maxie Magma Hideout	1	team_boss	Doubles	Check Bad Move,Try To Faint,Check Viability,Smart Switching,Omniscient	7	80	80	FALSE	TRUE	Incineroar:80:Intimidate:Assault Vest:Jolly:Fake Out,Darkest Lariat,Flare Blitz,Bulldoze|Hawlucha:80:Unburden:White Herb:Adamant:Close Combat,Acrobatics,Swords Dance,Poison Jab|Cacturne:80:Water Absorb:Life Orb:Timid:Energy Ball,Sucker Punch,Dark Pulse,Scorching Sands|Chi-Yu:80:Beads of Ruin:Choice Specs:Timid:Heat Wave,Dark Pulse,Psychic,Hidden Power|Camerupt:80:Solid Rock:Cameruptite:Modest:Heat Wave,Ancient Power,Earth Power,Eruption|Groudon:80:Drought:Red Orb:Jolly:Precipice Blades,Fire Punch,Body Press,Rock Slide|Groudon-Primal:80:Desolate Land:Red Orb:Jolly:Precipice Blades,Fire Punch,Body Press,Rock Slide	31 hp,31 at,31 df,31 sa,31 sd,31 sp|31 hp,31 at,31 df,31 sa,31 sd,31 sp|31 hp,31 at,31 df,31 sa,31 sd,31 sp|31 hp,30 at,31 df,30 sa,31 sd,31 sp|31 hp,31 at,31 df,31 sa,31 sd,31 sp|31 hp,31 at,31 df,31 sa,31 sd,31 sp|31 hp,31 at,31 df,31 sa,31 sd,31 sp	6 hp,252 at,252 sp|6 hp,252 at,252 sp|6 hp,252 sa,252 sp|6 hp,252 sa,252 sp|6 hp,252 sa,252 sp|6 hp,252 at,252 sp|6 hp,252 at,252 sp	hzla_dynamic_calc_imp_1-3	Asserted	16	exact
602	Magma Leader Maxie Mt Chimney	Magma Leader Maxie Mt Chimney	1	team_boss	Singles	Check Bad Move,Try To Faint,Check Viability,Smart Switching,Omniscient	7	44	44	FALSE	TRUE	Gigalith:44:Sturdy:Custap Berry:Adamant:Rock Slide,Earthquake,Explosion,Body Press|Cacturne:44:Water Absorb:Life Orb:Mild:Energy Ball,Sucker Punch,Dark Pulse,Scorching Sands|Coalossal:44:Steam Engine:Air Balloon:Relaxed:Flamethrower,Rock Slide,Will-O-Wisp,Scald|Hawlucha:44:Unburden:White Herb:Jolly:Close Combat,Acrobatics,Swords Dance,Poison Jab|Chi-Yu:44:Beads of Ruin:Choice Specs:Timid:Flamethrower,Dark Pulse,Psychic,Hidden Power|Camerupt:44:Solid Rock:Cameruptite:Modest:Flamethrower,Ancient Power,Earth Power,Slack Off|Camerupt-Mega:44:Sheer Force:Cameruptite:Modest:Flamethrower,Ancient Power,Earth Power,Slack Off	31 hp,31 at,31 df,31 sa,31 sd,31 sp|31 hp,31 at,31 df,31 sa,31 sd,31 sp|31 hp,31 at,31 df,31 sa,31 sd,31 sp|31 hp,31 at,31 df,31 sa,31 sd,31 sp|31 hp,30 at,31 df,30 sa,31 sd,31 sp|31 hp,31 at,31 df,31 sa,31 sd,31 sp|31 hp,31 at,31 df,31 sa,31 sd,31 sp	6 hp,252 at,252 sp|6 at,252 sa,252 sp|252 hp,252 df,6 sd|6 hp,252 at,252 sp|6 hp,252 sa,252 sp|6 hp,252 sa,252 sp|6 hp,252 sa,252 sp	hzla_dynamic_calc_imp_1-3	Asserted	7	exact
603	Lass Tiana	Lass Tiana	1	route	Singles	Check Bad Move	2	5	5	FALSE	FALSE	Jigglypuff:5:UNK:NONE:Hardy:Sing,Defense Curl,Pound|Shroomish:5:UNK:NONE:Hardy:Absorb,Tackle,Stun Spore	0 hp,0 at,0 df,0 sa,0 sd,0 sp|0 hp,0 at,0 df,0 sa,0 sd,0 sp	0|0	hzla_dynamic_calc_imp_1-3	Asserted	NA	NA
604	Lass Haley	Lass Haley	1	route	Singles	Check Bad Move	3	8	8	FALSE	FALSE	Lotad:8:UNK:NONE:Hardy:Absorb,Bubble|Pansage:8:UNK:NONE:Hardy:Scratch,Play Nice,Leer,Lick|Rookidee:8:UNK:NONE:Hardy:Wing Attack,Tackle	0 hp,0 at,0 df,0 sa,0 sd,0 sp|0 hp,0 at,0 df,0 sa,0 sd,0 sp|0 hp,0 at,0 df,0 sa,0 sd,0 sp	0|0|0	hzla_dynamic_calc_imp_1-3	Asserted	NA	NA
605	Lass Janice	Lass Janice	1	route	Singles	Check Bad Move	1	17	17	FALSE	FALSE	Dedenne:17:UNK:NONE:Hardy:Thunder Shock,Charge,Charm,Shock Wave	0 hp,0 at,0 df,0 sa,0 sd,0 sp	0	hzla_dynamic_calc_imp_1-3	Asserted	NA	NA
606	Lvl -1 Winstrate Vivi	Lvl -1 Winstrate Vivi	1	route	Singles	Check Bad Move,Try To Faint,Check Viability,Smart Switching,Omniscient	3	-1	-2	TRUE	TRUE	Pelipper:-2:Drizzle:Sharp Beak:Timid:Hurricane,Scald,Roost,Ice Beam|Scizor:-1:Technician:Scizorite:Jolly:Bullet Punch,Swords Dance,Pounce,Dual Wingbeat|Scizor-Mega:-1:Technician:Scizorite:Jolly:Bullet Punch,Swords Dance,Pounce,Dual Wingbeat	31 hp,31 at,31 df,31 sa,31 sd,31 sp|31 hp,31 at,31 df,31 sa,31 sd,31 sp|31 hp,31 at,31 df,31 sa,31 sd,31 sp	6 hp,252 sa,252 sp|6 hp,252 at,252 sp|6 hp,252 at,252 sp	hzla_dynamic_calc_imp_1-3	Asserted	NA	NA
607	Lass Haley2	Lass Haley	2	route	Singles	Check Bad Move	3	8	8	FALSE	FALSE	Lotad:8:UNK:NONE:Hardy:Absorb,Bubble|Pansage:8:UNK:NONE:Hardy:Scratch,Play Nice,Leer,Lick|Rookidee:8:UNK:NONE:Hardy:Wing Attack,Tackle	0 hp,0 at,0 df,0 sa,0 sd,0 sp|0 hp,0 at,0 df,0 sa,0 sd,0 sp|0 hp,0 at,0 df,0 sa,0 sd,0 sp	0|0|0	hzla_dynamic_calc_imp_1-3	Asserted	NA	NA
608	Lass Haley3	Lass Haley	3	route	Singles	Check Bad Move	3	8	8	FALSE	FALSE	Lotad:8:UNK:NONE:Hardy:Absorb,Bubble|Pansage:8:UNK:NONE:Hardy:Scratch,Play Nice,Leer,Lick|Rookidee:8:UNK:NONE:Hardy:Wing Attack,Tackle	0 hp,0 at,0 df,0 sa,0 sd,0 sp|0 hp,0 at,0 df,0 sa,0 sd,0 sp|0 hp,0 at,0 df,0 sa,0 sd,0 sp	0|0|0	hzla_dynamic_calc_imp_1-3	Asserted	NA	NA
609	Lass Haley4	Lass Haley	4	route	Singles	Check Bad Move	3	8	8	FALSE	FALSE	Lotad:8:UNK:NONE:Hardy:Absorb,Bubble|Pansage:8:UNK:NONE:Hardy:Scratch,Play Nice,Leer,Lick|Rookidee:8:UNK:NONE:Hardy:Wing Attack,Tackle	0 hp,0 at,0 df,0 sa,0 sd,0 sp|0 hp,0 at,0 df,0 sa,0 sd,0 sp|0 hp,0 at,0 df,0 sa,0 sd,0 sp	0|0|0	hzla_dynamic_calc_imp_1-3	Asserted	NA	NA
610	Lass Haley5	Lass Haley	5	route	Singles	Check Bad Move	3	8	8	FALSE	FALSE	Lotad:8:UNK:NONE:Hardy:Absorb,Bubble|Pansage:8:UNK:NONE:Hardy:Scratch,Play Nice,Leer,Lick|Rookidee:8:UNK:NONE:Hardy:Wing Attack,Tackle	0 hp,0 at,0 df,0 sa,0 sd,0 sp|0 hp,0 at,0 df,0 sa,0 sd,0 sp|0 hp,0 at,0 df,0 sa,0 sd,0 sp	0|0|0	hzla_dynamic_calc_imp_1-3	Asserted	NA	NA
611	Lvl -1 Lass Sally	Lvl -1 Lass Sally	1	route	Singles	Check Bad Move,Try To Faint,Check Viability,Smart Switching,Omniscient	5	-1	-2	TRUE	TRUE	Arbok:-2:Intimidate:Focus Sash:Adamant:Poison Jab,Crunch,Sucker Punch,Earthquake|Grafaiai:-2:Poison Touch:Normal Gem:Jolly:Fury Swipes,Poison Jab,Knock Off,Parting Shot|Toxicroak:-2:Poison Touch:Expert Belt:Jolly:Fake Out,Poison Jab,Drain Punch,Sucker Punch|Gengar:-2:Levitate:Life Orb:Timid:Shadow Ball,Psychic,Focus Blast,Sludge Bomb|Iron Moth:-1:Quark Drive:Air Balloon:Timid:Sludge Wave,Fiery Dance,Dazzling Gleam,Energy Ball	31 hp,31 at,31 df,31 sa,31 sd,31 sp|31 hp,31 at,31 df,31 sa,31 sd,31 sp|31 hp,31 at,31 df,31 sa,31 sd,31 sp|31 hp,31 at,31 df,31 sa,31 sd,31 sp|31 hp,31 at,31 df,31 sa,31 sd,31 sp	6 hp,252 at,252 sp|6 hp,252 at,252 sp|6 hp,252 at,252 sp|6 hp,252 sa,252 sp|6 hp,252 sa,252 sp	hzla_dynamic_calc_imp_1-3	Asserted	NA	NA
612	Lvl -1 Lass Robin	Lvl -1 Lass Robin	1	route	Singles	Check Bad Move,Try To Faint,Check Viability,Smart Switching,Omniscient	7	-1	-2	TRUE	TRUE	Weezing-Galar:-2:Levitate:Black Sludge:Bold:Strange Steam,Clear Smog,Heat Wave,Sludge Bomb|Ariados:-2:Sniper:Scope Lens:Jolly:Cross Poison,Megahorn,Sucker Punch,Night Slash|Tentacruel:-2:Clear Body:Leftovers:Timid:Hydro Pump,Sludge Bomb,Hex,Toxic|Toxtricity:-2:Punk Rock:Life Orb:Timid:Overdrive,Boomburst,Psychic Noise,Sludge Bomb|Garbodor:-2:Weak Armor:Garbodorite:Jolly:Gunk Shot,Body Slam,Drain Punch,Earthquake|Nihilego:-1:Beast Boost:Air Balloon:Timid:Sludge Wave,Power Gem,Dazzling Gleam,Grass Knot|Garbodor-Mega:-2:Parasitic Waste:Garbodorite:Jolly:Gunk Shot,Body Slam,Drain Punch,Earthquake	31 hp,31 at,31 df,31 sa,31 sd,31 sp|31 hp,31 at,31 df,31 sa,31 sd,31 sp|31 hp,31 at,31 df,31 sa,31 sd,31 sp|31 hp,31 at,31 df,31 sa,31 sd,31 sp|31 hp,31 at,31 df,31 sa,31 sd,31 sp|31 hp,31 at,31 df,31 sa,31 sd,31 sp|31 hp,31 at,31 df,31 sa,31 sd,31 sp	252 hp,252 df,6 sa|6 hp,252 at,252 sp|6 hp,252 sa,252 sp|6 hp,252 sa,252 sp|6 hp,252 at,252 sp|6 hp,252 sa,252 sp|6 hp,252 at,252 sp	hzla_dynamic_calc_imp_1-3	Asserted	NA	NA
613	Lass Andrea	Lass Andrea	1	route	Singles	Check Bad Move	1	72	72	FALSE	FALSE	Slurpuff:72:UNK:NONE:Hardy:Wish,Play Rough,Light Screen,Safeguard	0 hp,0 at,0 df,0 sa,0 sd,0 sp	0	hzla_dynamic_calc_imp_1-3	Asserted	NA	NA
614	Lass Crissy	Lass Crissy	1	route	Singles	Check Bad Move	2	70	70	FALSE	FALSE	Shiinotic:70:UNK:NONE:Hardy:Moonblast,Dream Eater,Spotlight,Sparkly Swirl|Klefki:70:UNK:NONE:Hardy:Recycle,Play Rough,Magic Room,Heal Block	0 hp,0 at,0 df,0 sa,0 sd,0 sp|0 hp,0 at,0 df,0 sa,0 sd,0 sp	0|0	hzla_dynamic_calc_imp_1-3	Asserted	NA	NA
615	Bug Catcher Rick	Bug Catcher Rick	1	route	Singles	Check Bad Move	2	5	5	FALSE	FALSE	Grubbin:5:UNK:NONE:Hardy:Vise Grip,String Shot|Joltik:5:UNK:NONE:Hardy:String Shot,Mega Drain,Spider Web,Thunder Wave	0 hp,0 at,0 df,0 sa,0 sd,0 sp|0 hp,0 at,0 df,0 sa,0 sd,0 sp	0|0	hzla_dynamic_calc_imp_1-3	Asserted	NA	NA
616	Bug Catcher Lyle	Bug Catcher Lyle	1	route	Singles	Check Bad Move	4	6	6	FALSE	FALSE	Wurmple:6:UNK:NONE:Hardy:Tackle,String Shot,Poison Sting|Blipbug:6:UNK:NONE:Hardy:Struggle Bug|Dewpider:6:UNK:NONE:Hardy:Water Sport,Bubble,Infestation|Spinarak:6:UNK:NONE:Hardy:Poison Sting,String Shot,Constrict,Absorb	0 hp,0 at,0 df,0 sa,0 sd,0 sp|0 hp,0 at,0 df,0 sa,0 sd,0 sp|0 hp,0 at,0 df,0 sa,0 sd,0 sp|0 hp,0 at,0 df,0 sa,0 sd,0 sp	0|0|0|0	hzla_dynamic_calc_imp_1-3	Asserted	NA	NA
617	Bug Catcher Jose	Bug Catcher Jose	1	route	Singles	Check Bad Move	2	9	10	FALSE	FALSE	Ledyba:9:UNK:NONE:Hardy:Tackle,Supersonic,Swift|Spewpa:10:UNK:NONE:Hardy:Detect,Detect,Harden	6 hp,6 at,6 df,6 sa,6 sd,6 sp|6 hp,6 at,6 df,6 sa,6 sd,6 sp	0|0	hzla_dynamic_calc_imp_1-3	Asserted	NA	NA
618	Bug Catcher Doug	Bug Catcher Doug	1	route	Singles	Check Bad Move	2	58	58	FALSE	FALSE	Dhelmise:58:UNK:NONE:Hardy:Heavy Slam,Phantom Force,Power Whip,Spirit Shackle|Carnivine:58:UNK:NONE:Hardy:Swallow,Crunch,Wring Out,Power Whip	0 hp,0 at,0 df,0 sa,0 sd,0 sp|0 hp,0 at,0 df,0 sa,0 sd,0 sp	0|0	hzla_dynamic_calc_imp_1-3	Asserted	NA	NA
619	Bug Catcher Greg	Bug Catcher Greg	1	route	Singles	Check Bad Move	2	58	58	FALSE	FALSE	Ledyba:58:UNK:NONE:Hardy:Comet Punch,Agility,Bug Buzz,Double-Edge|Lokix:58:UNK:NONE:Hardy:Sucker Punch,First Impression,Bounce,Axe Kick	0 hp,0 at,0 df,0 sa,0 sd,0 sp|0 hp,0 at,0 df,0 sa,0 sd,0 sp	0|0	hzla_dynamic_calc_imp_1-3	Asserted	NA	NA
620	Bug Catcher Kent	Bug Catcher Kent	1	route	Singles	Check Bad Move	1	60	60	FALSE	FALSE	Pinsir:60:UNK:NONE:Hardy:Superpower,Slash,Swords Dance,Megahorn	0 hp,0 at,0 df,0 sa,0 sd,0 sp	0	hzla_dynamic_calc_imp_1-3	Asserted	NA	NA
621	Bug Catcher James	Bug Catcher James	1	route	Singles	Check Bad Move	2	7	7	FALSE	FALSE	Nincada:7:UNK:NONE:Hardy:Scratch,Harden,Absorb|Sizzlipede:7:UNK:NONE:Hardy:Ember,Bug Bite,Wrap	0 hp,0 at,0 df,0 sa,0 sd,0 sp|0 hp,0 at,0 df,0 sa,0 sd,0 sp	0|0	hzla_dynamic_calc_imp_1-3	Asserted	NA	NA
622	Bug Catcher James2	Bug Catcher James	2	route	Singles	Check Bad Move	2	7	7	FALSE	FALSE	Nincada:7:UNK:NONE:Hardy:Scratch,Harden,Absorb|Sizzlipede:7:UNK:NONE:Hardy:Ember,Bug Bite,Wrap	0 hp,0 at,0 df,0 sa,0 sd,0 sp|0 hp,0 at,0 df,0 sa,0 sd,0 sp	0|0	hzla_dynamic_calc_imp_1-3	Asserted	NA	NA
623	Bug Catcher James3	Bug Catcher James	3	route	Singles	Check Bad Move	2	7	7	FALSE	FALSE	Nincada:7:UNK:NONE:Hardy:Scratch,Harden,Absorb|Sizzlipede:7:UNK:NONE:Hardy:Ember,Bug Bite,Wrap	0 hp,0 at,0 df,0 sa,0 sd,0 sp|0 hp,0 at,0 df,0 sa,0 sd,0 sp	0|0	hzla_dynamic_calc_imp_1-3	Asserted	NA	NA
624	Bug Catcher James4	Bug Catcher James	4	route	Singles	Check Bad Move	2	7	7	FALSE	FALSE	Nincada:7:UNK:NONE:Hardy:Scratch,Harden,Absorb|Sizzlipede:7:UNK:NONE:Hardy:Ember,Bug Bite,Wrap	0 hp,0 at,0 df,0 sa,0 sd,0 sp|0 hp,0 at,0 df,0 sa,0 sd,0 sp	0|0	hzla_dynamic_calc_imp_1-3	Asserted	NA	NA
625	Bug Catcher James5	Bug Catcher James	5	route	Singles	Check Bad Move	2	7	7	FALSE	FALSE	Nincada:7:UNK:NONE:Hardy:Scratch,Harden,Absorb|Sizzlipede:7:UNK:NONE:Hardy:Ember,Bug Bite,Wrap	0 hp,0 at,0 df,0 sa,0 sd,0 sp|0 hp,0 at,0 df,0 sa,0 sd,0 sp	0|0	hzla_dynamic_calc_imp_1-3	Asserted	NA	NA
626	Leader Wake	Leader Wake	1	gym_leader	Singles	Check Bad Move,Try To Faint,Check Viability,Smart Switching,Omniscient	7	-1	0	TRUE	TRUE	Politoed:-1:Drizzle:Damp Rock:Modest:Scald,Ice Beam,Haze,Psychic|Gyarados:-1:Moxie:Focus Sash:Jolly:Aqua Tail,Earthquake,Ice Fang,Dragon Dance|Kingdra:-1:Swift Swim:Life Orb:Timid:Hurricane,Dragon Pulse,Surf,Ice Beam|Toedscruel:-1:Clear Body:Assault Vest:Timid:Sludge Bomb,Flash Cannon,Earth Power,Energy Ball|Urshifu-Rapid-Strike:0:Unseen Fist:Expert Belt:Jolly:Drain Punch,Surging Strikes,Bulk Up,Poison Jab|Lapras:0:Water Absorb:Laprasite:Modest:Boomburst,Dragon Pulse,Ice Beam,Thunderbolt|Lapras-Mega:0:Liquid Voice:Laprasite:Modest:Boomburst,Dragon Pulse,Ice Beam,Thunderbolt	31 hp,31 at,31 df,31 sa,31 sd,31 sp|31 hp,31 at,31 df,31 sa,31 sd,31 sp|31 hp,31 at,31 df,31 sa,31 sd,31 sp|31 hp,31 at,31 df,31 sa,31 sd,31 sp|31 hp,31 at,31 df,31 sa,31 sd,31 sp|31 hp,31 at,31 df,31 sa,31 sd,31 sp|31 hp,31 at,31 df,31 sa,31 sd,31 sp	6 hp,252 sa,252 sp|6 hp,252 at,252 sp|6 hp,252 sa,252 sp|6 hp,252 sa,252 sp|6 hp,252 at,252 sp|6 hp,252 sa,252 sp|6 hp,252 sa,252 sp	hzla_dynamic_calc_imp_1-3	Asserted	DYNAMIC	player_relative
627	Lvl -2 Hiker Trent	Lvl -2 Hiker Trent	1	route	Singles	Check Bad Move,Try To Faint,Check Viability,Smart Switching,Omniscient	4	-2	-2	TRUE	TRUE	Avalugg-Hisui:-2:Sturdy:Never-Melt Ice:Impish:Avalanche,Body Press,Rock Slide,Ice Shard|Runerigus:-2:Shadow Shield:Leftovers:Impish:Shadow Claw,Earthquake,Shadow Sneak,Stone Edge|Turtonator:-2:Dauntless Shield:White Herb:Calm:Flamethrower,Aura Sphere,Dragon Pulse,Shell Smash|Bellossom:-2:Chlorophyll:Leftovers:Timid:Giga Drain,Sludge Bomb,Moonblast,Quiver Dance	31 hp,31 at,31 df,31 sa,31 sd,31 sp|31 hp,31 at,31 df,31 sa,31 sd,31 sp|31 hp,31 at,31 df,31 sa,31 sd,31 sp|31 hp,31 at,31 df,31 sa,31 sd,31 sp	252 hp,6 at,252 df|252 hp,6 at,252 df|252 hp,6 sa,252 sd|6 hp,252 sa,252 sp	hzla_dynamic_calc_imp_1-3	Asserted	NA	NA
628	Hiker Lenny	Hiker Lenny	1	route	Singles	Check Bad Move	2	38	38	FALSE	FALSE	Amoonguss:38:UNK:NONE:Hardy:Sweet Scent,Giga Drain,Toxic,Synthesis|Claydol:38:UNK:NONE:Hardy:Self-Destruct,Extrasensory,Guard Split,Power Split	0 hp,0 at,0 df,0 sa,0 sd,0 sp|0 hp,0 at,0 df,0 sa,0 sd,0 sp	0|0	hzla_dynamic_calc_imp_1-3	Asserted	NA	NA
629	Lvl -2 Hiker Lucas	Lvl -2 Hiker Lucas	1	route	Singles	Check Bad Move,Try To Faint,Check Viability,Smart Switching,Omniscient	5	-2	-2	TRUE	TRUE	Lunatone:-2:Levitate:Focus Sash:Timid:Psychic,Power Gem,Hypnosis,Blizzard|Eiscue:-2:Ice Face:Salac Berry:Jolly:Belly Drum,Icicle Crash,Liquidation,Zen Headbutt|Ninetales-Alola:-2:Snow Warning:Light Clay:Timid:Aurora Veil,Moonblast,Energy Ball,Blizzard|Toxicroak:-2:Dry Skin:Muscle Band:Jolly:Fake Out,Poison Jab,Drain Punch,Sucker Punch|Arctozolt:-2:Slush Rush:Life Orb:Jolly:Bolt Beak,Icicle Crash,Pluck,Rock Slide	31 hp,31 at,31 df,31 sa,31 sd,31 sp|31 hp,31 at,31 df,31 sa,31 sd,31 sp|31 hp,31 at,31 df,31 sa,31 sd,31 sp|31 hp,31 at,31 df,31 sa,31 sd,31 sp|31 hp,31 at,31 df,31 sa,31 sd,31 sp	6 hp,252 sa,252 sp|6 hp,252 at,252 sp|6 hp,252 sa,252 sp|6 hp,252 at,252 sp|6 hp,252 at,252 sp	hzla_dynamic_calc_imp_1-3	Asserted	NA	NA
630	Lvl -1 Hiker Alan	Lvl -1 Hiker Alan	1	route	Singles	Check Bad Move,Try To Faint,Check Viability,Smart Switching,Omniscient	6	-1	-2	TRUE	TRUE	Magnezone:-2:Sturdy:Air Balloon:Modest:Thunderbolt,Flash Cannon,Tri Attack,Volt Switch|Ferrothorn:-2:Iron Barbs:Rocky Helmet:Relaxed:Power Whip,Gyro Ball,Leech Seed,Thunder Wave|Claydol:-2:Levitate:Custap Berry:Sassy:Earth Power,Psychic,Ice Beam,Explosion|Steelix:-2:Rock Head:Steelixite:Impish:Earthquake,Stone Edge,Heavy Slam,Curse|Stakataka:-1:Beast Boost:Air Balloon:Impish:Gyro Ball,Rock Slide,Body Press,Earthquake|Steelix-Mega:-2:Heatproof:Steelixite:Impish:Earthquake,Stone Edge,Heavy Slam,Curse	31 hp,31 at,31 df,31 sa,31 sd,31 sp|31 hp,31 at,31 df,31 sa,31 sd,31 sp|31 hp,31 at,31 df,31 sa,31 sd,31 sp|31 hp,31 at,31 df,31 sa,31 sd,31 sp|31 hp,31 at,31 df,31 sa,31 sd,31 sp|31 hp,31 at,31 df,31 sa,31 sd,31 sp	6 hp,252 sa,252 sp|252 hp,6 at,252 df|6 hp,252 sa,252 sd|252 hp,6 at,252 df|252 hp,6 at,252 df|252 hp,6 at,252 df	hzla_dynamic_calc_imp_1-3	Asserted	NA	NA
631	Hiker Clark	Hiker Clark	1	route	Singles	Check Bad Move	1	10	10	FALSE	FALSE	Geodude:10:UNK:NONE:Hardy:Defense Curl,Mud Sport,Rock Polish,Rollout	0 hp,0 at,0 df,0 sa,0 sd,0 sp	0	hzla_dynamic_calc_imp_1-3	Asserted	NA	NA
632	Hiker Eric	Hiker Eric	1	route	Singles	Check Bad Move	2	39	39	FALSE	FALSE	Wormadam-Sandy:39:UNK:NONE:Hardy:Harden,Earth Power,Captivate,Flail|Golem-Alola:39:UNK:NONE:Hardy:Thunder Punch,Self-Destruct,Stealth Rock,Rock Blast	0 hp,0 at,0 df,0 sa,0 sd,0 sp|0 hp,0 at,0 df,0 sa,0 sd,0 sp	0|0	hzla_dynamic_calc_imp_1-3	Asserted	NA	NA
633	Lvl -2 Hiker Lucas2	Lvl -2 Hiker Lucas	2	route	Singles	Check Bad Move	5	-2	-2	TRUE	TRUE	Lunatone:-2:Levitate:Focus Sash:Timid:Psychic,Power Gem,Hypnosis,Blizzard|Eiscue:-2:Ice Face:Salac Berry:Jolly:Belly Drum,Icicle Crash,Liquidation,Zen Headbutt|Ninetales-Alola:-2:Snow Warning:Light Clay:Timid:Aurora Veil,Moonblast,Energy Ball,Blizzard|Toxicroak:-2:Dry Skin:Muscle Band:Jolly:Fake Out,Poison Jab,Drain Punch,Sucker Punch|Arctozolt:-2:Slush Rush:Life Orb:Jolly:Bolt Beak,Icicle Crash,Pluck,Rock Slide	31 hp,31 at,31 df,31 sa,31 sd,31 sp|31 hp,31 at,31 df,31 sa,31 sd,31 sp|31 hp,31 at,31 df,31 sa,31 sd,31 sp|31 hp,31 at,31 df,31 sa,31 sd,31 sp|31 hp,31 at,31 df,31 sa,31 sd,31 sp	6 hp,252 sa,252 sp|6 hp,252 at,252 sp|6 hp,252 sa,252 sp|6 hp,252 at,252 sp|6 hp,252 at,252 sp	hzla_dynamic_calc_imp_1-3	Asserted	NA	NA
634	Hiker Mike	Hiker Mike	1	route	Singles	Check Bad Move	3	28	28	FALSE	FALSE	Hitmontop:28:UNK:NONE:Hardy:Quick Attack,Rapid Spin,Feint,Sucker Punch|Klawf:28:UNK:NONE:Hardy:Detect,Rock Blast,X-Scissor,Flail|Escavalier:28:UNK:NONE:Hardy:Bug Bite,Headbutt,False Swipe,Bug Buzz	0 hp,0 at,0 df,0 sa,0 sd,0 sp|0 hp,0 at,0 df,0 sa,0 sd,0 sp|0 hp,0 at,0 df,0 sa,0 sd,0 sp	0|0|0	hzla_dynamic_calc_imp_1-3	Asserted	NA	NA
635	Hiker Mike2	Hiker Mike	2	route	Singles	Check Bad Move	3	28	28	FALSE	FALSE	Hitmontop:28:UNK:NONE:Hardy:Quick Attack,Rapid Spin,Feint,Sucker Punch|Klawf:28:UNK:NONE:Hardy:Detect,Rock Blast,X-Scissor,Flail|Escavalier:28:UNK:NONE:Hardy:Bug Bite,Headbutt,False Swipe,Bug Buzz	0 hp,0 at,0 df,0 sa,0 sd,0 sp|0 hp,0 at,0 df,0 sa,0 sd,0 sp|0 hp,0 at,0 df,0 sa,0 sd,0 sp	0|0|0	hzla_dynamic_calc_imp_1-3	Asserted	NA	NA
636	Lvl -2 Hiker Trent2	Lvl -2 Hiker Trent	2	route	Singles	Check Bad Move	4	-2	-2	TRUE	TRUE	Avalugg-Hisui:-2:Sturdy:Never-Melt Ice:Impish:Avalanche,Body Press,Rock Slide,Ice Shard|Runerigus:-2:Shadow Shield:Leftovers:Impish:Shadow Claw,Earthquake,Shadow Sneak,Will-O-Wisp|Turtonator:-2:Dauntless Shield:White Herb:Calm:Flamethrower,Aura Sphere,Dragon Pulse,Shell Smash|Bellossom:-2:Chlorophyll:Leftovers:Timid:Giga Drain,Sludge Bomb,Moonblast,Quiver Dance	31 hp,31 at,31 df,31 sa,31 sd,31 sp|31 hp,31 at,31 df,31 sa,31 sd,31 sp|31 hp,31 at,31 df,31 sa,31 sd,31 sp|31 hp,31 at,31 df,31 sa,31 sd,31 sp	252 hp,6 at,252 df|252 hp,6 at,252 df|252 hp,6 sa,252 sd|6 hp,252 sa,252 sp	hzla_dynamic_calc_imp_1-3	Asserted	NA	NA
637	Lvl -2 Hiker Trent3	Lvl -2 Hiker Trent	3	route	Singles	Check Bad Move	4	-2	-2	TRUE	TRUE	Avalugg-Hisui:-2:Sturdy:Never-Melt Ice:Impish:Avalanche,Body Press,Rock Slide,Ice Shard|Runerigus:-2:Shadow Shield:Leftovers:Impish:Shadow Claw,Earthquake,Shadow Sneak,Will-O-Wisp|Turtonator:-2:Dauntless Shield:White Herb:Calm:Flamethrower,Aura Sphere,Dragon Pulse,Shell Smash|Bellossom:-2:Chlorophyll:Leftovers:Timid:Giga Drain,Sludge Bomb,Moonblast,Quiver Dance	31 hp,31 at,31 df,31 sa,31 sd,31 sp|31 hp,31 at,31 df,31 sa,31 sd,31 sp|31 hp,31 at,31 df,31 sa,31 sd,31 sp|31 hp,31 at,31 df,31 sa,31 sd,31 sp	252 hp,6 at,252 df|252 hp,6 at,252 df|252 hp,6 sa,252 sd|6 hp,252 sa,252 sp	hzla_dynamic_calc_imp_1-3	Asserted	NA	NA
638	Lvl -2 Hiker Trent4	Lvl -2 Hiker Trent	4	route	Singles	Check Bad Move	4	-2	-2	TRUE	TRUE	Avalugg-Hisui:-2:Sturdy:Never-Melt Ice:Impish:Avalanche,Body Press,Rock Slide,Ice Shard|Runerigus:-2:Shadow Shield:Leftovers:Impish:Shadow Claw,Earthquake,Shadow Sneak,Will-O-Wisp|Turtonator:-2:Dauntless Shield:White Herb:Calm:Flamethrower,Aura Sphere,Dragon Pulse,Shell Smash|Bellossom:-2:Chlorophyll:Leftovers:Timid:Giga Drain,Sludge Bomb,Moonblast,Quiver Dance	31 hp,31 at,31 df,31 sa,31 sd,31 sp|31 hp,31 at,31 df,31 sa,31 sd,31 sp|31 hp,31 at,31 df,31 sa,31 sd,31 sp|31 hp,31 at,31 df,31 sa,31 sd,31 sp	252 hp,6 at,252 df|252 hp,6 at,252 df|252 hp,6 sa,252 sd|6 hp,252 sa,252 sp	hzla_dynamic_calc_imp_1-3	Asserted	NA	NA
639	Lvl -2 Hiker Trent5	Lvl -2 Hiker Trent	5	route	Singles	Check Bad Move	4	-2	-2	TRUE	TRUE	Avalugg-Hisui:-2:Sturdy:Never-Melt Ice:Impish:Avalanche,Body Press,Rock Slide,Ice Shard|Runerigus:-2:Shadow Shield:Leftovers:Impish:Shadow Claw,Earthquake,Shadow Sneak,Will-O-Wisp|Turtonator:-2:Dauntless Shield:White Herb:Calm:Flamethrower,Aura Sphere,Dragon Pulse,Shell Smash|Bellossom:-2:Chlorophyll:Leftovers:Timid:Giga Drain,Sludge Bomb,Moonblast,Quiver Dance	31 hp,31 at,31 df,31 sa,31 sd,31 sp|31 hp,31 at,31 df,31 sa,31 sd,31 sp|31 hp,31 at,31 df,31 sa,31 sd,31 sp|31 hp,31 at,31 df,31 sa,31 sd,31 sp	252 hp,6 at,252 df|252 hp,6 at,252 df|252 hp,6 sa,252 sd|6 hp,252 sa,252 sp	hzla_dynamic_calc_imp_1-3	Asserted	NA	NA
640	Young Couple Dez And Luke	Young Couple Dez And Luke	1	route	Doubles	Check Bad Move	2	65	65	FALSE	FALSE	Liepard:65:UNK:NONE:Hardy:Night Slash,Snatch,Nasty Plot,Play Rough|Umbreon:65:UNK:NONE:Hardy:Moonlight,Mean Look,Last Resort,Guard Swap	0 hp,0 at,0 df,0 sa,0 sd,0 sp|0 hp,0 at,0 df,0 sa,0 sd,0 sp	0|0	hzla_dynamic_calc_imp_1-3	Asserted	NA	NA
641	* Young Couple Lea And Jed	* Young Couple Lea And Jed	1	route	Doubles	Check Bad Move	2	45	45	FALSE	FALSE	Luvdisc:45:UNK:NONE:Hardy:Take Down,Captivate,Lovely Kiss,Soak|Luvdisc:45:UNK:NONE:Hardy:Take Down,Captivate,Lovely Kiss,Soak	0 hp,0 at,0 df,0 sa,0 sd,0 sp|0 hp,0 at,0 df,0 sa,0 sd,0 sp	0|0	hzla_dynamic_calc_imp_1-3	Asserted	NA	NA
642	Young Couple Kira And Dan	Young Couple Kira And Dan	1	route	Doubles	Check Bad Move	2	56	56	FALSE	FALSE	Volbeat:56:UNK:NONE:Hardy:Bug Buzz,Encore,Double-Edge,Infestation|Illumise:56:UNK:NONE:Hardy:Zen Headbutt,Play Rough,Double-Edge,Infestation	0 hp,0 at,0 df,0 sa,0 sd,0 sp|0 hp,0 at,0 df,0 sa,0 sd,0 sp	0|0	hzla_dynamic_calc_imp_1-3	Asserted	NA	NA
643	Young Couple Kira And Dan2	Young Couple Kira And Dan	2	route	Doubles	Check Bad Move	2	56	56	FALSE	FALSE	Volbeat:56:UNK:NONE:Hardy:Bug Buzz,Encore,Double-Edge,Infestation|Illumise:56:UNK:NONE:Hardy:Zen Headbutt,Play Rough,Double-Edge,Infestation	0 hp,0 at,0 df,0 sa,0 sd,0 sp|0 hp,0 at,0 df,0 sa,0 sd,0 sp	0|0	hzla_dynamic_calc_imp_1-3	Asserted	NA	NA
644	Young Couple Kira And Dan3	Young Couple Kira And Dan	3	route	Doubles	Check Bad Move	2	56	56	FALSE	FALSE	Volbeat:56:UNK:NONE:Hardy:Bug Buzz,Encore,Double-Edge,Infestation|Illumise:56:UNK:NONE:Hardy:Zen Headbutt,Play Rough,Double-Edge,Infestation	0 hp,0 at,0 df,0 sa,0 sd,0 sp|0 hp,0 at,0 df,0 sa,0 sd,0 sp	0|0	hzla_dynamic_calc_imp_1-3	Asserted	NA	NA
645	Young Couple Kira And Dan4	Young Couple Kira And Dan	4	route	Doubles	Check Bad Move	2	56	56	FALSE	FALSE	Volbeat:56:UNK:NONE:Hardy:Bug Buzz,Encore,Double-Edge,Infestation|Illumise:56:UNK:NONE:Hardy:Zen Headbutt,Play Rough,Double-Edge,Infestation	0 hp,0 at,0 df,0 sa,0 sd,0 sp|0 hp,0 at,0 df,0 sa,0 sd,0 sp	0|0	hzla_dynamic_calc_imp_1-3	Asserted	NA	NA
646	Young Couple Kira And Dan5	Young Couple Kira And Dan	5	route	Doubles	Check Bad Move	2	56	56	FALSE	FALSE	Volbeat:56:UNK:NONE:Hardy:Bug Buzz,Encore,Double-Edge,Infestation|Illumise:56:UNK:NONE:Hardy:Zen Headbutt,Play Rough,Double-Edge,Infestation	0 hp,0 at,0 df,0 sa,0 sd,0 sp|0 hp,0 at,0 df,0 sa,0 sd,0 sp	0|0	hzla_dynamic_calc_imp_1-3	Asserted	NA	NA
647	Beauty Johanna 7 Badges	Beauty Johanna 7 Badges	1	route	Singles	Check Bad Move,Try To Faint,Check Viability,Smart Switching,Omniscient	7	0	0	FALSE	TRUE	Palafin:0:Zero To Hero:Choice Band:Adamant:Jet Punch,Flip Turn,Close Combat,Ice Punch|Silvally-Electric:0:RKS System:Electric Memory:Timid:Ice Beam,Thunderbolt,Flamethrower,Surf|Silvally-Water:0:RKS System:Water Memory:Jolly:Multi-Attack,Thunder Fang,Flame Charge,Swords Dance|Hydrapple:0:Regenerator:Assault Vest:Modest:Fickle Beam,Energy Ball,Earth Power,Hidden Power|Silvally-Fairy:0:RKS System:Fairy Memory:Jolly:Multi-Attack,Fire Fang,Psychic Fangs,Swords Dance|Silvally-Steel:0:RKS System:Steel Memory:Hasty:Steel Beam,Explosion,Shadow Claw,Parting Shot|Tyranitar-Mega:0:Sand Stream:Tyranitarite:Jolly:Rock Slide,Crunch,Earthquake,Dragon Dance	31 hp,31 at,31 df,31 sa,31 sd,31 sp|31 hp,31 at,31 df,31 sa,31 sd,31 sp|31 hp,31 at,31 df,31 sa,31 sd,31 sp|31 hp,30 at,31 df,30 sa,31 sd,30 sp|31 hp,31 at,31 df,31 sa,31 sd,31 sp|31 hp,31 at,31 df,31 sa,31 sd,31 sp|31 hp,31 at,31 df,31 sa,31 sd,31 sp	6 hp,252 at,252 sp|6 hp,252 sa,252 sp|6 hp,252 at,252 sp|6 hp,252 sa,252 sp|6 hp,252 at,252 sp|6 at,252 sa,252 sp|6 hp,252 at,252 sp	hzla_dynamic_calc_imp_1-3	Asserted	NA	NA
648	Cooltrainer Gerald	Cooltrainer Gerald	1	route	Singles	Check Bad Move,Try To Faint,Check Viability	1	40	40	FALSE	FALSE	Kecleon:40:UNK:NONE:Hardy:Flamethrower,Fury Swipes,Feint Attack,Bind	0 hp,0 at,0 df,0 sa,0 sd,0 sp	0	hzla_dynamic_calc_imp_1-3	Asserted	NA	NA
649	Battle Girl Vivian	Battle Girl Vivian	1	route	Singles	Check Bad Move	2	27	27	FALSE	FALSE	Togedemaru:27:UNK:NONE:Hardy:Charge,Spark,Nuzzle,Magnet Rise|Emolga:27:UNK:NONE:Hardy:Pursuit,Air Cutter,Shock Wave,Electro Ball	0 hp,0 at,0 df,0 sa,0 sd,0 sp|0 hp,0 at,0 df,0 sa,0 sd,0 sp	0|0	hzla_dynamic_calc_imp_1-3	Asserted	NA	NA
650	Battle Girl Danielle	Battle Girl Danielle	1	route	Singles	Check Bad Move	1	41	41	FALSE	FALSE	Medicham:41:UNK:NONE:Hardy:Mind Reader,High Jump Kick,Psych Up,Power Trick	0 hp,0 at,0 df,0 sa,0 sd,0 sp	0	hzla_dynamic_calc_imp_1-3	Asserted	NA	NA
651	Ninja Boy Hideo	Ninja Boy Hideo	1	route	Singles	Check Bad Move,Try To Faint	2	60	60	FALSE	FALSE	Barraskewda:60:UNK:NONE:Hardy:Laser Focus,Crunch,Liquidation,Double-Edge|Greedent:60:UNK:NONE:Hardy:Counter,Super Fang,Belch,Recycle	0 hp,0 at,0 df,0 sa,0 sd,0 sp|0 hp,0 at,0 df,0 sa,0 sd,0 sp	0|0	hzla_dynamic_calc_imp_1-3	Asserted	NA	NA
652	Ninja Boy Keigo	Ninja Boy Keigo	1	route	Singles	Check Bad Move,Try To Faint	2	64	64	FALSE	FALSE	Miltank:64:UNK:NONE:Hardy:Captivate,Gyro Ball,Heal Bell,Wake-Up Slap|Toxicroak:64:UNK:NONE:Hardy:Poison Jab,Sludge Bomb,Belch,Close Combat	0 hp,0 at,0 df,0 sa,0 sd,0 sp|0 hp,0 at,0 df,0 sa,0 sd,0 sp	0|0	hzla_dynamic_calc_imp_1-3	Asserted	NA	NA
653	Ninja Boy Riley	Ninja Boy Riley	1	route	Singles	Check Bad Move,Try To Faint	2	63	63	FALSE	FALSE	Toxtricity:63:UNK:NONE:Hardy:Poison Jab,Overdrive,Boomburst,Shift Gear|Lopunny:63:UNK:NONE:Hardy:Charm,Entrainment,Bounce,Healing Wish	0 hp,0 at,0 df,0 sa,0 sd,0 sp|0 hp,0 at,0 df,0 sa,0 sd,0 sp	0|0	hzla_dynamic_calc_imp_1-3	Asserted	NA	NA
654	Camper Flint	Camper Flint	1	route	Singles	Check Bad Move	2	60	60	FALSE	FALSE	Swellow:60:UNK:NONE:Hardy:Dual Wingbeat,Endeavor,Brave Bird,Reversal|Delibird:60:UNK:NONE:Hardy:Present,Drill Peck,Extreme Speed	0 hp,0 at,0 df,0 sa,0 sd,0 sp|0 hp,0 at,0 df,0 sa,0 sd,0 sp	0|0	hzla_dynamic_calc_imp_1-3	Asserted	NA	NA
655	Picnicker Ashley	Picnicker Ashley	1	route	Singles	Check Bad Move	2	60	60	FALSE	FALSE	Pidgeot:60:UNK:NONE:Hardy:Agility,Air Slash,Mirror Move,Tailwind|Yanma:60:UNK:NONE:Hardy:Screech,U-turn,Air Slash,Bug Buzz	0 hp,0 at,0 df,0 sa,0 sd,0 sp|0 hp,0 at,0 df,0 sa,0 sd,0 sp	0|0	hzla_dynamic_calc_imp_1-3	Asserted	NA	NA
656	Rival Wally Mauville	Rival Wally Mauville	1	rival	Singles	Check Bad Move,Try To Faint,Check Viability,Smart Switching,Omniscient	4	30	32	TRUE	TRUE	Drednaw:30:Strong Jaw:Sitrus Berry:Adamant:Crunch,Razor Shell,Rock Tomb,Brick Break|Kricketune:30:Technician:Sitrus Berry:Jolly:Bug Bite,Bulldoze,Aerial Ace,Rock Smash|Skarmory:31:Sturdy:Sitrus Berry:Impish:Steel Wing,Drill Peck,Roost,Toxic|Gardevoir:32:Trace:Wise Glasses:Timid:Draining Kiss,Psychic Noise,Magical Leaf,Shadow Ball	31 hp,31 at,31 df,31 sa,31 sd,31 sp|31 hp,31 at,31 df,31 sa,31 sd,31 sp|31 hp,31 at,31 df,31 sa,31 sd,31 sp|31 hp,31 at,31 df,31 sa,31 sd,31 sp	0|0|0|80 sa	hzla_dynamic_calc_imp_1-3	Asserted	5	exact
657	Rival Wally Vr2	Rival Wally Vr	2	rival	Singles	Check Bad Move,Try To Faint,Check Viability,Smart Switching,Omniscient	7	84	84	TRUE	TRUE	Sneasler:84:Poison Touch:Focus Sash:Jolly:Fake Out,Dire Claw,Close Combat,Rock Slide|Shaymin-Sky:84:Serene Grace:Choice Specs:Timid:Air Slash,Seed Flare,Earth Power,Psychic|Celesteela:84:Beast Boost:Power Herb:Modest:Air Slash,Flash Cannon,Meteor Beam,Flamethrower|Darmanitan:84:Sheer Force:Life Orb:Jolly:Flare Blitz,Rock Slide,Earthquake,Superpower|Raging Bolt:84:Protosynthesis:Booster Energy:Timid:Dragon Pulse,Thunderclap,Thunderbolt,Hyper Voice|Gardevoir:84:Trace:Gardevoirite:Timid:Hyper Voice,Psychic,Focus Blast,Calm Mind|Gardevoir-Mega:84:Pixilate:Gardevoirite:Timid:Hyper Voice,Psychic,Focus Blast,Calm Mind	31 hp,31 at,31 df,31 sa,31 sd,31 sp|31 hp,31 at,31 df,31 sa,31 sd,31 sp|31 hp,31 at,31 df,31 sa,31 sd,31 sp|31 hp,31 at,31 df,31 sa,31 sd,31 sp|31 hp,31 at,31 df,31 sa,31 sd,31 sp|31 hp,31 at,31 df,31 sa,31 sd,31 sp|31 hp,31 at,31 df,31 sa,31 sd,31 sp	6 hp,252 at,252 sp|6 hp,252 sa,252 sp|6 hp,252 sa,252 sp|6 hp,252 at,252 sp|6 hp,252 sa,252 sp|6 hp,252 sa,252 sp|6 hp,252 sa,252 sp	hzla_dynamic_calc_imp_1-3	Asserted	18	exact
658	Lvl -1 Rival Wally Route110	Lvl -1 Rival Wally Route	110	route	Singles	Check Bad Move,Try To Faint,Check Viability,Smart Switching,Omniscient	7	-1	0	FALSE	TRUE	Sneasler:-1:Unburden:Focus Sash:Jolly:Taunt,Dire Claw,Close Combat,Knock Off|Galvantula:-1:Compound Eyes:Expert Belt:Timid:Volt Switch,Thunder,Bug Buzz,Giga Drain|Corviknight:-1:Unnerve:Rocky Helmet:Impish:Body Press,Drill Peck,Iron Head,Roost|Darmanitan:-1:Sheer Force:Life Orb:Jolly:Flare Blitz,Rock Slide,Earthquake,Superpower|Wishiwashi:-1:Schooling:Assault Vest:Quiet:Hydro Pump,Ice Beam,Hidden Power,Flip Turn|Gardevoir:0:Trace:Gardevoirite:Timid:Moonblast,Psychic,Focus Blast,Thunderbolt|Gardevoir-Mega:0:Pixilate:Gardevoirite:Timid:Moonblast,Psychic,Focus Blast,Thunderbolt	31 hp,31 at,31 df,31 sa,31 sd,31 sp|31 hp,31 at,31 df,31 sa,31 sd,31 sp|31 hp,31 at,31 df,31 sa,31 sd,31 sp|31 hp,31 at,31 df,31 sa,31 sd,31 sp|31 hp,30 at,31 df,30 sa,31 sd,31 sp|31 hp,31 at,31 df,31 sa,31 sd,31 sp|31 hp,31 at,31 df,31 sa,31 sd,31 sp	6 hp,252 at,252 sp|6 hp,252 sa,252 sp|252 hp,6 at,252 df|6 hp,252 at,252 sp|252 hp,6 at,252 sa|6 hp,252 sa,252 sp|6 hp,252 sa,252 sp	hzla_dynamic_calc_imp_1-3	Asserted	NA	NA
659	Rival Befools	Rival Befools	1	rival	Singles	Check Bad Move,Try To Faint,Check Viability,Smart Switching,Omniscient	7	0	0	TRUE	TRUE	Gengar:0:Levitate:Gengarite:Timid:Shadow Ball,Hypnosis,Hex,Sludge|Kartana:0:Beast Boost:Focus Sash:Bold:Psycho Cut,Air Slash,Leaf Blade,X-Scissor|Iron Thorns:0:Quark Drive:Hard Stone:Jolly:Earthquake,Rock Tomb,Rock Slide,Fusion Bolt|Iron Hands:0:Quark Drive:Magnet:Adamant:Fake Out,Plasma Fists,Electric Terrain,Force Palm|Ceruledge:0:Weak Armor:Charcoal:Jolly:Flamethrower,Bitter Blade,Shadow Claw,Flame Charge|Tapu Koko:0:Electric Surge:Magnet:Rash:Discharge,Agility,Electro Ball,Nature's Madness|Gengar-Mega:0:Shadow Tag:Gengarite:Timid:Shadow Ball,Hypnosis,Hex,Sludge	31 hp,31 at,31 df,31 sa,31 sd,31 sp|31 hp,31 at,31 df,31 sa,31 sd,31 sp|31 hp,31 at,31 df,31 sa,31 sd,31 sp|31 hp,31 at,31 df,31 sa,31 sd,31 sp|31 hp,31 at,31 df,31 sa,31 sd,31 sp|31 hp,31 at,31 df,31 sa,31 sd,31 sp|31 hp,31 at,31 df,31 sa,31 sd,31 sp	6 hp,252 sa,252 sp|252 hp,252 df,6 sa|6 hp,252 at,252 sp|6 hp,252 at,252 sp|6 hp,252 at,252 sp|6 hp,252 sa,252 sp|6 hp,252 sa,252 sp	hzla_dynamic_calc_imp_1-3	Asserted	DYNAMIC	player_relative
660	Rival Natn	Rival Natn	1	rival	Singles	Check Bad Move,Try To Faint,Check Viability,Smart Switching,Omniscient	7	0	0	TRUE	TRUE	Salamence:0:Intimidate:Salamencite:Jolly:Return,Dragon Claw,Earthquake,Dragon Dance|Primarina:0:Liquid Voice:Leftovers:Modest:Hyper Voice,Moonblast,Flip Turn,Icy Wind|Toxtricity-Low-Key:0:Punk Rock:Life Orb:Timid:Overdrive,Sludge Wave,Nuzzle,Volt Switch|Kingambit:0:Defiant:Choice Band:Adamant:Sucker Punch,Knock Off,Iron Head,Low Kick|Gallade:0:Sharpness:Expert Belt:Jolly:Psycho Cut,Sacred Sword,X-Scissor,Swords Dance|Ceruledge:0:Sharpness:Charcoal:Jolly:Bitter Blade,Shadow Claw,Will-O-Wisp,Swords Dance|Salamence-Mega:0:Aerilate:Salamencite:Jolly:Return,Dragon Claw,Earthquake,Dragon Dance	31 hp,31 at,31 df,31 sa,31 sd,31 sp|31 hp,31 at,31 df,31 sa,31 sd,31 sp|31 hp,31 at,31 df,31 sa,31 sd,31 sp|31 hp,31 at,31 df,31 sa,31 sd,31 sp|31 hp,31 at,31 df,31 sa,31 sd,31 sp|31 hp,31 at,31 df,31 sa,31 sd,31 sp|31 hp,31 at,31 df,31 sa,31 sd,31 sp	6 hp,252 at,252 sp|6 hp,252 sa,252 sp|6 hp,252 sa,252 sp|6 hp,252 at,252 sp|6 hp,252 at,252 sp|6 hp,252 at,252 sp|6 hp,252 at,252 sp	hzla_dynamic_calc_imp_1-3	Asserted	DYNAMIC	player_relative
661	Rival Brendan Evergrande Mudkip	Rival Brendan Evergrande Mudkip	1	rival	Singles	Check Bad Move,Try To Faint,Check Viability,Smart Switching,Omniscient	7	84	84	TRUE	TRUE	Crobat:84:Sniper:Scope Lens:Jolly:Brave Bird,Cross Poison,Leech Life,U-turn|Dragonite:84:Multiscale:Lum Berry:Jolly:Dual Wingbeat,Dragon Claw,Iron Head,Dragon Dance|Tapu Fini:84:Misty Surge:Misty Seed:Timid:Ice Beam,Hydro Pump,Moonblast,Grass Knot|Urshifu:84:Unseen Fist:Expert Belt:Jolly:Close Combat,Wicked Blow,Sucker Punch,Ice Punch|Volcarona:84:Flame Body:Heavy-Duty Boots:Timid:Fiery Dance,Bug Buzz,Giga Drain,Quiver Dance|Sceptile:84:Overgrow:Sceptilite:Jolly:Dual Chop,Bullet Seed,Earthquake,Swords Dance|Sceptile-Mega:84:Technician:Sceptilite:Jolly:Dual Chop,Bullet Seed,Earthquake,Swords Dance	31 hp,31 at,31 df,31 sa,31 sd,31 sp|31 hp,31 at,31 df,31 sa,31 sd,31 sp|31 hp,31 at,31 df,31 sa,31 sd,31 sp|31 hp,31 at,31 df,31 sa,31 sd,31 sp|31 hp,31 at,31 df,31 sa,31 sd,31 sp|31 hp,31 at,31 df,31 sa,31 sd,31 sp|31 hp,31 at,31 df,31 sa,31 sd,31 sp	6 hp,252 at,252 sp|6 hp,252 at,252 sp|6 hp,252 sa,252 sp|6 hp,252 at,252 sp|6 hp,252 sa,252 sp|6 hp,252 at,252 sp|6 hp,252 at,252 sp	hzla_dynamic_calc_imp_1-3	Asserted	18	exact
662	Rival Brendan Evergrande Treecko	Rival Brendan Evergrande Treecko	1	rival	Singles	Check Bad Move,Try To Faint,Check Viability,Smart Switching,Omniscient	7	84	84	TRUE	TRUE	Crobat:84:Sniper:Scope Lens:Jolly:Brave Bird,Cross Poison,Leech Life,U-turn|Metagross:84:Tough Claws:Air Balloon:Adamant:Meteor Mash,Bullet Punch,Zen Headbutt,Earthquake|Tapu Bulu:84:Grassy Surge:Grassy Seed:Jolly:Wood Hammer,Play Rough,Superpower,Zen Headbutt|Urshifu:84:Unseen Fist:Expert Belt:Jolly:Close Combat,Wicked Blow,Sucker Punch,Ice Punch|Milotic:84:Competitive:Leftovers:Bold:Bouncy Bubble,Ice Beam,Recover,Toxic|Blaziken:84:Striker:Blazikenite:Jolly:Blaze Kick,Thunderous Kick,Thunder Punch,Bulk Up|Blaziken-Mega:84:Striker:Blazikenite:Jolly:Blaze Kick,Thunderous Kick,Thunder Punch,Bulk Up	31 hp,31 at,31 df,31 sa,31 sd,31 sp|31 hp,31 at,31 df,31 sa,31 sd,31 sp|31 hp,31 at,31 df,31 sa,31 sd,31 sp|31 hp,31 at,31 df,31 sa,31 sd,31 sp|31 hp,31 at,31 df,31 sa,31 sd,31 sp|31 hp,31 at,31 df,31 sa,31 sd,31 sp|31 hp,31 at,31 df,31 sa,31 sd,31 sp	6 hp,252 at,252 sp|6 hp,252 at,252 sp|6 hp,252 at,252 sp|6 hp,252 at,252 sp|252 hp,252 df,6 sa|6 hp,252 at,252 sp|6 hp,252 at,252 sp	hzla_dynamic_calc_imp_1-3	Asserted	18	exact
663	Rival Brendan Evergrande Torchic	Rival Brendan Evergrande Torchic	1	rival	Singles	Check Bad Move,Try To Faint,Check Viability,Smart Switching,Omniscient	7	84	84	TRUE	TRUE	Crobat:84:Sniper:Scope Lens:Jolly:Brave Bird,Cross Poison,Leech Life,U-turn|Goodra-Hisui:84:Sap Sipper:Leftovers:Calm:Dragon Pulse,Flash Cannon,Wish,Toxic|Tapu Koko:84:Electric Surge:Electric Seed:Jolly:Supercell Slam,Return,Play Rough,Roost|Urshifu:84:Unseen Fist:Expert Belt:Jolly:Close Combat,Wicked Blow,Sucker Punch,Ice Punch|Ogerpon-Hearthflame:84:Mold Breaker:Hearthflame Mask:Jolly:Ivy Cudgel,Wood Hammer,Throat Chop,Swords Dance|Swampert:84:Torrent:Swampertite:Adamant:Liquidation,Earthquake,Power-Up Punch,Avalanche|Swampert-Mega:84:Swift Swim:Swampertite:Adamant:Liquidation,Earthquake,Power-Up Punch,Avalanche	31 hp,31 at,31 df,31 sa,31 sd,31 sp|31 hp,31 at,31 df,31 sa,31 sd,31 sp|31 hp,31 at,31 df,31 sa,31 sd,31 sp|31 hp,31 at,31 df,31 sa,31 sd,31 sp|31 hp,31 at,31 df,31 sa,31 sd,31 sp|31 hp,31 at,31 df,31 sa,31 sd,31 sp|31 hp,31 at,31 df,31 sa,31 sd,31 sp	6 hp,252 at,252 sp|252 hp,6 sa,252 sd|6 hp,252 at,252 sp|6 hp,252 at,252 sp|6 hp,252 at,252 sp|6 hp,252 at,252 sp|6 hp,252 at,252 sp	hzla_dynamic_calc_imp_1-3	Asserted	18	exact
664	Rival May Evergrande Mudkip	Rival May Evergrande Mudkip	1	rival	Singles	Check Bad Move,Try To Faint,Check Viability,Smart Switching,Omniscient	7	84	84	TRUE	TRUE	Crobat:84:Sniper:Scope Lens:Jolly:Brave Bird,Cross Poison,Leech Life,U-turn|Dragonite:84:Multiscale:Lum Berry:Jolly:Dual Wingbeat,Dragon Claw,Iron Head,Dragon Dance|Tapu Fini:84:Misty Surge:Misty Seed:Timid:Ice Beam,Hydro Pump,Moonblast,Grass Knot|Urshifu:84:Unseen Fist:Expert Belt:Jolly:Close Combat,Wicked Blow,Sucker Punch,Ice Punch|Volcarona:84:Flame Body:Heavy-Duty Boots:Timid:Fiery Dance,Bug Buzz,Giga Drain,Quiver Dance|Sceptile:84:Overgrow:Sceptilite:Jolly:Dual Chop,Bullet Seed,Earthquake,Swords Dance|Sceptile-Mega:84:Technician:Sceptilite:Jolly:Dual Chop,Bullet Seed,Earthquake,Swords Dance	31 hp,31 at,31 df,31 sa,31 sd,31 sp|31 hp,31 at,31 df,31 sa,31 sd,31 sp|31 hp,31 at,31 df,31 sa,31 sd,31 sp|31 hp,31 at,31 df,31 sa,31 sd,31 sp|31 hp,31 at,31 df,31 sa,31 sd,31 sp|31 hp,31 at,31 df,31 sa,31 sd,31 sp|31 hp,31 at,31 df,31 sa,31 sd,31 sp	6 hp,252 at,252 sp|6 hp,252 at,252 sp|6 hp,252 sa,252 sp|6 hp,252 at,252 sp|6 hp,252 sa,252 sp|6 hp,252 at,252 sp|6 hp,252 at,252 sp	hzla_dynamic_calc_imp_1-3	Asserted	18	exact
665	Rival May Evergrande Treecko	Rival May Evergrande Treecko	1	rival	Singles	Check Bad Move,Try To Faint,Check Viability,Smart Switching,Omniscient	7	84	84	TRUE	TRUE	Crobat:84:Sniper:Scope Lens:Jolly:Brave Bird,Cross Poison,Leech Life,U-turn|Metagross:84:Tough Claws:Air Balloon:Adamant:Meteor Mash,Bullet Punch,Zen Headbutt,Earthquake|Tapu Bulu:84:Grassy Surge:Grassy Seed:Jolly:Wood Hammer,Play Rough,Superpower,Zen Headbutt|Urshifu:84:Unseen Fist:Expert Belt:Jolly:Close Combat,Wicked Blow,Sucker Punch,Ice Punch|Milotic:84:Competitive:Leftovers:Bold:Bouncy Bubble,Ice Beam,Recover,Toxic|Blaziken:84:Striker:Blazikenite:Jolly:Blaze Kick,Thunderous Kick,Thunder Punch,Bulk Up|Blaziken-Mega:84:Striker:Blazikenite:Jolly:Blaze Kick,Thunderous Kick,Thunder Punch,Bulk Up	31 hp,31 at,31 df,31 sa,31 sd,31 sp|31 hp,31 at,31 df,31 sa,31 sd,31 sp|31 hp,31 at,31 df,31 sa,31 sd,31 sp|31 hp,31 at,31 df,31 sa,31 sd,31 sp|31 hp,31 at,31 df,31 sa,31 sd,31 sp|31 hp,31 at,31 df,31 sa,31 sd,31 sp|31 hp,31 at,31 df,31 sa,31 sd,31 sp	6 hp,252 at,252 sp|6 hp,252 at,252 sp|6 hp,252 at,252 sp|6 hp,252 at,252 sp|252 hp,252 df,6 sa|6 hp,252 at,252 sp|6 hp,252 at,252 sp	hzla_dynamic_calc_imp_1-3	Asserted	18	exact
666	Rival May Evergrande Torchic	Rival May Evergrande Torchic	1	rival	Singles	Check Bad Move,Try To Faint,Check Viability,Smart Switching,Omniscient	7	84	84	TRUE	TRUE	Crobat:84:Sniper:Scope Lens:Jolly:Brave Bird,Cross Poison,Leech Life,U-turn|Goodra-Hisui:84:Sap Sipper:Leftovers:Calm:Dragon Pulse,Flash Cannon,Wish,Toxic|Tapu Koko:84:Electric Surge:Electric Seed:Jolly:Supercell Slam,Return,Play Rough,Roost|Urshifu:84:Unseen Fist:Expert Belt:Jolly:Close Combat,Wicked Blow,Sucker Punch,Ice Punch|Ogerpon-Hearthflame:84:Mold Breaker:Hearthflame Mask:Jolly:Ivy Cudgel,Wood Hammer,Throat Chop,Swords Dance|Swampert:84:Torrent:Swampertite:Adamant:Liquidation,Earthquake,Power-Up Punch,Avalanche|Swampert-Mega:84:Swift Swim:Swampertite:Adamant:Liquidation,Earthquake,Power-Up Punch,Avalanche	31 hp,31 at,31 df,31 sa,31 sd,31 sp|31 hp,31 at,31 df,31 sa,31 sd,31 sp|31 hp,31 at,31 df,31 sa,31 sd,31 sp|31 hp,31 at,31 df,31 sa,31 sd,31 sp|31 hp,31 at,31 df,31 sa,31 sd,31 sp|31 hp,31 at,31 df,31 sa,31 sd,31 sp|31 hp,31 at,31 df,31 sa,31 sd,31 sp	6 hp,252 at,252 sp|252 hp,6 sa,252 sd|6 hp,252 at,252 sp|6 hp,252 at,252 sp|6 hp,252 at,252 sp|6 hp,252 at,252 sp|6 hp,252 at,252 sp	hzla_dynamic_calc_imp_1-3	Asserted	18	exact
667	Fisherman Jonah	Fisherman Jonah	1	route	Singles	Check Bad Move	3	60	60	FALSE	FALSE	Wailord:60:UNK:NONE:Hardy:Dive,Bounce,Bouncy Bubble,Hydro Pump|Blastoise:60:UNK:NONE:Hardy:Ice Beam,Iron Defense,Rain Dance,Hydro Pump|Pincurchin:60:UNK:NONE:Hardy:Electric Terrain,Poison Jab,Zing Zap,Discharge	0 hp,0 at,0 df,0 sa,0 sd,0 sp|0 hp,0 at,0 df,0 sa,0 sd,0 sp|0 hp,0 at,0 df,0 sa,0 sd,0 sp	0|0|0	hzla_dynamic_calc_imp_1-3	Asserted	NA	NA
668	Fisherman Henry	Fisherman Henry	1	route	Singles	Check Bad Move	2	62	63	FALSE	FALSE	Barraskewda:62:UNK:NONE:Hardy:Laser Focus,Crunch,Liquidation,Double-Edge|Bruxish:63:UNK:NONE:Hardy:Screech,Psychic Fangs,Wave Crash,Aqua Fang	0 hp,0 at,0 df,0 sa,0 sd,0 sp|0 hp,0 at,0 df,0 sa,0 sd,0 sp	0|0	hzla_dynamic_calc_imp_1-3	Asserted	NA	NA
669	Fisherman Roger	Fisherman Roger	1	route	Singles	Check Bad Move	3	60	60	FALSE	FALSE	Machamp:60:UNK:NONE:Hardy:Bulk Up,Cross Chop,Scary Face,Dynamic Punch|Grapploct:60:UNK:NONE:Hardy:Reversal,Superpower,Topsy-Turvy,Brutal Swing|Raichu:60:UNK:NONE:Hardy:Tail Whip,Quick Attack,Thunderbolt,Extreme Speed	0 hp,0 at,0 df,0 sa,0 sd,0 sp|0 hp,0 at,0 df,0 sa,0 sd,0 sp|0 hp,0 at,0 df,0 sa,0 sd,0 sp	0|0|0	hzla_dynamic_calc_imp_1-3	Asserted	NA	NA
670	Cooltrainer Alexa	Cooltrainer Alexa	1	route	Singles	Check Bad Move,Try To Faint,Check Viability	3	65	65	FALSE	FALSE	Scovillain:65:UNK:NONE:Hardy:Crunch,Seed Bomb,Solar Beam,Overheat|Boltund:65:UNK:NONE:Hardy:Charge,Wild Charge,Play Rough,Electric Terrain|Cofagrigus:65:UNK:NONE:Hardy:Shadow Ball,Grudge,Mean Look,Destiny Bond	0 hp,0 at,0 df,0 sa,0 sd,0 sp|0 hp,0 at,0 df,0 sa,0 sd,0 sp|0 hp,0 at,0 df,0 sa,0 sd,0 sp	0|0|0	hzla_dynamic_calc_imp_1-3	Asserted	NA	NA
671	Cooltrainer Ruben	Cooltrainer Ruben	1	route	Singles	Check Bad Move,Try To Faint,Check Viability	2	66	66	FALSE	FALSE	Mudsdale:66:UNK:NONE:Hardy:Earthquake,Mega Kick,Superpower,Slack Off|Probopass:66:UNK:NONE:Hardy:Earth Power,Stone Edge,Lock-On,Zap Cannon	0 hp,0 at,0 df,0 sa,0 sd,0 sp|0 hp,0 at,0 df,0 sa,0 sd,0 sp	0|0	hzla_dynamic_calc_imp_1-3	Asserted	NA	NA
672	Black Belt Koji	Black Belt Koji	1	route	Singles	Check Bad Move	1	65	65	FALSE	FALSE	Conkeldurr:65:UNK:NONE:Hardy:Hammer Arm,Stone Edge,Focus Punch,Superpower	0 hp,0 at,0 df,0 sa,0 sd,0 sp	0	hzla_dynamic_calc_imp_1-3	Asserted	NA	NA
673	Fisherman Wayne	Fisherman Wayne	1	route	Singles	Check Bad Move	3	66	66	FALSE	FALSE	Tentacruel:66:UNK:NONE:Hardy:Hex,Sludge Wave,Hydro Pump,Wring Out|Quaquaval:66:UNK:NONE:Hardy:Liquidation,Feather Dance,Close Combat,Wave Crash|Shiinotic:66:UNK:NONE:Hardy:Moonblast,Dream Eater,Spotlight,Sparkly Swirl	0 hp,0 at,0 df,0 sa,0 sd,0 sp|0 hp,0 at,0 df,0 sa,0 sd,0 sp|0 hp,0 at,0 df,0 sa,0 sd,0 sp	0|0|0	hzla_dynamic_calc_imp_1-3	Asserted	NA	NA
674	Bird Keeper Aidan	Bird Keeper Aidan	1	route	Singles	Check Bad Move	2	62	62	FALSE	FALSE	Talonflame:62:UNK:NONE:Hardy:Dual Wingbeat,Me First,Tailwind,Steel Wing|Kilowattrel:62:UNK:NONE:Hardy:Agility,Volt Switch,Discharge,Hurricane	0 hp,0 at,0 df,0 sa,0 sd,0 sp|0 hp,0 at,0 df,0 sa,0 sd,0 sp	0|0	hzla_dynamic_calc_imp_1-3	Asserted	NA	NA
675	Swimmer M Reed	Swimmer M Reed	1	route	Singles	Check Bad Move	2	68	68	FALSE	FALSE	Walrein:68:UNK:NONE:Hardy:Snore,Snowscape,Blizzard,Ice Beam|Dewgong:68:UNK:NONE:Hardy:Dive,Aqua Tail,Safeguard,Snowscape	0 hp,0 at,0 df,0 sa,0 sd,0 sp|0 hp,0 at,0 df,0 sa,0 sd,0 sp	0|0	hzla_dynamic_calc_imp_1-3	Asserted	NA	NA
676	Lass Tisha	Lass Tisha	1	route	Singles	Check Bad Move	2	68	68	FALSE	FALSE	Decidueye:68:UNK:NONE:Hardy:Feather Dance,Brave Bird,Nasty Plot,Thousand Arrows|Decidueye-Hisui:68:UNK:NONE:Hardy:Leaf Storm,Brave Bird,Swords Dance,Thousand Arrows	0 hp,0 at,0 df,0 sa,0 sd,0 sp|0 hp,0 at,0 df,0 sa,0 sd,0 sp	0|0	hzla_dynamic_calc_imp_1-3	Asserted	NA	NA
677	Lvl -3 Twins Tori And Tia	Lvl -3 Twins Tori And Tia	1	route	Doubles	Check Bad Move,Try To Faint,Check Viability,Smart Switching,Omniscient	4	-2	-3	TRUE	TRUE	Floatzel:-2:Technician:Mystic Water:Hasty:Water Pulse,Ice Beam,Fake Out,Aqua Jet|Raichu:-2:Lightning Rod:Magnet:Jolly:Fake Out,Zippy Zap,Brick Break,Facade|Ribombee:-3:Shield Dust:Pixie Plate:Timid:Moonblast,Dazzling Gleam,Bug Buzz,Giga Drain|Gumshoos:-3:Adaptability:Silk Scarf:Adamant:Return,Crunch,Fire Fang,Ice Fang	31 hp,31 at,31 df,31 sa,31 sd,31 sp|31 hp,31 at,31 df,31 sa,31 sd,31 sp|31 hp,31 at,31 df,31 sa,31 sd,31 sp|31 hp,31 at,31 df,31 sa,31 sd,31 sp	6 at,252 sa,252 sp|6 hp,252 at,252 sp|6 hp,252 sa,252 sp|6 hp,252 at,252 sp	hzla_dynamic_calc_imp_1-3	Asserted	NA	NA
678	Sr And Jr Kim And Iris	Sr And Jr Kim And Iris	1	route	Doubles	Check Bad Move	2	59	59	FALSE	FALSE	Altaria:59:UNK:NONE:Hardy:Dragon Claw,Perish Song,Moonblast,Sky Attack|Turtonator:59:UNK:NONE:Hardy:Shell Trap,Armor Cannon,Explosion,Burning Bulwark	0 hp,0 at,0 df,0 sa,0 sd,0 sp|0 hp,0 at,0 df,0 sa,0 sd,0 sp	0|0	hzla_dynamic_calc_imp_1-3	Asserted	NA	NA
679	* Sr And Jr Tyra And Ivy	* Sr And Jr Tyra And Ivy	1	route	Doubles	Check Bad Move	2	38	38	FALSE	FALSE	Piloswine:38:UNK:NONE:Hardy:Ice Fang,Take Down,Ancient Power,Mist|Piloswine:38:UNK:NONE:Hardy:Ice Fang,Take Down,Ancient Power,Mist	0 hp,0 at,0 df,0 sa,0 sd,0 sp|0 hp,0 at,0 df,0 sa,0 sd,0 sp	0|0	hzla_dynamic_calc_imp_1-3	Asserted	NA	NA
680	Young Couple Mel And Paul	Young Couple Mel And Paul	1	route	Doubles	Check Bad Move	4	56	56	FALSE	FALSE	Dustox:56:UNK:NONE:Hardy:Sludge Bomb,Bug Buzz,Detect,Quiver Dance|Beautifly:56:UNK:NONE:Hardy:Giga Drain,Psychic,Rage,Quiver Dance|Butterfree:56:UNK:NONE:Hardy:Rage Powder,Captivate,Tailwind,Air Slash|Dustox:56:UNK:NONE:Hardy:Sludge Bomb,Bug Buzz,Detect,Quiver Dance	0 hp,0 at,0 df,0 sa,0 sd,0 sp|0 hp,0 at,0 df,0 sa,0 sd,0 sp|0 hp,0 at,0 df,0 sa,0 sd,0 sp|0 hp,0 at,0 df,0 sa,0 sd,0 sp	0|0|0|0	hzla_dynamic_calc_imp_1-3	Asserted	NA	NA
681	Old Couple John And Jay	Old Couple John And Jay	1	route	Doubles	Check Bad Move,Try To Faint,Check Viability	2	70	70	FALSE	FALSE	Trevenant:70:UNK:NONE:Hardy:Ingrain,Wood Hammer,Destiny Bond,Forest's Curse|Arcanine:70:UNK:NONE:Hardy:Fire Fang,Flare Blitz,Helping Hand,Retaliate	0 hp,0 at,0 df,0 sa,0 sd,0 sp|0 hp,0 at,0 df,0 sa,0 sd,0 sp	0|0	hzla_dynamic_calc_imp_1-3	Asserted	NA	NA
682	Old Couple John And Jay2	Old Couple John And Jay	2	route	Doubles	Check Bad Move,Try To Faint,Check Viability	2	70	70	FALSE	FALSE	Trevenant:70:UNK:NONE:Hardy:Ingrain,Wood Hammer,Destiny Bond,Forest's Curse|Arcanine:70:UNK:NONE:Hardy:Fire Fang,Flare Blitz,Helping Hand,Retaliate	0 hp,0 at,0 df,0 sa,0 sd,0 sp|0 hp,0 at,0 df,0 sa,0 sd,0 sp	0|0	hzla_dynamic_calc_imp_1-3	Asserted	NA	NA
683	Old Couple John And Jay3	Old Couple John And Jay	3	route	Doubles	Check Bad Move,Try To Faint,Check Viability	2	70	70	FALSE	FALSE	Trevenant:70:UNK:NONE:Hardy:Ingrain,Wood Hammer,Destiny Bond,Forest's Curse|Arcanine:70:UNK:NONE:Hardy:Fire Fang,Flare Blitz,Helping Hand,Retaliate	0 hp,0 at,0 df,0 sa,0 sd,0 sp|0 hp,0 at,0 df,0 sa,0 sd,0 sp	0|0	hzla_dynamic_calc_imp_1-3	Asserted	NA	NA
684	Old Couple John And Jay4	Old Couple John And Jay	4	route	Doubles	Check Bad Move,Try To Faint,Force Setup First Turn	2	70	70	FALSE	FALSE	Trevenant:70:UNK:NONE:Hardy:Ingrain,Wood Hammer,Destiny Bond,Forest's Curse|Arcanine:70:UNK:NONE:Hardy:Fire Fang,Flare Blitz,Helping Hand,Retaliate	0 hp,0 at,0 df,0 sa,0 sd,0 sp|0 hp,0 at,0 df,0 sa,0 sd,0 sp	0|0	hzla_dynamic_calc_imp_1-3	Asserted	NA	NA
685	Old Couple John And Jay5	Old Couple John And Jay	5	route	Doubles	Check Bad Move,Try To Faint,Check Viability	2	70	70	FALSE	FALSE	Trevenant:70:UNK:NONE:Hardy:Ingrain,Wood Hammer,Destiny Bond,Forest's Curse|Arcanine:70:UNK:NONE:Hardy:Fire Fang,Flare Blitz,Helping Hand,Retaliate	0 hp,0 at,0 df,0 sa,0 sd,0 sp|0 hp,0 at,0 df,0 sa,0 sd,0 sp	0|0	hzla_dynamic_calc_imp_1-3	Asserted	NA	NA
686	Sis And Bro Reli And Ian	Sis And Bro Reli And Ian	1	route	Doubles	Check Bad Move	2	70	70	FALSE	FALSE	Slowking-Galar:70:UNK:NONE:Hardy:Psychic,Psych Up,Rain Dance,Heal Pulse|Slowbro-Galar:70:UNK:NONE:Hardy:Psychic,Psych Up,Rain Dance,Heal Pulse	0 hp,0 at,0 df,0 sa,0 sd,0 sp|0 hp,0 at,0 df,0 sa,0 sd,0 sp	0|0	hzla_dynamic_calc_imp_1-3	Asserted	NA	NA
687	Sis And Bro Lila And Roy	Sis And Bro Lila And Roy	1	route	Doubles	Check Bad Move	2	66	66	FALSE	FALSE	Staraptor:66:UNK:NONE:Hardy:Agility,Brave Bird,Final Gambit,Double-Edge|Ludicolo:66:UNK:NONE:Hardy:Growl,Mega Drain,Nature Power,Aqua Step	0 hp,0 at,0 df,0 sa,0 sd,0 sp|0 hp,0 at,0 df,0 sa,0 sd,0 sp	0|0	hzla_dynamic_calc_imp_1-3	Asserted	NA	NA
688	Sis And Bro Lila And Roy2	Sis And Bro Lila And Roy	2	route	Doubles	Check Bad Move	2	66	66	FALSE	FALSE	Staraptor:66:UNK:NONE:Hardy:Agility,Brave Bird,Final Gambit,Double-Edge|Ludicolo:66:UNK:NONE:Hardy:Growl,Mega Drain,Nature Power,Aqua Step	0 hp,0 at,0 df,0 sa,0 sd,0 sp|0 hp,0 at,0 df,0 sa,0 sd,0 sp	0|0	hzla_dynamic_calc_imp_1-3	Asserted	NA	NA
689	Sis And Bro Lila And Roy3	Sis And Bro Lila And Roy	3	route	Doubles	Check Bad Move	2	66	66	FALSE	FALSE	Staraptor:66:UNK:NONE:Hardy:Agility,Brave Bird,Final Gambit,Double-Edge|Ludicolo:66:UNK:NONE:Hardy:Growl,Mega Drain,Nature Power,Aqua Step	0 hp,0 at,0 df,0 sa,0 sd,0 sp|0 hp,0 at,0 df,0 sa,0 sd,0 sp	0|0	hzla_dynamic_calc_imp_1-3	Asserted	NA	NA
690	Sis And Bro Lila And Roy4	Sis And Bro Lila And Roy	4	route	Doubles	Check Bad Move	2	66	66	FALSE	FALSE	Staraptor:66:UNK:NONE:Hardy:Agility,Brave Bird,Final Gambit,Double-Edge|Ludicolo:66:UNK:NONE:Hardy:Growl,Mega Drain,Nature Power,Aqua Step	0 hp,0 at,0 df,0 sa,0 sd,0 sp|0 hp,0 at,0 df,0 sa,0 sd,0 sp	0|0	hzla_dynamic_calc_imp_1-3	Asserted	NA	NA
691	Sis And Bro Lila And Roy5	Sis And Bro Lila And Roy	5	route	Doubles	Check Bad Move	2	66	66	FALSE	FALSE	Staraptor:66:UNK:NONE:Hardy:Agility,Brave Bird,Final Gambit,Double-Edge|Ludicolo:66:UNK:NONE:Hardy:Growl,Mega Drain,Nature Power,Aqua Step	0 hp,0 at,0 df,0 sa,0 sd,0 sp|0 hp,0 at,0 df,0 sa,0 sd,0 sp	0|0	hzla_dynamic_calc_imp_1-3	Asserted	NA	NA
692	Sis And Bro Lisa And Ray	Sis And Bro Lisa And Ray	1	route	Doubles	Check Bad Move	2	57	57	FALSE	FALSE	Huntail:57:UNK:NONE:Hardy:Coil,Crunch,Aqua Fang,Shell Smash|Gorebyss:57:UNK:NONE:Hardy:Coil,Moonblast,Hydro Pump,Shell Smash	0 hp,0 at,0 df,0 sa,0 sd,0 sp|0 hp,0 at,0 df,0 sa,0 sd,0 sp	0|0	hzla_dynamic_calc_imp_1-3	Asserted	NA	NA
693	Fisherman Chris	Fisherman Chris	1	route	Singles	Check Bad Move	2	58	58	FALSE	FALSE	Milotic:58:UNK:NONE:Hardy:Safeguard,Coil,Hydro Pump,Rain Dance|Alomomola:58:UNK:NONE:Hardy:Safeguard,Whirlpool,Helping Hand,Healing Wish	0 hp,0 at,0 df,0 sa,0 sd,0 sp|0 hp,0 at,0 df,0 sa,0 sd,0 sp	0|0	hzla_dynamic_calc_imp_1-3	Asserted	NA	NA
694	Rich Boy Dawson	Rich Boy Dawson	1	route	Singles	Check Bad Move	2	16	16	FALSE	FALSE	Nuzleaf:16:UNK:NONE:Hardy:Torment,Fake Out,Nature Power,Sucker Punch|Kadabra:16:UNK:NONE:Hardy:Confusion,Teleport,Confusion,Hidden Power	0 hp,0 at,0 df,0 sa,0 sd,0 sp|0 hp,0 at,0 df,0 sa,0 sd,0 sp	0|0	hzla_dynamic_calc_imp_1-3	Asserted	NA	NA
695	Lady Sarah	Lady Sarah	1	route	Singles	Check Bad Move	2	16	16	FALSE	FALSE	Lombre:16:UNK:NONE:Hardy:Absorb,Bubble,Aurora Beam,Fake Out|Linoone-Galar:16:UNK:NONE:Hardy:Lick,Snarl,Headbutt,Hone Claws	0 hp,0 at,0 df,0 sa,0 sd,0 sp|0 hp,0 at,0 df,0 sa,0 sd,0 sp	0|0	hzla_dynamic_calc_imp_1-3	Asserted	NA	NA
696	Fisherman Darian	Fisherman Darian	1	route	Singles	Check Bad Move	1	9	9	FALSE	FALSE	Magikarp:9:UNK:NONE:Hardy:Splash	0 hp,0 at,0 df,0 sa,0 sd,0 sp	0	hzla_dynamic_calc_imp_1-3	Asserted	NA	NA
697	Tuber F Hailey	Tuber F Hailey	1	route	Singles	Check Bad Move	1	22	22	FALSE	FALSE	Azumarill:22:UNK:NONE:Hardy:Covet,Body Slam,Helping Hand,Aqua Tail	0 hp,0 at,0 df,0 sa,0 sd,0 sp	0	hzla_dynamic_calc_imp_1-3	Asserted	NA	NA
698	Tuber M Chandler	Tuber M Chandler	1	route	Singles	Check Bad Move	2	20	20	FALSE	FALSE	Basculin:20:UNK:NONE:Hardy:Chip Away,Take Down,Crunch,Aqua Tail|Wiglett:20:UNK:NONE:Hardy:Wrap,Aqua Jet,Slam,Water Pulse	0 hp,0 at,0 df,0 sa,0 sd,0 sp|0 hp,0 at,0 df,0 sa,0 sd,0 sp	0|0	hzla_dynamic_calc_imp_1-3	Asserted	NA	NA
699	Lvl -3 Pokefan Kaleb	Lvl -3 Pokefan Kaleb	1	route	Singles	Check Bad Move,Try To Faint,Check Viability,Smart Switching,Omniscient	2	-2	-3	TRUE	FALSE	Minun:-3:Galvanize:Magnet:Jolly:Body Slam,Fake Out,Grass Knot,Quick Attack|Rhydon:-2:Lightning Rod:Eviolite:Impish:Rock Tomb,Bulldoze,Brick Break,Cut	31 hp,31 at,31 df,31 sa,31 sd,31 sp|31 hp,31 at,31 df,31 sa,31 sd,31 sp	0|0	hzla_dynamic_calc_imp_1-3	Asserted	NA	NA
700	Lvl -3 Guitarist Joseph	Lvl -3 Guitarist Joseph	1	route	Singles	Check Bad Move,Try To Faint,Check Viability,Smart Switching,Omniscient	4	-3	-3	TRUE	FALSE	Slowbro-Galar:-3:Quick Draw:Wise Glasses:Modest:Psybeam,Flash,Grass Knot,Venoshock|Crabominable:-3:Iron Fist:Punching Glove:Adamant:Ice Punch,Mach Punch,Ice Shard,Drain Punch|Shiftry:-3:Wind Rider:Focus Sash:Jolly:Fake Out,Night Slash,Razor Leaf,Sucker Punch|Lanturn:-3:Water Absorb:Shuca Berry:Modest:Shock Wave,Scald,Icy Wind,Signal Beam	31 hp,31 at,31 df,31 sa,31 sd,31 sp|31 hp,31 at,31 df,31 sa,31 sd,31 sp|31 hp,31 at,31 df,31 sa,31 sd,31 sp|31 hp,31 at,31 df,31 sa,31 sd,31 sp	0|0|0|0	hzla_dynamic_calc_imp_1-3	Asserted	NA	NA
701	Lvl -3 Triathlete Alyssa	Lvl -3 Triathlete Alyssa	1	route	Singles	Check Bad Move,Try To Faint,Check Viability,Smart Switching,Omniscient	4	-3	-3	TRUE	FALSE	Exeggutor-Alola:-3:Harvest:Yache Berry:Adamant:Dragon Tail,Seed Bomb,Egg Bomb,Brick Break|Heatmor:-3:Flash Fire:Charcoal:Timid:Flame Burst,Giga Drain,Scorching Sands,Will-O-Wisp|Bellibolt:-3:Electromorphosis:Sitrus Berry:Bold:Discharge,Mud Shot,Muddy Water,Slack Off|Machoke:-3:Guts:Eviolite:Jolly:Drain Punch,Knock Off,Bulk Up,Rock Slide	31 hp,31 at,31 df,31 sa,31 sd,31 sp|31 hp,31 at,31 df,31 sa,31 sd,31 sp|31 hp,31 at,31 df,31 sa,31 sd,31 sp|31 hp,31 at,31 df,31 sa,31 sd,31 sp	0|0|0|0	hzla_dynamic_calc_imp_1-3	Asserted	NA	NA
702	Guitarist Marcos	Guitarist Marcos	1	route	Singles	Check Bad Move	2	24	24	FALSE	FALSE	Haunter:24:UNK:NONE:Hardy:Curse,Night Shade,Confuse Ray,Sucker Punch|Klefki:24:UNK:NONE:Hardy:Metal Sound,Spikes,Draining Kiss,Crafty Shield	0 hp,0 at,0 df,0 sa,0 sd,0 sp|0 hp,0 at,0 df,0 sa,0 sd,0 sp	0|0	hzla_dynamic_calc_imp_1-3	Asserted	NA	NA
703	Black Belt Rhett	Black Belt Rhett	1	route	Singles	Check Bad Move	2	24	24	FALSE	FALSE	Shiinotic:24:UNK:NONE:Hardy:Moonlight,Mega Drain,Sleep Powder,Ingrain|Minior:24:UNK:NONE:Hardy:Swift,Ancient Power,Self-Destruct,Stealth Rock	0 hp,0 at,0 df,0 sa,0 sd,0 sp|0 hp,0 at,0 df,0 sa,0 sd,0 sp	0|0	hzla_dynamic_calc_imp_1-3	Asserted	NA	NA
704	Camper Tyron	Camper Tyron	1	route	Singles	Check Bad Move	2	30	30	FALSE	FALSE	Carbink:30:UNK:NONE:Hardy:Smack Down,Reflect,Stealth Rock,Guard Split|Carnivine:30:UNK:NONE:Hardy:Vine Whip,Sweet Scent,Ingrain,Feint Attack	0 hp,0 at,0 df,0 sa,0 sd,0 sp|0 hp,0 at,0 df,0 sa,0 sd,0 sp	0|0	hzla_dynamic_calc_imp_1-3	Asserted	NA	NA
705	Aroma Lady Celina	Aroma Lady Celina	1	route	Singles	Check Bad Move	2	30	30	FALSE	FALSE	Maushold:30:UNK:NONE:Hardy:Double Hit,Bullet Seed,Encore,Play Rough|Brambleghast:30:UNK:NONE:Hardy:Infestation,Hex,Mega Drain,Disable	0 hp,0 at,0 df,0 sa,0 sd,0 sp|0 hp,0 at,0 df,0 sa,0 sd,0 sp	0|0	hzla_dynamic_calc_imp_1-3	Asserted	NA	NA
706	Picnicker Bianca	Picnicker Bianca	1	route	Singles	Check Bad Move	2	31	32	FALSE	FALSE	Ambipom:31:UNK:NONE:Hardy:Slam,Screech,Acrobatics,Agility|Vespiquen:32:UNK:NONE:Hardy:Fury Swipes,Defend Order,Power Gem,Heal Order	0 hp,0 at,0 df,0 sa,0 sd,0 sp|0 hp,0 at,0 df,0 sa,0 sd,0 sp	0|0	hzla_dynamic_calc_imp_1-3	Asserted	NA	NA
707	Kindler Hayden	Kindler Hayden	1	route	Singles	Check Bad Move	2	31	32	FALSE	FALSE	Yanmega:31:UNK:NONE:Hardy:Detect,Supersonic,Uproar,Pursuit|Arbok:32:UNK:NONE:Hardy:Stockpile,Swallow,Spit Up,Poison Fang	0 hp,0 at,0 df,0 sa,0 sd,0 sp|0 hp,0 at,0 df,0 sa,0 sd,0 sp	0|0	hzla_dynamic_calc_imp_1-3	Asserted	NA	NA
708	Picnicker Sophie	Picnicker Sophie	1	route	Singles	Check Bad Move	2	37	37	FALSE	FALSE	Venomoth:37:UNK:NONE:Hardy:Stun Spore,Signal Beam,Sleep Powder,Leech Life|Dusclops:37:UNK:NONE:Hardy:Pursuit,Will-O-Wisp,Confuse Ray,Curse	0 hp,0 at,0 df,0 sa,0 sd,0 sp|0 hp,0 at,0 df,0 sa,0 sd,0 sp	0|0	hzla_dynamic_calc_imp_1-3	Asserted	NA	NA
709	Bird Keeper Coby	Bird Keeper Coby	1	route	Singles	Check Bad Move	2	37	37	FALSE	FALSE	Tropius:37:UNK:NONE:Hardy:Leaf Tornado,Natural Gift,Air Slash,Body Slam|Ursaring:37:UNK:NONE:Hardy:Slash,Play Nice,Crunch,Scary Face	0 hp,0 at,0 df,0 sa,0 sd,0 sp|0 hp,0 at,0 df,0 sa,0 sd,0 sp	0|0	hzla_dynamic_calc_imp_1-3	Asserted	NA	NA
710	Lvl -1 Leader Roark	Lvl -1 Leader Roark	1	route	Singles	Check Bad Move,Try To Faint,Check Viability,Smart Switching,Omniscient	7	-1	0	TRUE	TRUE	Hippowdon:-1:Sand Stream:Smooth Rock:Adamant:Earthquake,Rock Slide,Roar,Stealth Rock|Landorus:-1:Sheer Force:Life Orb:Naive:Sandsear Storm,Stone Edge,Sludge Wave,Psychic|Great Tusk:-1:Protosynthesis:Booster Energy:Adamant:Headlong Rush,Close Combat,Knock Off,Ice Spinner|Rampardos:-1:Sheer Force:Life Orb:Adamant:Rock Slide,Fire Punch,Zen Headbutt,Rock Polish|Cacturne:-1:Sand Rush:Focus Sash:Hasty:Energy Ball,Sucker Punch,Dark Pulse,Destiny Bond|Steelix:0:Rock Head:Steelixite:Adamant:Heavy Slam,Crunch,Earthquake,Stone Edge|Steelix-Mega:0:Heatproof:Steelixite:Adamant:Heavy Slam,Crunch,Earthquake,Stone Edge	31 hp,31 at,31 df,31 sa,31 sd,31 sp|31 hp,31 at,31 df,31 sa,31 sd,31 sp|31 hp,31 at,31 df,31 sa,31 sd,31 sp|31 hp,31 at,31 df,31 sa,31 sd,31 sp|31 hp,31 at,31 df,31 sa,31 sd,31 sp|31 hp,31 at,31 df,31 sa,31 sd,31 sp|31 hp,31 at,31 df,31 sa,31 sd,31 sp	6 hp,252 at,252 df|6 at,252 sa,252 sp|6 hp,252 at,252 sp|6 hp,252 at,252 sp|6 at,252 sa,252 sp|6 hp,252 at,252 df|6 hp,252 at,252 df	hzla_dynamic_calc_imp_1-3	Asserted	NA	NA
711	Leader Byron	Leader Byron	1	gym_leader	Singles	Check Bad Move,Try To Faint,Check Viability,Will Suicide,Smart Switching,Omniscient	7	-1	0	TRUE	TRUE	Skarmory:-1:Sturdy:Rocky Helmet:Impish:Whirlwind,Stealth Rock,Drill Peck,Iron Head|Polteageist:-1:Heatproof:Focus Sash:Timid:Shell Smash,Shadow Ball,Giga Drain,Stored Power|Orthworm:-1:Earth Eater:Sitrus Berry:Impish:Shed Tail,Body Press,Iron Head,Earthquake|Scizor:-1:Technician:Life Orb:Jolly:Bullet Punch,Bug Bite,Dual Wingbeat,Swords Dance|Melmetal:0:Iron Fist:Assault Vest:Adamant:Double Iron Bash,Earthquake,Thunder Punch,Ice Punch|Copperajah:0:Heavy Metal:Copperajite:Brave:Iron Head,Superpower,Play Rough,High Horsepower|Copperajah-Mega:0:Sheer Force:Copperajite:Brave:Iron Head,Superpower,Play Rough,High Horsepower	31 hp,31 at,31 df,31 sa,31 sd,31 sp|31 hp,31 at,31 df,31 sa,31 sd,31 sp|31 hp,31 at,31 df,31 sa,31 sd,31 sp|31 hp,31 at,31 df,31 sa,31 sd,31 sp|31 hp,31 at,31 df,31 sa,31 sd,31 sp|31 hp,31 at,31 df,31 sa,31 sd,31 sp|31 hp,31 at,31 df,31 sa,31 sd,31 sp	252 hp,6 at,252 df|6 hp,252 sa,252 sp|252 hp,6 at,252 df|6 hp,252 at,252 sp|6 hp,252 at,252 sp|252 hp,252 at,6 df|252 hp,252 at,6 df	hzla_dynamic_calc_imp_1-3	Asserted	DYNAMIC	player_relative
712	Leader Volkner	Leader Volkner	1	gym_leader	Singles	Check Bad Move,Try To Faint,Check Viability,Smart Switching,Omniscient	7	-1	0	FALSE	TRUE	Miraidon:0:Hadron Engine:Terrain Extender:Timid:Electro Drift,Dragon Pulse,Overheat,Taunt|Raichu-Alola:-1:Surge Surfer:Choice Specs:Modest:Psychic,Rising Voltage,Thunderbolt,Surf|Iron Hands:-1:Quark Drive:Booster Energy:Adamant:Fake Out,Supercell Slam,Close Combat,Heavy Slam|Dodrio:-1:Rock Head:Life Orb:Jolly:Brave Bird,Double-Edge,Quick Attack,Jump Kick|Zeraora:-1:Volt Absorb:Assault Vest:Adamant:Plasma Fists,Aerial Ace,Fake Out,Facade|Toxtricity:0:Punk Rock:Toxtricitite:Timid:Sludge Wave,Overdrive,Boomburst,Hidden Power|Toxtricity-Mega:0:Punk Rock:Toxtricitite:Timid:Sludge Wave,Overdrive,Boomburst,Hidden Power	31 hp,31 at,31 df,31 sa,31 sd,31 sp|31 hp,31 at,31 df,31 sa,31 sd,31 sp|31 hp,31 at,31 df,31 sa,31 sd,31 sp|31 hp,31 at,31 df,31 sa,31 sd,31 sp|31 hp,31 at,31 df,31 sa,31 sd,31 sp|31 hp,30 at,31 df,30 sa,31 sd,31 sp|31 hp,30 at,31 df,30 sa,31 sd,31 sp	6 hp,252 sa,252 sp|6 hp,252 sa,252 sp|6 hp,252 at,252 sp|6 hp,252 at,252 sp|6 hp,252 at,252 sp|6 hp,252 sa,252 sp|6 hp,252 sa,252 sp	hzla_dynamic_calc_imp_1-3	Asserted	DYNAMIC	player_relative
713	Lvl -2 Fisherman Kai	Lvl -2 Fisherman Kai	1	route	Singles	Check Bad Move,Try To Faint,Check Viability,Smart Switching,Omniscient	4	-2	-2	TRUE	TRUE	Slowking:-2:Regenerator:Focus Sash:Modest:Blizzard,Scald,Psychic,Yawn|Dewgong:-2:Ice Body:Leftovers:Modest:Ice Beam,Surf,Rest,Sleep Talk|Weavile:-2:Infiltrator:Life Orb:Jolly:Fake Out,Icicle Crash,Knock Off,Ice Shard|Aurorus:-2:Refrigerate:Never-Melt Ice:Modest:Hyper Voice,Power Gem,Earth Power,Psychic	31 hp,31 at,31 df,31 sa,31 sd,31 sp|31 hp,31 at,31 df,31 sa,31 sd,31 sp|31 hp,31 at,31 df,31 sa,31 sd,31 sp|31 hp,31 at,31 df,31 sa,31 sd,31 sp	6 hp,252 sa,252 sp|6 hp,252 sa,252 sp|6 hp,252 at,252 sp|6 hp,252 sa,252 sp	hzla_dynamic_calc_imp_1-3	Asserted	NA	NA
714	Lvl -1 Picnicker Charlotte	Lvl -1 Picnicker Charlotte	1	route	Singles	Check Bad Move,Try To Faint,Check Viability,Smart Switching,Omniscient	6	-1	-2	TRUE	TRUE	Darmanitan-Galar:-2:Gorilla Tactics:Choice Scarf:Jolly:Icicle Crash,Earthquake,Fire Punch,U-turn|Golem:-2:Sturdy:Rindo Berry:Impish:Rock Polish,Earthquake,Rock Slide,Explosion|Tatsugiri:-2:Storm Drain:Wise Glasses:Timid:Dragon Pulse,Surf,Icy Wind,Nasty Plot|Froslass:-1:Ice Body:Expert Belt:Timid:Blizzard,Bitter Malice,Thunderbolt,Destiny Bond|Glalie:-1:Refrigerate:Glalitite:Jolly:Return,Earthquake,Explosion,Crunch|Glalie-Mega:-1:Refrigerate:Glalitite:Jolly:Return,Earthquake,Explosion,Crunch	31 hp,31 at,31 df,31 sa,31 sd,31 sp|31 hp,31 at,31 df,31 sa,31 sd,31 sp|31 hp,31 at,31 df,31 sa,31 sd,31 sp|31 hp,31 at,31 df,31 sa,31 sd,31 sp|31 hp,31 at,31 df,31 sa,31 sd,31 sp|31 hp,31 at,31 df,31 sa,31 sd,31 sp	6 hp,252 at,252 sp|252 hp,6 at,252 df|6 hp,252 sa,252 sp|6 hp,252 sa,252 sp|6 hp,252 at,252 sp|6 hp,252 at,252 sp	hzla_dynamic_calc_imp_1-3	Asserted	NA	NA
715	Youngster Deandre	Youngster Deandre	1	route	Singles	Check Bad Move	3	28	28	FALSE	FALSE	Sandslash-Alola:28:UNK:NONE:Hardy:Slash,Spikes,Ice Ball,Spiky Shield|Flareon:28:UNK:NONE:Hardy:Quick Attack,Bite,Fire Fang,Fire Spin|Musharna:28:UNK:NONE:Hardy:Defense Curl,Lucky Chant,Psybeam,Hypnosis	0 hp,0 at,0 df,0 sa,0 sd,0 sp|0 hp,0 at,0 df,0 sa,0 sd,0 sp|0 hp,0 at,0 df,0 sa,0 sd,0 sp	0|0|0	hzla_dynamic_calc_imp_1-3	Asserted	NA	NA
716	Team Magma Grunt Magma Hideout	Team Magma Grunt Magma Hideout	1	route	Singles	Check Bad Move	1	70	70	FALSE	FALSE	Crobat:70:UNK:NONE:Hardy:Haze,Venoshock,Air Slash,Quick Guard	0 hp,0 at,0 df,0 sa,0 sd,0 sp	0	hzla_dynamic_calc_imp_1-3	Asserted	NA	NA
717	Team Magma Grunt Magma Hideout2	Team Magma Grunt Magma Hideout	2	route	Singles	Check Bad Move	1	70	70	FALSE	FALSE	Scolipede:70:UNK:NONE:Hardy:Venom Drench,Rock Climb,Double-Edge,Megahorn	0 hp,0 at,0 df,0 sa,0 sd,0 sp	0	hzla_dynamic_calc_imp_1-3	Asserted	NA	NA
718	Team Magma Grunt Magma Hideout3	Team Magma Grunt Magma Hideout	3	route	Singles	Check Bad Move	1	70	70	FALSE	FALSE	Pyroar:70:UNK:NONE:Hardy:Hyper Voice,Incinerate,Overheat,Torch Song	0 hp,0 at,0 df,0 sa,0 sd,0 sp	0	hzla_dynamic_calc_imp_1-3	Asserted	NA	NA
719	Team Magma Grunt Magma Hideout4	Team Magma Grunt Magma Hideout	4	route	Singles	Check Bad Move	1	70	70	FALSE	FALSE	Claydol:70:UNK:NONE:Hardy:Power Split,Earth Power,Sandstorm,Explosion	0 hp,0 at,0 df,0 sa,0 sd,0 sp	0	hzla_dynamic_calc_imp_1-3	Asserted	NA	NA
720	Team Magma Grunt Magma Hideout5	Team Magma Grunt Magma Hideout	5	route	Singles	Check Bad Move	1	70	70	FALSE	FALSE	Torkoal:70:UNK:NONE:Hardy:Flail,Heat Wave,Shell Smash,Inferno	0 hp,0 at,0 df,0 sa,0 sd,0 sp	0	hzla_dynamic_calc_imp_1-3	Asserted	NA	NA
721	Team Magma Grunt Magma Hideout6	Team Magma Grunt Magma Hideout	6	route	Singles	Check Bad Move	1	70	70	FALSE	FALSE	Mightyena:70:UNK:NONE:Hardy:Embargo,Yawn,Jaw Lock,Play Rough	0 hp,0 at,0 df,0 sa,0 sd,0 sp	0	hzla_dynamic_calc_imp_1-3	Asserted	NA	NA
722	Team Magma Grunt Magma Hideout7	Team Magma Grunt Magma Hideout	7	route	Singles	Check Bad Move	1	70	70	FALSE	FALSE	Sandaconda:70:UNK:NONE:Hardy:Sand Tomb,Earthquake,Double-Edge,Last Resort	0 hp,0 at,0 df,0 sa,0 sd,0 sp	0	hzla_dynamic_calc_imp_1-3	Asserted	NA	NA
723	Team Magma Grunt Magma Hideout8	Team Magma Grunt Magma Hideout	8	route	Singles	Check Bad Move	1	70	70	FALSE	FALSE	Mudsdale:70:UNK:NONE:Hardy:Earthquake,Mega Kick,Superpower,Slack Off	0 hp,0 at,0 df,0 sa,0 sd,0 sp	0	hzla_dynamic_calc_imp_1-3	Asserted	NA	NA
724	Team Magma Grunt Magma Hideout9	Team Magma Grunt Magma Hideout	9	route	Singles	Check Bad Move	1	70	70	FALSE	FALSE	Sudowoodo:70:UNK:NONE:Hardy:Double-Edge,Stone Edge,Hammer Arm,Head Smash	0 hp,0 at,0 df,0 sa,0 sd,0 sp	0	hzla_dynamic_calc_imp_1-3	Asserted	NA	NA
725	Team Magma Grunt Magma Hideout10	Team Magma Grunt Magma Hideout	10	route	Singles	Check Bad Move	1	70	70	FALSE	FALSE	Coalossal:70:UNK:NONE:Hardy:Burning Bulwark,Stone Edge,Power Gem,Burn Up	0 hp,0 at,0 df,0 sa,0 sd,0 sp	0	hzla_dynamic_calc_imp_1-3	Asserted	NA	NA
726	Rival Sunbird	Rival Sunbird	1	rival	Singles	Check Bad Move,Try To Faint,Check Viability,Smart Switching,Omniscient	6	0	0	TRUE	TRUE	Glimmora:0:Toxic Debris:Black Sludge:Modest:Stealth Rock,Hidden Power,Sludge Wave,Power Gem|Dracovish:0:Strong Jaw:Quick Claw:Adamant:Crunch,Psychic Fangs,Fishious Rend,Ancient Power|Dragonite:0:Multiscale:Sitrus Berry:Gentle:Extreme Speed,Dragon Dance,Aqua Tail,Outrage|Meowscarada:0:Protean:Sitrus Berry:Adamant:Night Slash,U-turn,Play Rough,Energy Ball|Skeledirge:0:Unaware:Throat Spray:Modest:Snarl,Hex,Hyper Voice,Torch Song|Tyrantrum:0:Strong Jaw:Metronome:Adamant:Poison Fang,Rock Slide,Crunch,Dragon Claw	31 hp,31 at,31 df,31 sa,31 sd,31 sp|31 hp,31 at,31 df,31 sa,31 sd,31 sp|31 hp,31 at,31 df,31 sa,31 sd,31 sp|31 hp,31 at,31 df,31 sa,31 sd,31 sp|31 hp,31 at,31 df,31 sa,31 sd,31 sp|31 hp,31 at,31 df,31 sa,31 sd,31 sp	6 hp,252 sa,252 sp|6 hp,252 at,252 sp|6 hp,252 at,252 sp|6 hp,252 at,252 sp|6 hp,252 sa,252 sp|6 hp,252 at,252 sp	hzla_dynamic_calc_imp_1-3	Asserted	DYNAMIC	player_relative
727	Rival Suneal	Rival Suneal	1	rival	Singles	Check Bad Move,Try To Faint,Check Viability,Smart Switching,Omniscient,Ace Pokemon	7	0	0	TRUE	TRUE	Dragapult:0:Infiltrator:Draco Plate:Naive:Dragon Darts,Hex,Will-O-Wisp,U-turn|Blaziken:0:Blaze:Life Orb:Adamant:Flame Charge,Flare Blitz,Close Combat,Swords Dance|Sneasler:0:Poison Touch:Choice Scarf:Jolly:Close Combat,Dire Claw,U-turn,Rock Slide|Baxcalibur:0:Thermal Exchange:Loaded Dice:Adamant:Icicle Spear,Scale Shot,Earthquake,Dragon Dance|Gyarados:0:Intimidate:Gyaradosite:Adamant:Dragon Dance,Waterfall,Crunch,Ice Fang|Kingambit:0:Supreme Overlord:Black Glasses:Adamant:Iron Head,Sucker Punch,Low Kick,Kowtow Cleave|Gyarados-Mega:0:Mold Breaker:Gyaradosite:Adamant:Dragon Dance,Waterfall,Crunch,Ice Fang	31 hp,31 at,31 df,31 sa,31 sd,31 sp|31 hp,31 at,31 df,31 sa,31 sd,31 sp|31 hp,31 at,31 df,31 sa,31 sd,31 sp|31 hp,31 at,31 df,31 sa,31 sd,31 sp|31 hp,31 at,31 df,31 sa,31 sd,31 sp|31 hp,31 at,31 df,31 sa,31 sd,31 sp|31 hp,31 at,31 df,31 sa,31 sd,31 sp	252 at,6 sa,252 sp|6 hp,252 at,252 sp|6 hp,252 at,252 sp|6 hp,252 at,252 sp|6 hp,252 at,252 sp|6 hp,252 at,252 sp|6 hp,252 at,252 sp	hzla_dynamic_calc_imp_1-3	Asserted	DYNAMIC	player_relative
728	Magma Admin Courtney	Magma Admin Courtney	1	admin	Singles	Check Bad Move,Try To Faint,Check Viability,Force Setup First Turn,Smart Switching,Omniscient	5	80	80	FALSE	TRUE	Talonflame:80:Gale Wings:Focus Sash:Jolly:Tailwind,Brave Bird,Flare Blitz,U-turn|Serperior:80:Contrary:Life Orb:Timid:Leaf Storm,Dragon Pulse,Hidden Power,Glare|Kommo-o:80:Overcoat:Throat Spray:Timid:Clangorous Soul,Clanging Scales,Aura Sphere,Flash Cannon|Centiskorch:80:Flash Fire:Centiskite:Jolly:Fire Lash,Leech Life,Knock Off,Power Whip|Centiskorch-Mega:80:Mountaineer:Centiskite:Jolly:Fire Lash,Leech Life,Knock Off,Power Whip	31 hp,31 at,31 df,31 sa,31 sd,31 sp|31 hp,31 at,31 df,31 sa,31 sd,30 sp|31 hp,31 at,31 df,31 sa,31 sd,31 sp|31 hp,31 at,31 df,31 sa,31 sd,31 sp|31 hp,31 at,31 df,31 sa,31 sd,31 sp	6 hp,252 at,252 sp|6 hp,252 sa,252 sp|6 hp,252 sa,252 sp|6 hp,252 at,252 sp|6 hp,252 at,252 sp	hzla_dynamic_calc_imp_1-3	Asserted	16	exact
729	Team Magma Grunt Magma Hideout14	Team Magma Grunt Magma Hideout	14	route	Singles	Check Bad Move	1	70	70	FALSE	FALSE	Heatmor:70:UNK:NONE:Hardy:Spit Up,Swallow,Flare Blitz,Inferno	0 hp,0 at,0 df,0 sa,0 sd,0 sp	0	hzla_dynamic_calc_imp_1-3	Asserted	NA	NA
730	Team Magma Grunt Magma Hideout15	Team Magma Grunt Magma Hideout	15	route	Singles	Check Bad Move	1	70	70	FALSE	FALSE	Granbull:70:UNK:NONE:Hardy:Payback,Hammer Arm,Crunch,Outrage	0 hp,0 at,0 df,0 sa,0 sd,0 sp	0	hzla_dynamic_calc_imp_1-3	Asserted	NA	NA
731	Team Magma Grunt Magma Hideout16	Team Magma Grunt Magma Hideout	16	route	Singles	Check Bad Move	1	70	70	FALSE	FALSE	Weavile:70:UNK:NONE:Hardy:Night Slash,Snatch,Punishment,Dark Pulse	0 hp,0 at,0 df,0 sa,0 sd,0 sp	0	hzla_dynamic_calc_imp_1-3	Asserted	NA	NA
732	Magma Admin Tabitha Magma Hideout	Magma Admin Tabitha Magma Hideout	1	admin	Singles	Check Bad Move,Try To Faint,Check Viability,Smart Switching,Omniscient	5	80	80	TRUE	TRUE	Pawmot:80:Iron Fist:Punching Glove:Jolly:Drain Punch,Thunder Punch,Fire Punch,Ice Punch|Emboar:80:Bull Rush:Life Orb:Jolly:Flare Blitz,Earthquake,Head Smash,Close Combat|Hydreigon:80:Levitate:Choice Specs:Timid:Dark Pulse,Dragon Pulse,Flash Cannon,Hydro Pump|Houndoom:80:Flash Fire:Houndoominite:Timid:Flamethrower,Fiery Wrath,Sludge Bomb,Scorching Sands|Houndoom-Mega:80:Dark Aura:Houndoominite:Timid:Flamethrower,Fiery Wrath,Sludge Bomb,Scorching Sands	31 hp,31 at,31 df,31 sa,31 sd,31 sp|31 hp,31 at,31 df,31 sa,31 sd,31 sp|31 hp,31 at,31 df,31 sa,31 sd,31 sp|31 hp,31 at,31 df,31 sa,31 sd,31 sp|31 hp,31 at,31 df,31 sa,31 sd,31 sp	6 hp,252 at,252 sp|6 hp,252 at,252 sp|6 hp,252 sa,252 sp|6 hp,252 sa,252 sp|6 hp,252 sa,252 sp	hzla_dynamic_calc_imp_1-3	Asserted	16	exact
733	Cooltrainer Darcy	Cooltrainer Darcy	1	route	Singles	Check Bad Move,Try To Faint,Check Viability	2	70	70	FALSE	FALSE	Greedent:70:UNK:NONE:Hardy:Counter,Super Fang,Belch,Recycle|Liepard:70:UNK:NONE:Hardy:Night Slash,Snatch,Nasty Plot,Play Rough	0 hp,0 at,0 df,0 sa,0 sd,0 sp|0 hp,0 at,0 df,0 sa,0 sd,0 sp	0|0	hzla_dynamic_calc_imp_1-3	Asserted	NA	NA
734	Magma Leader Maxie Mossdeep	Magma Leader Maxie Mossdeep	1	team_boss	Singles	Check Bad Move,Try To Faint,Check Viability	3	42	44	FALSE	FALSE	Mightyena:42:UNK:NONE:Hardy:Scary Face,Crunch,Taunt,Embargo|Crobat:43:UNK:NONE:Hardy:Leech Life,Dual Wingbeat,Haze,Venoshock|Camerupt:44:UNK:NONE:Hardy:Earth Power,Curse,Take Down,Yawn	18 hp,18 at,18 df,18 sa,18 sd,18 sp|18 hp,18 at,18 df,18 sa,18 sd,18 sp|18 hp,18 at,18 df,18 sa,18 sd,18 sp	0|0|0	hzla_dynamic_calc_imp_1-3	Asserted	7	exact
735	Swimmer M Pete	Swimmer M Pete	1	route	Singles	Check Bad Move	1	50	50	FALSE	FALSE	Feraligatr:50:UNK:NONE:Hardy:Screech,Thrash,Aqua Fang,Superpower	0 hp,0 at,0 df,0 sa,0 sd,0 sp	0	hzla_dynamic_calc_imp_1-3	Asserted	NA	NA
736	Swimmer F Isabelle	Swimmer F Isabelle	1	route	Singles	Check Bad Move	1	50	50	FALSE	FALSE	Azumarill:50:UNK:NONE:Hardy:Aqua Ring,Rain Dance,Double-Edge,Superpower	0 hp,0 at,0 df,0 sa,0 sd,0 sp	0	hzla_dynamic_calc_imp_1-3	Asserted	NA	NA
737	Ruin Maniac Andres	Ruin Maniac Andres	1	route	Singles	Check Bad Move	2	55	55	FALSE	FALSE	Gigalith:55:UNK:NONE:Hardy:Stealth Rock,Sandstorm,Stone Edge,Explosion|Excadrill:55:UNK:NONE:Hardy:Rock Slide,Earthquake,Sandstorm,Drill Run	0 hp,0 at,0 df,0 sa,0 sd,0 sp|0 hp,0 at,0 df,0 sa,0 sd,0 sp	0|0	hzla_dynamic_calc_imp_1-3	Asserted	NA	NA
738	Bird Keeper Josue	Bird Keeper Josue	1	route	Singles	Check Bad Move	2	55	55	FALSE	FALSE	Braviary:55:UNK:NONE:Hardy:Crush Claw,Sky Drop,Whirlwind,Double-Edge|Swanna:55:UNK:NONE:Hardy:Rain Dance,Tailwind,Hydro Pump,Hurricane	0 hp,0 at,0 df,0 sa,0 sd,0 sp|0 hp,0 at,0 df,0 sa,0 sd,0 sp	0|0	hzla_dynamic_calc_imp_1-3	Asserted	NA	NA
739	Triathlete Camron	Triathlete Camron	1	route	Singles	Check Bad Move	2	55	56	FALSE	FALSE	Floatzel:56:UNK:NONE:Hardy:Double Hit,Whirlpool,Aqua Tail,Hydro Pump|Pyukumuku:55:UNK:NONE:Hardy:Recover,Soak,Toxic,Memento	0 hp,0 at,0 df,0 sa,0 sd,0 sp|0 hp,0 at,0 df,0 sa,0 sd,0 sp	0|0	hzla_dynamic_calc_imp_1-3	Asserted	NA	NA
740	Sailor Cory	Sailor Cory	1	route	Singles	Check Bad Move	2	54	54	FALSE	FALSE	Octillery:54:UNK:NONE:Hardy:Signal Beam,Ice Beam,Bullet Seed,Hydro Pump|Malamar:54:UNK:NONE:Hardy:Slash,Night Slash,Superpower,Psycho Boost	0 hp,0 at,0 df,0 sa,0 sd,0 sp|0 hp,0 at,0 df,0 sa,0 sd,0 sp	0|0	hzla_dynamic_calc_imp_1-3	Asserted	NA	NA
741	Cooltrainer Carolina	Cooltrainer Carolina	1	route	Singles	Check Bad Move,Try To Faint,Check Viability	2	54	54	FALSE	FALSE	Manectric:54:UNK:NONE:Hardy:Roar,Wild Charge,Charge,Thunder|Corviknight:54:UNK:NONE:Hardy:Scary Face,Drill Peck,Swagger,Brave Bird	0 hp,0 at,0 df,0 sa,0 sd,0 sp|0 hp,0 at,0 df,0 sa,0 sd,0 sp	0|0	hzla_dynamic_calc_imp_1-3	Asserted	NA	NA
742	Bird Keeper Elijah	Bird Keeper Elijah	1	route	Singles	Check Bad Move	2	55	55	FALSE	FALSE	Staraptor:55:UNK:NONE:Hardy:Dual Wingbeat,Take Down,Agility,Brave Bird|Squawkabilly:55:UNK:NONE:Hardy:Swagger,Brave Bird,Roost,Reversal	0 hp,0 at,0 df,0 sa,0 sd,0 sp|0 hp,0 at,0 df,0 sa,0 sd,0 sp	0|0	hzla_dynamic_calc_imp_1-3	Asserted	NA	NA
743	Lvl -1 Picnicker Celia	Lvl -1 Picnicker Celia	1	route	Singles	Check Bad Move,Try To Faint,Check Viability,Smart Switching,Omniscient	5	-1	-2	TRUE	TRUE	Gastrodon:-2:Sand Force:Leftovers:Modest:Scald,Earth Power,Clear Smog,Recover|Wyrdeer:-2:Sap Sipper:Safety Goggles:Hasty:Psychic,Lunge,Earthquake,Hyper Voice|Dracozolt:-2:Sand Rush:Life Orb:Jolly:Bolt Beak,Dragon Claw,Earthquake,Body Slam|Mawile:-1:Intimidate:Mawilite:Adamant:Iron Head,Sucker Punch,Play Rough,Swords Dance|Mawile-Mega:-1:Huge Power:Mawilite:Adamant:Iron Head,Sucker Punch,Play Rough,Swords Dance	31 hp,31 at,31 df,31 sa,31 sd,31 sp|31 hp,31 at,31 df,31 sa,31 sd,31 sp|31 hp,31 at,31 df,31 sa,31 sd,31 sp|31 hp,31 at,31 df,31 sa,31 sd,31 sp|31 hp,31 at,31 df,31 sa,31 sd,31 sp	6 hp,252 sa,252 sp|6 at,252 sa,252 sp|6 hp,252 at,252 sp|6 hp,252 at,252 sp|6 hp,252 at,252 sp	hzla_dynamic_calc_imp_1-3	Asserted	NA	NA
744	Lvl -2 Rival Dawn Route111	Lvl -2 Rival Dawn Route	111	route	Singles	Check Bad Move,Try To Faint,Check Viability,Smart Switching,Omniscient	6	-1	-2	TRUE	TRUE	Lopunny:-2:Limber:Silk Scarf:Jolly:Fake Out,Return,Thunder Punch,Drain Punch|Noivern:-2:Infiltrator:Expert Belt:Timid:Aeroblast,Dragon Pulse,Boomburst,Dark Pulse|Tsareena:-2:Striker:Miracle Seed:Jolly:Trop Kick,Triple Axel,High Jump Kick,Play Rough|Chandelure:-2:Flash Fire:Charcoal:Timid:Flamethrower,Shadow Ball,Psychic,Will-O-Wisp|Empoleon:-1:Torrent:Empoleonite D:Modest:Surf,Flash Cannon,Air Slash,Roost|Empoleon-Mega-D:-1:Lightning Rod:Empoleonite D:Modest:Surf,Flash Cannon,Air Slash,Roost	31 hp,31 at,31 df,31 sa,31 sd,31 sp|31 hp,31 at,31 df,31 sa,31 sd,31 sp|31 hp,31 at,31 df,31 sa,31 sd,31 sp|31 hp,31 at,31 df,31 sa,31 sd,31 sp|31 hp,31 at,31 df,31 sa,31 sd,31 sp|31 hp,31 at,31 df,31 sa,31 sd,31 sp	6 hp,252 at,252 sp|6 hp,252 sa,252 sp|6 hp,252 at,252 sp|6 hp,252 sa,252 sp|252 hp,6 sa,252 sd|252 hp,6 sa,252 sd	hzla_dynamic_calc_imp_1-3	Asserted	NA	NA
745	Lvl -1 Camper Branden	Lvl -1 Camper Branden	1	route	Singles	Check Bad Move,Try To Faint,Check Viability,Smart Switching,Omniscient	3	-1	-1	TRUE	TRUE	Rotom-Mow:-1:Levitate:Focus Sash:Timid:Discharge,Giga Drain,Hex,Confuse Ray|Arcanine-Hisui:-1:Intimidate:Air Balloon:Jolly:Flare Blitz,Head Smash,Headlong Rush,Extreme Speed|Mr. Rime:-1:Screen Cleaner:Safety Goggles:Timid:Freeze-Dry,Psychic,Focus Blast,Teeter Dance	31 hp,31 at,31 df,31 sa,31 sd,31 sp|31 hp,31 at,31 df,31 sa,31 sd,31 sp|31 hp,31 at,31 df,31 sa,31 sd,31 sp	6 hp,252 sa,252 sp|6 hp,252 at,252 sp|6 hp,252 sa,252 sp	hzla_dynamic_calc_imp_1-3	Asserted	NA	NA
746	Kindler Bryant	Kindler Bryant	1	route	Singles	Check Bad Move	3	34	36	FALSE	FALSE	Probopass:34:UNK:NONE:Hardy:Power Gem,Rock Blast,Discharge,Sandstorm|Meowstic:35:UNK:NONE:Hardy:Psyshock,Charm,Miracle Eye,Reflect|Pachirisu:36:UNK:NONE:Hardy:Swift,Electro Ball,Sweet Kiss,Thunder Wave	0 hp,0 at,0 df,0 sa,0 sd,0 sp|0 hp,0 at,0 df,0 sa,0 sd,0 sp|0 hp,0 at,0 df,0 sa,0 sd,0 sp	0|0|0	hzla_dynamic_calc_imp_1-3	Asserted	NA	NA
747	Aroma Lady Shayla	Aroma Lady Shayla	1	route	Singles	Check Bad Move	3	34	35	FALSE	FALSE	Breloom:34:UNK:NONE:Hardy:Feint,Counter,Force Palm,Mind Reader|Audino:35:UNK:NONE:Hardy:Double Slap,Attract,Entrainment,Take Down|Pyroar:35:UNK:NONE:Hardy:Take Down,Fire Fang,Endeavor,Echoed Voice	0 hp,0 at,0 df,0 sa,0 sd,0 sp|0 hp,0 at,0 df,0 sa,0 sd,0 sp|0 hp,0 at,0 df,0 sa,0 sd,0 sp	0|0|0	hzla_dynamic_calc_imp_1-3	Asserted	NA	NA
748	Triathlete Kyra	Triathlete Kyra	1	route	Singles	Check Bad Move	2	55	55	FALSE	FALSE	Dodrio:55:UNK:NONE:Hardy:Swords Dance,Jump Kick,Double-Edge,Endeavor|Swellow:55:UNK:NONE:Hardy:Agility,Dual Wingbeat,Endeavor,Brave Bird	0 hp,0 at,0 df,0 sa,0 sd,0 sp|0 hp,0 at,0 df,0 sa,0 sd,0 sp	0|0	hzla_dynamic_calc_imp_1-3	Asserted	NA	NA
749	Ninja Boy Jaiden	Ninja Boy Jaiden	1	route	Singles	Check Bad Move	2	55	55	FALSE	FALSE	Ninjask:55:UNK:NONE:Hardy:Pounce,First Impression,Swords Dance,X-Scissor|Swalot:55:UNK:NONE:Hardy:Gastro Acid,Belch,Wring Out,Gunk Shot	0 hp,0 at,0 df,0 sa,0 sd,0 sp|0 hp,0 at,0 df,0 sa,0 sd,0 sp	0|0	hzla_dynamic_calc_imp_1-3	Asserted	NA	NA
750	Psychic Alix	Psychic Alix	1	route	Singles	Check Bad Move	1	54	54	FALSE	FALSE	Polteageist:54:UNK:NONE:Hardy:Giga Drain,Nasty Plot,Shadow Ball,Memento	0 hp,0 at,0 df,0 sa,0 sd,0 sp	0	hzla_dynamic_calc_imp_1-3	Asserted	NA	NA
751	Battle Girl Helene	Battle Girl Helene	1	route	Singles	Check Bad Move	1	54	54	FALSE	FALSE	Orbeetle:54:UNK:NONE:Hardy:Psychic,After You,Calm Mind,Psychic Terrain	0 hp,0 at,0 df,0 sa,0 sd,0 sp	0	hzla_dynamic_calc_imp_1-3	Asserted	NA	NA
752	Psychic Marlene	Psychic Marlene	1	route	Singles	Check Bad Move	2	40	40	FALSE	FALSE	Shelgon:40:UNK:NONE:Hardy:Focus Energy,Crunch,Dragon Claw,Zen Headbutt|Boltund:40:UNK:NONE:Hardy:Spark,Charm,Crunch,Charge	0 hp,0 at,0 df,0 sa,0 sd,0 sp|0 hp,0 at,0 df,0 sa,0 sd,0 sp	0|0	hzla_dynamic_calc_imp_1-3	Asserted	NA	NA
753	Hiker Devan	Hiker Devan	1	route	Singles	Check Bad Move	2	9	10	FALSE	FALSE	Rolycoly:9:UNK:NONE:Hardy:Incinerate,Rapid Spin,Smack Down|Roggenrola:10:UNK:NONE:Hardy:Tackle,Harden,Headbutt	0 hp,0 at,0 df,0 sa,0 sd,0 sp|0 hp,0 at,0 df,0 sa,0 sd,0 sp	0|0	hzla_dynamic_calc_imp_1-3	Asserted	NA	NA
754	Youngster Johnson	Youngster Johnson	1	route	Singles	Check Bad Move	2	9	10	FALSE	FALSE	Skiddo:9:UNK:NONE:Hardy:Tackle,Growth,Vine Whip,Tail Whip|Pidove:10:UNK:NONE:Hardy:Gust,Growl,Leer,Quick Attack	0 hp,0 at,0 df,0 sa,0 sd,0 sp|0 hp,0 at,0 df,0 sa,0 sd,0 sp	0|0	hzla_dynamic_calc_imp_1-3	Asserted	NA	NA
755	Rival X	Rival X	1	rival	Singles	Check Bad Move,Try To Faint,Check Viability,Smart Switching,Omniscient	7	0	0	TRUE	TRUE	Galvantula:0:Compound Eyes:Focus Sash:Timid:Sticky Web,Thunder,Bug Buzz,Giga Drain|Malamar:0:Contrary:Leftovers:Jolly:Superpower,Night Slash,Psycho Cut,Pluck|Darmanitan:0:Sheer Force:Life Orb:Jolly:Flare Blitz,Rock Slide,Earthquake,Brick Break|Mimikyu:0:Disguise:Spell Tag:Jolly:Swords Dance,Shadow Claw,Play Rough,Shadow Sneak|Greninja:0:Protean:Expert Belt:Timid:Water Shuriken,Ice Beam,Dark Pulse,Surf|Torterra:0:Overgrow:Torterrite:Adamant:Seed Bomb,Earthquake,Rock Slide,Heavy Slam|Torterra-Mega:0:Ice Eater:Torterrite:Adamant:Seed Bomb,Earthquake,Rock Slide,Heavy Slam	31 hp,31 at,31 df,31 sa,31 sd,31 sp|31 hp,31 at,31 df,31 sa,31 sd,31 sp|31 hp,31 at,31 df,31 sa,31 sd,31 sp|31 hp,31 at,31 df,31 sa,31 sd,31 sp|31 hp,31 at,31 df,31 sa,31 sd,31 sp|31 hp,31 at,31 df,31 sa,31 sd,31 sp|31 hp,31 at,31 df,31 sa,31 sd,31 sp	6 hp,252 sa,252 sp|6 hp,252 at,252 sp|6 hp,252 at,252 sp|6 hp,252 at,252 sp|6 hp,252 sa,252 sp|6 hp,252 at,252 sp|6 hp,252 at,252 sp	hzla_dynamic_calc_imp_1-3	Asserted	DYNAMIC	player_relative
756	Psychic Brandi	Psychic Brandi	1	route	Singles	Check Bad Move	2	26	26	FALSE	FALSE	Graveler-Alola:26:UNK:NONE:Hardy:Rock Throw,Smack Down,Thunder Punch,Self-Destruct|Ariados:26:UNK:NONE:Hardy:Night Shade,Shadow Sneak,Poison Fang,Sucker Punch	0 hp,0 at,0 df,0 sa,0 sd,0 sp|0 hp,0 at,0 df,0 sa,0 sd,0 sp	0|0	hzla_dynamic_calc_imp_1-3	Asserted	NA	NA
757	Battle Girl Aisha	Battle Girl Aisha	1	route	Singles	Check Bad Move	2	26	26	FALSE	FALSE	Liepard:26:UNK:NONE:Hardy:Pursuit,Torment,Fake Out,Hone Claws|Alomomola:26:UNK:NONE:Hardy:Double Slap,Heal Pulse,Protect,Water Pulse	0 hp,0 at,0 df,0 sa,0 sd,0 sp|0 hp,0 at,0 df,0 sa,0 sd,0 sp	0|0	hzla_dynamic_calc_imp_1-3	Asserted	NA	NA
758	Expert Makayla	Expert Makayla	1	route	Singles	Check Bad Move,Try To Faint,Check Viability	2	70	70	FALSE	FALSE	Kilowattrel:70:UNK:NONE:Hardy:Agility,Volt Switch,Discharge,Hurricane|Stonjourner:70:UNK:NONE:Hardy:Wide Guard,Heavy Slam,Stone Edge,Mega Kick	0 hp,0 at,0 df,0 sa,0 sd,0 sp|0 hp,0 at,0 df,0 sa,0 sd,0 sp	0|0	hzla_dynamic_calc_imp_1-3	Asserted	NA	NA
759	Guitarist Fabian	Guitarist Fabian	1	route	Singles	Check Bad Move	1	60	60	FALSE	FALSE	Alcremie:60:UNK:NONE:Hardy:Recover,Misty Terrain,Entrainment,Moonblast	0 hp,0 at,0 df,0 sa,0 sd,0 sp	0	hzla_dynamic_calc_imp_1-3	Asserted	NA	NA
760	Kindler Dayton	Kindler Dayton	1	route	Singles	Check Bad Move	2	58	58	FALSE	FALSE	Magcargo:58:UNK:NONE:Hardy:Body Slam,Recover,Flamethrower,Earth Power|Mabosstiff:58:UNK:NONE:Hardy:Swagger,Reversal,Jaw Lock,Double-Edge	0 hp,0 at,0 df,0 sa,0 sd,0 sp|0 hp,0 at,0 df,0 sa,0 sd,0 sp	0|0	hzla_dynamic_calc_imp_1-3	Asserted	NA	NA
761	Parasol Lady Raquel	Parasol Lady Raquel	1	route	Singles	Check Bad Move	1	60	60	FALSE	FALSE	Seaking:60:UNK:NONE:Hardy:Waterfall,Soak,Megahorn,Fishious Rend	0 hp,0 at,0 df,0 sa,0 sd,0 sp	0	hzla_dynamic_calc_imp_1-3	Asserted	NA	NA
762	Cooltrainer Leonel	Cooltrainer Leonel	1	route	Singles	Check Bad Move,Try To Faint,Check Viability	1	64	64	FALSE	FALSE	Manectric:64:UNK:NONE:Hardy:Wild Charge,Charge,Thunder,Electric Terrain	0 hp,0 at,0 df,0 sa,0 sd,0 sp	0	hzla_dynamic_calc_imp_1-3	Asserted	NA	NA
763	Battle Girl Callie	Battle Girl Callie	1	route	Singles	Check Bad Move	2	63	63	FALSE	FALSE	Hawlucha:63:UNK:NONE:Hardy:Feather Dance,High Jump Kick,Sky Attack,Dual Wingbeat|Maractus:63:UNK:NONE:Hardy:Solar Beam,Sappy Seed,Cotton Guard,After You	0 hp,0 at,0 df,0 sa,0 sd,0 sp|0 hp,0 at,0 df,0 sa,0 sd,0 sp	0|0	hzla_dynamic_calc_imp_1-3	Asserted	NA	NA
764	Lvl -1 Bug Maniac Cale	Lvl -1 Bug Maniac Cale	1	route	Singles	Check Bad Move,Try To Faint,Check Viability,Smart Switching,Omniscient	4	-1	-2	TRUE	TRUE	Golduck:-2:Swift Swim:Mystic Water:Timid:Scald,Psychic,Ice Beam,Aqua Jet|Clawitzer:-2:Mega Launcher:Choice Specs:Modest:Ice Beam,Water Pulse,Dark Pulse,Aura Sphere|Shiinotic:-2:Rain Dish:Leftovers:Calm:Giga Drain,Spore,Moonblast,Flash|Zebstrika:-1:Sap Sipper:Life Orb:Jolly:Flare Blitz,Wild Charge,Facade,Zippy Zap	31 hp,31 at,31 df,31 sa,31 sd,31 sp|31 hp,31 at,31 df,31 sa,31 sd,31 sp|31 hp,31 at,31 df,31 sa,31 sd,31 sp|31 hp,31 at,31 df,31 sa,31 sd,31 sp	6 hp,252 sa,252 sp|6 hp,252 sa,252 sp|252 hp,6 sa,252 sd|6 hp,252 at,252 sp	hzla_dynamic_calc_imp_1-3	Asserted	NA	NA
765	Pkmn Breeder Myles	Pkmn Breeder Myles	1	route	Singles	Check Bad Move	2	65	65	FALSE	FALSE	Gumshoos:65:UNK:NONE:Hardy:Hyper Fang,Yawn,Thrash,Rest|Seismitoad:65:UNK:NONE:Hardy:Drain Punch,Echoed Voice,Hydro Pump,Wave Crash	0 hp,0 at,0 df,0 sa,0 sd,0 sp|0 hp,0 at,0 df,0 sa,0 sd,0 sp	0|0	hzla_dynamic_calc_imp_1-3	Asserted	NA	NA
766	Pkmn Breeder Pat	Pkmn Breeder Pat	1	route	Singles	Check Bad Move	1	65	65	FALSE	FALSE	Accelgor:65:UNK:NONE:Hardy:Bug Buzz,Recover,Power Swap,Final Gambit	0 hp,0 at,0 df,0 sa,0 sd,0 sp	0	hzla_dynamic_calc_imp_1-3	Asserted	NA	NA
767	Cooltrainer Cristin	Cooltrainer Cristin	1	route	Singles	Check Bad Move,Try To Faint,Check Viability	2	64	64	FALSE	FALSE	Exploud:64:UNK:NONE:Hardy:Synchronoise,Boomburst,Overdrive,Hyper Beam|Cinccino:64:UNK:NONE:Hardy:Tickle,Sing,Tail Slap,Tidy Up	0 hp,0 at,0 df,0 sa,0 sd,0 sp|0 hp,0 at,0 df,0 sa,0 sd,0 sp	0|0	hzla_dynamic_calc_imp_1-3	Asserted	NA	NA
768	Lvl -2 Rival May Rustboro Treecko	Lvl -2 Rival May Rustboro Treecko	1	route	Singles	Check Bad Move,Try To Faint,Check Viability,Smart Switching,Omniscient	4	-1	-2	TRUE	FALSE	Golbat:-2:Sniper:Muscle Band:Jolly:Wing Attack,Cross Poison,Bite,U-turn|Hattrem:-2:Magic Bounce:Wise Glasses:Modest:Draining Kiss,Psybeam,Thunder Wave,Life Dew|Kubfu:-2:Inner Focus:Muscle Band:Adamant:Rock Smash,Aerial Ace,Headbutt,Thunder Punch|Combusken:-1:Striker:Sitrus Berry:Adamant:Double Kick,Rock Tomb,Flame Charge,Thunder Punch	31 hp,31 at,31 df,31 sa,31 sd,31 sp|31 hp,31 at,31 df,31 sa,31 sd,31 sp|31 hp,31 at,31 df,31 sa,31 sd,31 sp|31 hp,31 at,31 df,31 sa,31 sd,31 sp	0|0|0|0	hzla_dynamic_calc_imp_1-3	Asserted	NA	NA
769	Lvl -2 Rival May Rustboro Torchic	Lvl -2 Rival May Rustboro Torchic	1	route	Singles	Check Bad Move,Try To Faint,Check Viability,Smart Switching,Omniscient	4	-1	-2	TRUE	FALSE	Golbat:-2:Sniper:Muscle Band:Jolly:Wing Attack,Cross Poison,Bite,U-turn|Hattrem:-2:Magic Bounce:Wise Glasses:Modest:Draining Kiss,Psybeam,Thunder Wave,Life Dew|Kubfu:-2:Inner Focus:Muscle Band:Adamant:Rock Smash,Aerial Ace,Headbutt,Fire Punch|Marshtomp:-1:Torrent:Sitrus Berry:Quiet:Water Pulse,Rock Tomb,Mud Shot,Ice Punch	31 hp,31 at,31 df,31 sa,31 sd,31 sp|31 hp,31 at,31 df,31 sa,31 sd,31 sp|31 hp,31 at,31 df,31 sa,31 sd,31 sp|31 hp,31 at,31 df,31 sa,31 sd,31 sp	0|0|0|0	hzla_dynamic_calc_imp_1-3	Asserted	NA	NA
770	Leader Roxanne2	Leader Roxanne	2	gym_leader	Doubles	Check Bad Move,Try To Faint,Check Viability	4	14	15	TRUE	TRUE	Rhyhorn:14:Lightning Rod:Rindo Berry:Adamant:Rock Tomb,Horn Attack,Bulldoze,Rock Smash|Wooper-Paldea:15:Water Absorb:Oran Berry:Modest:Mud Shot,Acid Spray,Yawn,Sandstorm|Gligar:15:Sand Veil:Oran Berry:Adamant:Wing Attack,Quick Attack,Bulldoze|Nosepass:15:Sturdy:Berry Juice:Impish:Rock Blast,Spark,Bulldoze,Thunder Wave	31 hp,31 at,31 df,31 sa,31 sd,31 sp|31 hp,31 at,31 df,31 sa,31 sd,31 sp|31 hp,31 at,31 df,31 sa,31 sd,31 sp|31 hp,31 at,31 df,31 sa,31 sd,31 sp	36 at,36 sp|36 sa,36 sp|36 at,36 sp|36 at,36 df	hzla_dynamic_calc_imp_1-3	Asserted	1	exact
771	Leader Roxanne3	Leader Roxanne	3	gym_leader	Doubles	Check Bad Move,Try To Faint,Check Viability	4	14	15	TRUE	TRUE	Rhyhorn:14:Lightning Rod:Rindo Berry:Adamant:Rock Tomb,Horn Attack,Bulldoze,Rock Smash|Wooper-Paldea:15:Water Absorb:Oran Berry:Modest:Mud Shot,Acid Spray,Yawn,Sandstorm|Gligar:15:Sand Veil:Oran Berry:Adamant:Wing Attack,Quick Attack,Bulldoze|Nosepass:15:Sturdy:Berry Juice:Impish:Rock Blast,Spark,Bulldoze,Thunder Wave	31 hp,31 at,31 df,31 sa,31 sd,31 sp|31 hp,31 at,31 df,31 sa,31 sd,31 sp|31 hp,31 at,31 df,31 sa,31 sd,31 sp|31 hp,31 at,31 df,31 sa,31 sd,31 sp	36 at,36 sp|36 sa,36 sp|36 at,36 sp|36 at,36 df	hzla_dynamic_calc_imp_1-3	Asserted	1	exact
772	Leader Roxanne4	Leader Roxanne	4	gym_leader	Doubles	Check Bad Move,Try To Faint,Check Viability	4	14	15	TRUE	TRUE	Rhyhorn:14:Lightning Rod:Rindo Berry:Adamant:Rock Tomb,Horn Attack,Bulldoze,Rock Smash|Wooper-Paldea:15:Water Absorb:Oran Berry:Modest:Mud Shot,Acid Spray,Yawn,Sandstorm|Gligar:15:Sand Veil:Oran Berry:Adamant:Wing Attack,Quick Attack,Bulldoze|Nosepass:15:Sturdy:Berry Juice:Impish:Rock Blast,Spark,Bulldoze,Thunder Wave	31 hp,31 at,31 df,31 sa,31 sd,31 sp|31 hp,31 at,31 df,31 sa,31 sd,31 sp|31 hp,31 at,31 df,31 sa,31 sd,31 sp|31 hp,31 at,31 df,31 sa,31 sd,31 sp	36 at,36 sp|36 sa,36 sp|36 at,36 sp|36 at,36 df	hzla_dynamic_calc_imp_1-3	Asserted	1	exact
773	Leader Roxanne5	Leader Roxanne	5	gym_leader	Doubles	Check Bad Move,Try To Faint,Check Viability	4	14	15	TRUE	TRUE	Rhyhorn:14:Lightning Rod:Rindo Berry:Adamant:Rock Tomb,Horn Attack,Bulldoze,Rock Smash|Wooper-Paldea:15:Water Absorb:Oran Berry:Modest:Mud Shot,Acid Spray,Yawn,Sandstorm|Gligar:15:Sand Veil:Oran Berry:Adamant:Wing Attack,Quick Attack,Bulldoze|Nosepass:15:Sturdy:Berry Juice:Impish:Rock Blast,Spark,Bulldoze,Thunder Wave	31 hp,31 at,31 df,31 sa,31 sd,31 sp|31 hp,31 at,31 df,31 sa,31 sd,31 sp|31 hp,31 at,31 df,31 sa,31 sd,31 sp|31 hp,31 at,31 df,31 sa,31 sd,31 sp	36 at,36 sp|36 sa,36 sp|36 at,36 sp|36 at,36 df	hzla_dynamic_calc_imp_1-3	Asserted	1	exact
774	Leader Brawly2	Leader Brawly	2	gym_leader	Doubles	Check Bad Move,Try To Faint,Check Viability	5	23	25	FALSE	FALSE	Pikachu-Libre:23:Lightning Rod:Light Ball:Timid:Fake Out,Electroweb,Hidden Power,Draining Kiss|Sandslash-Alola:24:Ice Scales:Chople Berry:Jolly:Ice Shard,Aerial Ace,Bulldoze,Cut|Lycanroc-Dusk:25:Tough Claws:Muscle Band:Jolly:Low Sweep,Accelerock,Bulldoze,Rock Tomb|Gurdurr:25:Iron Fist:Eviolite:Adamant:Mach Punch,Fire Punch,Low Sweep,Thunder Punch|Hariyama:25:Guts:Flame Orb:Adamant:Low Sweep,Rock Tomb,Knock Off,Fake Out	31 hp,31 at,30 df,30 sa,30 sd,30 sp|31 hp,31 at,31 df,31 sa,31 sd,31 sp|31 hp,31 at,31 df,31 sa,31 sd,31 sp|31 hp,31 at,31 df,31 sa,31 sd,31 sp|31 hp,31 at,31 df,31 sa,31 sd,31 sp	0|0|0|0|0	hzla_dynamic_calc_imp_1-3	Asserted	3	exact
775	Leader Brawly3	Leader Brawly	3	gym_leader	Doubles	Check Bad Move,Try To Faint,Check Viability	5	23	25	FALSE	FALSE	Pikachu-Libre:23:Lightning Rod:Light Ball:Timid:Fake Out,Electroweb,Hidden Power,Draining Kiss|Sandslash-Alola:24:Ice Scales:Chople Berry:Jolly:Ice Shard,Aerial Ace,Bulldoze,Cut|Lycanroc-Dusk:25:Tough Claws:Muscle Band:Jolly:Low Sweep,Accelerock,Bulldoze,Rock Tomb|Gurdurr:25:Iron Fist:Eviolite:Adamant:Mach Punch,Fire Punch,Low Sweep,Thunder Punch|Hariyama:25:Guts:Flame Orb:Adamant:Low Sweep,Rock Tomb,Knock Off,Fake Out	31 hp,31 at,30 df,30 sa,30 sd,30 sp|31 hp,31 at,31 df,31 sa,31 sd,31 sp|31 hp,31 at,31 df,31 sa,31 sd,31 sp|31 hp,31 at,31 df,31 sa,31 sd,31 sp|31 hp,31 at,31 df,31 sa,31 sd,31 sp	0|0|0|0|0	hzla_dynamic_calc_imp_1-3	Asserted	3	exact
776	Leader Brawly4	Leader Brawly	4	gym_leader	Doubles	Check Bad Move,Try To Faint,Check Viability	5	23	25	FALSE	FALSE	Pikachu-Libre:23:Lightning Rod:Light Ball:Timid:Fake Out,Electroweb,Hidden Power,Draining Kiss|Sandslash-Alola:24:Ice Scales:Chople Berry:Jolly:Ice Shard,Aerial Ace,Bulldoze,Cut|Lycanroc-Dusk:25:Tough Claws:Muscle Band:Jolly:Low Sweep,Accelerock,Bulldoze,Rock Tomb|Gurdurr:25:Iron Fist:Eviolite:Adamant:Mach Punch,Fire Punch,Low Sweep,Thunder Punch|Hariyama:25:Guts:Flame Orb:Adamant:Low Sweep,Rock Tomb,Knock Off,Fake Out	31 hp,31 at,30 df,30 sa,30 sd,30 sp|31 hp,31 at,31 df,31 sa,31 sd,31 sp|31 hp,31 at,31 df,31 sa,31 sd,31 sp|31 hp,31 at,31 df,31 sa,31 sd,31 sp|31 hp,31 at,31 df,31 sa,31 sd,31 sp	0|0|0|0|0	hzla_dynamic_calc_imp_1-3	Asserted	3	exact
777	Leader Brawly5	Leader Brawly	5	gym_leader	Doubles	Check Bad Move,Try To Faint,Check Viability	5	23	25	FALSE	FALSE	Pikachu-Libre:23:Lightning Rod:Light Ball:Timid:Fake Out,Electroweb,Hidden Power,Draining Kiss|Sandslash-Alola:24:Ice Scales:Chople Berry:Jolly:Ice Shard,Aerial Ace,Bulldoze,Cut|Lycanroc-Dusk:25:Tough Claws:Muscle Band:Jolly:Low Sweep,Accelerock,Bulldoze,Rock Tomb|Gurdurr:25:Iron Fist:Eviolite:Adamant:Mach Punch,Fire Punch,Low Sweep,Thunder Punch|Hariyama:25:Guts:Flame Orb:Adamant:Low Sweep,Rock Tomb,Knock Off,Fake Out	31 hp,31 at,30 df,30 sa,30 sd,30 sp|31 hp,31 at,31 df,31 sa,31 sd,31 sp|31 hp,31 at,31 df,31 sa,31 sd,31 sp|31 hp,31 at,31 df,31 sa,31 sd,31 sp|31 hp,31 at,31 df,31 sa,31 sd,31 sp	0|0|0|0|0	hzla_dynamic_calc_imp_1-3	Asserted	3	exact
778	Leader Wattson2	Leader Wattson	2	gym_leader	Doubles	Check Bad Move,Try To Faint,Check Viability	6	34	34	FALSE	TRUE	Dedenne:34:Electric Surge:Terrain Extender:Timid:Parabolic Charge,Volt Switch,Draining Kiss,Hidden Power|Kilowattrel:34:Volt Absorb:Charti Berry:Timid:Air Slash,Electroweb,Volt Switch,Roost|Magneton:34:Analytic:Eviolite:Modest:Shock Wave,Mirror Shot,Volt Switch,Tri Attack|Vikavolt:34:Levitate:Occa Berry:Modest:Bug Buzz,Air Slash,Energy Ball,Charge Beam|Luxray:34:Intimidate:Luxrite:Jolly:Thunder Fang,Bite,Psychic Fangs,Ice Fang|Luxray-Mega:34:Strong Jaw:Luxrite:Jolly:Thunder Fang,Bite,Psychic Fangs,Ice Fang	31 hp,31 at,31 df,31 sa,31 sd,30 sp|31 hp,31 at,31 df,31 sa,31 sd,31 sp|31 hp,31 at,31 df,31 sa,31 sd,31 sp|31 hp,31 at,31 df,31 sa,31 sd,31 sp|31 hp,31 at,31 df,31 sa,31 sd,31 sp|31 hp,31 at,31 df,31 sa,31 sd,31 sp	6 hp,252 sa,252 sp|6 hp,252 sa,252 sp|6 hp,252 sa,252 sp|6 hp,252 sa,252 sp|6 hp,252 at,252 sp|6 hp,252 at,252 sp	hzla_dynamic_calc_imp_1-3	Asserted	6	exact
779	Leader Wattson3	Leader Wattson	3	gym_leader	Doubles	Check Bad Move,Try To Faint,Check Viability	6	34	34	FALSE	TRUE	Dedenne:34:Electric Surge:Terrain Extender:Timid:Parabolic Charge,Volt Switch,Draining Kiss,Hidden Power|Kilowattrel:34:Volt Absorb:Charti Berry:Timid:Air Slash,Electroweb,Volt Switch,Roost|Magneton:34:Analytic:Eviolite:Modest:Shock Wave,Mirror Shot,Volt Switch,Tri Attack|Vikavolt:34:Levitate:Occa Berry:Modest:Bug Buzz,Air Slash,Energy Ball,Charge Beam|Luxray:34:Intimidate:Luxrite:Jolly:Thunder Fang,Bite,Psychic Fangs,Ice Fang|Luxray-Mega:34:Strong Jaw:Luxrite:Jolly:Thunder Fang,Bite,Psychic Fangs,Ice Fang	31 hp,31 at,31 df,31 sa,31 sd,30 sp|31 hp,31 at,31 df,31 sa,31 sd,31 sp|31 hp,31 at,31 df,31 sa,31 sd,31 sp|31 hp,31 at,31 df,31 sa,31 sd,31 sp|31 hp,31 at,31 df,31 sa,31 sd,31 sp|31 hp,31 at,31 df,31 sa,31 sd,31 sp	6 hp,252 sa,252 sp|6 hp,252 sa,252 sp|6 hp,252 sa,252 sp|6 hp,252 sa,252 sp|6 hp,252 at,252 sp|6 hp,252 at,252 sp	hzla_dynamic_calc_imp_1-3	Asserted	6	exact
780	Leader Wattson4	Leader Wattson	4	gym_leader	Doubles	Check Bad Move,Try To Faint,Check Viability	6	34	34	FALSE	TRUE	Dedenne:34:Electric Surge:Terrain Extender:Timid:Parabolic Charge,Volt Switch,Draining Kiss,Hidden Power|Kilowattrel:34:Volt Absorb:Charti Berry:Timid:Air Slash,Electroweb,Volt Switch,Roost|Magneton:34:Analytic:Eviolite:Modest:Shock Wave,Mirror Shot,Volt Switch,Tri Attack|Vikavolt:34:Levitate:Occa Berry:Modest:Bug Buzz,Air Slash,Energy Ball,Charge Beam|Luxray:34:Intimidate:Luxrite:Jolly:Thunder Fang,Bite,Psychic Fangs,Ice Fang|Luxray-Mega:34:Strong Jaw:Luxrite:Jolly:Thunder Fang,Bite,Psychic Fangs,Ice Fang	31 hp,31 at,31 df,31 sa,31 sd,30 sp|31 hp,31 at,31 df,31 sa,31 sd,31 sp|31 hp,31 at,31 df,31 sa,31 sd,31 sp|31 hp,31 at,31 df,31 sa,31 sd,31 sp|31 hp,31 at,31 df,31 sa,31 sd,31 sp|31 hp,31 at,31 df,31 sa,31 sd,31 sp	6 hp,252 sa,252 sp|6 hp,252 sa,252 sp|6 hp,252 sa,252 sp|6 hp,252 sa,252 sp|6 hp,252 at,252 sp|6 hp,252 at,252 sp	hzla_dynamic_calc_imp_1-3	Asserted	6	exact
781	Leader Wattson5	Leader Wattson	5	gym_leader	Doubles	Check Bad Move,Try To Faint,Check Viability	6	34	34	FALSE	TRUE	Dedenne:34:Electric Surge:Terrain Extender:Timid:Parabolic Charge,Volt Switch,Draining Kiss,Hidden Power|Kilowattrel:34:Volt Absorb:Charti Berry:Timid:Air Slash,Electroweb,Volt Switch,Roost|Magneton:34:Analytic:Eviolite:Modest:Shock Wave,Mirror Shot,Volt Switch,Tri Attack|Vikavolt:34:Levitate:Occa Berry:Modest:Bug Buzz,Air Slash,Energy Ball,Charge Beam|Luxray:34:Intimidate:Luxrite:Jolly:Thunder Fang,Bite,Psychic Fangs,Ice Fang|Luxray-Mega:34:Strong Jaw:Luxrite:Jolly:Thunder Fang,Bite,Psychic Fangs,Ice Fang	31 hp,31 at,31 df,31 sa,31 sd,30 sp|31 hp,31 at,31 df,31 sa,31 sd,31 sp|31 hp,31 at,31 df,31 sa,31 sd,31 sp|31 hp,31 at,31 df,31 sa,31 sd,31 sp|31 hp,31 at,31 df,31 sa,31 sd,31 sp|31 hp,31 at,31 df,31 sa,31 sd,31 sp	6 hp,252 sa,252 sp|6 hp,252 sa,252 sp|6 hp,252 sa,252 sp|6 hp,252 sa,252 sp|6 hp,252 at,252 sp|6 hp,252 at,252 sp	hzla_dynamic_calc_imp_1-3	Asserted	6	exact
782	Leader Flannery2	Leader Flannery	2	gym_leader	Doubles	Check Bad Move,Try To Faint,Check Viability	7	47	47	FALSE	TRUE	Ninetales:47:Drought:Heat Rock:Timid:Flamethrower,Energy Ball,Psyshock,Dark Pulse|Walking Wake:47:Protosynthesis:Choice Scarf:Timid:Hydro Steam,Flamethrower,Dragon Pulse,Hidden Power|Scovillain:47:Chlorophyll:Life Orb:Modest:Giga Drain,Flamethrower,Scorching Sands,Sunny Day|Rotom-Heat:47:Levitate:Leftovers:Bold:Thunderbolt,Overheat,Hidden Power,Thunder Wave|Marowak-Alola:47:Bone Zone:Thick Club:Adamant:Flare Blitz,Shadow Bone,Bonemerang,Thunder Punch|Infernape:47:Iron Fist:Infernapite:Jolly:Fire Punch,Close Combat,Knock Off,Rock Slide|Infernape-Mega:47:Iron Fist:Infernapite:Jolly:Fire Punch,Close Combat,Knock Off,Rock Slide	31 hp,31 at,31 df,31 sa,31 sd,31 sp|31 hp,31 at,30 df,30 sa,30 sd,31 sp|31 hp,31 at,31 df,31 sa,31 sd,31 sp|31 hp,31 at,31 df,31 sa,31 sd,30 sp|31 hp,31 at,31 df,31 sa,31 sd,31 sp|31 hp,31 at,31 df,31 sa,31 sd,31 sp|31 hp,31 at,31 df,31 sa,31 sd,31 sp	6 hp,252 sa,252 sp|6 hp,252 sa,252 sp|6 hp,252 sa,252 sp|252 df,252 sa,6 sd|6 hp,252 at,252 sp|6 hp,252 at,252 sp|6 hp,252 at,252 sp	hzla_dynamic_calc_imp_1-3	Asserted	8	exact
783	Leader Flannery3	Leader Flannery	3	gym_leader	Doubles	Check Bad Move,Try To Faint,Check Viability	7	47	47	FALSE	TRUE	Ninetales:47:Drought:Heat Rock:Timid:Flamethrower,Energy Ball,Psyshock,Dark Pulse|Walking Wake:47:Protosynthesis:Choice Scarf:Timid:Hydro Steam,Flamethrower,Dragon Pulse,Hidden Power|Scovillain:47:Chlorophyll:Life Orb:Modest:Giga Drain,Flamethrower,Scorching Sands,Sunny Day|Rotom-Heat:47:Levitate:Leftovers:Bold:Thunderbolt,Overheat,Hidden Power,Thunder Wave|Marowak-Alola:47:Bone Zone:Thick Club:Adamant:Flare Blitz,Shadow Bone,Bonemerang,Thunder Punch|Infernape:47:Iron Fist:Infernapite:Jolly:Fire Punch,Close Combat,Knock Off,Rock Slide|Infernape-Mega:47:Iron Fist:Infernapite:Jolly:Fire Punch,Close Combat,Knock Off,Rock Slide	31 hp,31 at,31 df,31 sa,31 sd,31 sp|31 hp,31 at,30 df,30 sa,30 sd,31 sp|31 hp,31 at,31 df,31 sa,31 sd,31 sp|31 hp,31 at,31 df,31 sa,31 sd,30 sp|31 hp,31 at,31 df,31 sa,31 sd,31 sp|31 hp,31 at,31 df,31 sa,31 sd,31 sp|31 hp,31 at,31 df,31 sa,31 sd,31 sp	6 hp,252 sa,252 sp|6 hp,252 sa,252 sp|6 hp,252 sa,252 sp|252 df,252 sa,6 sd|6 hp,252 at,252 sp|6 hp,252 at,252 sp|6 hp,252 at,252 sp	hzla_dynamic_calc_imp_1-3	Asserted	8	exact
784	Leader Flannery4	Leader Flannery	4	gym_leader	Doubles	Check Bad Move,Try To Faint,Check Viability	7	47	47	FALSE	TRUE	Ninetales:47:Drought:Heat Rock:Timid:Flamethrower,Energy Ball,Psyshock,Dark Pulse|Walking Wake:47:Protosynthesis:Choice Scarf:Timid:Hydro Steam,Flamethrower,Dragon Pulse,Hidden Power|Scovillain:47:Chlorophyll:Life Orb:Modest:Giga Drain,Flamethrower,Scorching Sands,Sunny Day|Rotom-Heat:47:Levitate:Leftovers:Bold:Thunderbolt,Overheat,Hidden Power,Thunder Wave|Marowak-Alola:47:Bone Zone:Thick Club:Adamant:Flare Blitz,Shadow Bone,Bonemerang,Thunder Punch|Infernape:47:Iron Fist:Infernapite:Jolly:Fire Punch,Close Combat,Knock Off,Rock Slide|Infernape-Mega:47:Iron Fist:Infernapite:Jolly:Fire Punch,Close Combat,Knock Off,Rock Slide	31 hp,31 at,31 df,31 sa,31 sd,31 sp|31 hp,31 at,30 df,30 sa,30 sd,31 sp|31 hp,31 at,31 df,31 sa,31 sd,31 sp|31 hp,31 at,31 df,31 sa,31 sd,30 sp|31 hp,31 at,31 df,31 sa,31 sd,31 sp|31 hp,31 at,31 df,31 sa,31 sd,31 sp|31 hp,31 at,31 df,31 sa,31 sd,31 sp	6 hp,252 sa,252 sp|6 hp,252 sa,252 sp|6 hp,252 sa,252 sp|252 df,252 sa,6 sd|6 hp,252 at,252 sp|6 hp,252 at,252 sp|6 hp,252 at,252 sp	hzla_dynamic_calc_imp_1-3	Asserted	8	exact
785	Leader Flannery5	Leader Flannery	5	gym_leader	Doubles	Check Bad Move,Try To Faint,Check Viability	7	47	47	FALSE	TRUE	Ninetales:47:Drought:Heat Rock:Timid:Flamethrower,Energy Ball,Psyshock,Dark Pulse|Walking Wake:47:Protosynthesis:Choice Scarf:Timid:Hydro Steam,Flamethrower,Dragon Pulse,Hidden Power|Scovillain:47:Chlorophyll:Life Orb:Modest:Giga Drain,Flamethrower,Scorching Sands,Sunny Day|Rotom-Heat:47:Levitate:Leftovers:Bold:Thunderbolt,Overheat,Hidden Power,Thunder Wave|Marowak-Alola:47:Bone Zone:Thick Club:Adamant:Flare Blitz,Shadow Bone,Bonemerang,Thunder Punch|Infernape:47:Iron Fist:Infernapite:Jolly:Fire Punch,Close Combat,Knock Off,Rock Slide|Infernape-Mega:47:Iron Fist:Infernapite:Jolly:Fire Punch,Close Combat,Knock Off,Rock Slide	31 hp,31 at,31 df,31 sa,31 sd,31 sp|31 hp,31 at,30 df,30 sa,30 sd,31 sp|31 hp,31 at,31 df,31 sa,31 sd,31 sp|31 hp,31 at,31 df,31 sa,31 sd,30 sp|31 hp,31 at,31 df,31 sa,31 sd,31 sp|31 hp,31 at,31 df,31 sa,31 sd,31 sp|31 hp,31 at,31 df,31 sa,31 sd,31 sp	6 hp,252 sa,252 sp|6 hp,252 sa,252 sp|6 hp,252 sa,252 sp|252 df,252 sa,6 sd|6 hp,252 at,252 sp|6 hp,252 at,252 sp|6 hp,252 at,252 sp	hzla_dynamic_calc_imp_1-3	Asserted	8	exact
786	Leader Norman2	Leader Norman	2	gym_leader	Doubles	Check Bad Move,Try To Faint,Check Viability	7	59	59	FALSE	TRUE	Zoroark-Hisui:59:Illusion:Focus Sash:Timid:Bitter Malice,Aura Sphere,Hyper Voice,Sludge Bomb|Iron Valiant:59:Quark Drive:Booster Energy:Jolly:Close Combat,Spirit Break,Bulk Up,Knock Off|Ursaluna-Bloodmoon:59:Minds Eye:Expert Belt:Modest:Earth Power,Blood Moon,Hyper Voice,Hidden Power|Cyclizar:59:Regenerator:Sitrus Berry:Jolly:Shed Tail,Aqua Tail,Dragon Claw,Return|Slaking:59:Truant:Slakite:Jolly:Return,Play Rough,Power-Up Punch,Earthquake|Obstagoon:59:Guts:Life Orb:Jolly:Facade,Knock Off,Close Combat,Sucker Punch|Slaking-Mega:59:Comatose:Slakite:Jolly:Return,Play Rough,Power-Up Punch,Earthquake	31 hp,31 at,31 df,31 sa,31 sd,31 sp|31 hp,31 at,31 df,31 sa,31 sd,31 sp|31 hp,30 at,30 df,31 sa,31 sd,31 sp|31 hp,31 at,31 df,31 sa,31 sd,31 sp|31 hp,31 at,31 df,31 sa,31 sd,31 sp|31 hp,31 at,31 df,31 sa,31 sd,31 sp|31 hp,31 at,31 df,31 sa,31 sd,31 sp	6 hp,252 sa,252 sp|6 hp,252 at,252 sp|6 hp,252 sa,252 sp|6 hp,252 at,252 sp|6 hp,252 at,252 sp|6 hp,252 at,252 sp|6 hp,252 at,252 sp	hzla_dynamic_calc_imp_1-3	Asserted	10	exact
787	Leader Norman3	Leader Norman	3	gym_leader	Doubles	Check Bad Move,Try To Faint,Check Viability	7	59	59	FALSE	TRUE	Zoroark-Hisui:59:Illusion:Focus Sash:Timid:Bitter Malice,Aura Sphere,Hyper Voice,Sludge Bomb|Iron Valiant:59:Quark Drive:Booster Energy:Jolly:Close Combat,Spirit Break,Bulk Up,Knock Off|Ursaluna-Bloodmoon:59:Minds Eye:Expert Belt:Modest:Earth Power,Blood Moon,Hyper Voice,Hidden Power|Cyclizar:59:Regenerator:Sitrus Berry:Jolly:Shed Tail,Aqua Tail,Dragon Claw,Return|Slaking:59:Truant:Slakite:Jolly:Return,Play Rough,Power-Up Punch,Earthquake|Obstagoon:59:Guts:Life Orb:Jolly:Facade,Knock Off,Close Combat,Sucker Punch|Slaking-Mega:59:Comatose:Slakite:Jolly:Return,Play Rough,Power-Up Punch,Earthquake	31 hp,31 at,31 df,31 sa,31 sd,31 sp|31 hp,31 at,31 df,31 sa,31 sd,31 sp|31 hp,30 at,30 df,31 sa,31 sd,31 sp|31 hp,31 at,31 df,31 sa,31 sd,31 sp|31 hp,31 at,31 df,31 sa,31 sd,31 sp|31 hp,31 at,31 df,31 sa,31 sd,31 sp|31 hp,31 at,31 df,31 sa,31 sd,31 sp	6 hp,252 sa,252 sp|6 hp,252 at,252 sp|6 hp,252 sa,252 sp|6 hp,252 at,252 sp|6 hp,252 at,252 sp|6 hp,252 at,252 sp|6 hp,252 at,252 sp	hzla_dynamic_calc_imp_1-3	Asserted	10	exact
788	Leader Norman4	Leader Norman	4	gym_leader	Doubles	Check Bad Move,Try To Faint,Check Viability	7	59	59	FALSE	TRUE	Zoroark-Hisui:59:Illusion:Focus Sash:Timid:Bitter Malice,Aura Sphere,Hyper Voice,Sludge Bomb|Iron Valiant:59:Quark Drive:Booster Energy:Jolly:Close Combat,Spirit Break,Bulk Up,Knock Off|Ursaluna-Bloodmoon:59:Minds Eye:Expert Belt:Modest:Earth Power,Blood Moon,Hyper Voice,Hidden Power|Cyclizar:59:Regenerator:Sitrus Berry:Jolly:Shed Tail,Aqua Tail,Dragon Claw,Return|Slaking:59:Truant:Slakite:Jolly:Return,Play Rough,Power-Up Punch,Earthquake|Obstagoon:59:Guts:Life Orb:Jolly:Facade,Knock Off,Close Combat,Sucker Punch|Slaking-Mega:59:Comatose:Slakite:Jolly:Return,Play Rough,Power-Up Punch,Earthquake	31 hp,31 at,31 df,31 sa,31 sd,31 sp|31 hp,31 at,31 df,31 sa,31 sd,31 sp|31 hp,30 at,30 df,31 sa,31 sd,31 sp|31 hp,31 at,31 df,31 sa,31 sd,31 sp|31 hp,31 at,31 df,31 sa,31 sd,31 sp|31 hp,31 at,31 df,31 sa,31 sd,31 sp|31 hp,31 at,31 df,31 sa,31 sd,31 sp	6 hp,252 sa,252 sp|6 hp,252 at,252 sp|6 hp,252 sa,252 sp|6 hp,252 at,252 sp|6 hp,252 at,252 sp|6 hp,252 at,252 sp|6 hp,252 at,252 sp	hzla_dynamic_calc_imp_1-3	Asserted	10	exact
789	Leader Norman5	Leader Norman	5	gym_leader	Doubles	Check Bad Move,Try To Faint,Check Viability	7	59	59	FALSE	TRUE	Zoroark-Hisui:59:Illusion:Focus Sash:Timid:Bitter Malice,Aura Sphere,Hyper Voice,Sludge Bomb|Iron Valiant:59:Quark Drive:Booster Energy:Jolly:Close Combat,Spirit Break,Bulk Up,Knock Off|Ursaluna-Bloodmoon:59:Minds Eye:Expert Belt:Modest:Earth Power,Blood Moon,Hyper Voice,Hidden Power|Cyclizar:59:Regenerator:Sitrus Berry:Jolly:Shed Tail,Aqua Tail,Dragon Claw,Return|Slaking:59:Truant:Slakite:Jolly:Return,Play Rough,Power-Up Punch,Earthquake|Obstagoon:59:Guts:Life Orb:Jolly:Facade,Knock Off,Close Combat,Sucker Punch|Slaking-Mega:59:Comatose:Slakite:Jolly:Return,Play Rough,Power-Up Punch,Earthquake	31 hp,31 at,31 df,31 sa,31 sd,31 sp|31 hp,31 at,31 df,31 sa,31 sd,31 sp|31 hp,30 at,30 df,31 sa,31 sd,31 sp|31 hp,31 at,31 df,31 sa,31 sd,31 sp|31 hp,31 at,31 df,31 sa,31 sd,31 sp|31 hp,31 at,31 df,31 sa,31 sd,31 sp|31 hp,31 at,31 df,31 sa,31 sd,31 sp	6 hp,252 sa,252 sp|6 hp,252 at,252 sp|6 hp,252 sa,252 sp|6 hp,252 at,252 sp|6 hp,252 at,252 sp|6 hp,252 at,252 sp|6 hp,252 at,252 sp	hzla_dynamic_calc_imp_1-3	Asserted	10	exact
790	Leader Winona2	Leader Winona	2	gym_leader	Doubles	Check Bad Move,Try To Faint,Check Viability	7	68	68	FALSE	TRUE	Staraptor:68:Intimidate:Choice Band:Jolly:Double-Edge,Brave Bird,Close Combat,U-turn|Aggron:68:Rock Head:Assault Vest:Adamant:Heavy Slam,Head Smash,Fire Punch,Body Press|Flygon:68:Tinted Lens:Life Orb:Naive:Draco Meteor,Headlong Rush,Dual Wingbeat,Rock Slide|Frosmoth:68:Ice Scales:Heavy-Duty Boots:Timid:Quiver Dance,Bug Buzz,Giga Drain,Ice Beam|Thundurus-Therian:68:Volt Absorb:Focus Sash:Timid:Thunderbolt,Grass Knot,Sludge Wave,Hidden Power|Altaria:68:Natural Cure:Altarianite:Jolly:Dragon Dance,Earthquake,Dragon Claw,Return|Altaria-Mega:68:Pixilate:Altarianite:Jolly:Dragon Dance,Earthquake,Dragon Claw,Return	31 hp,31 at,31 df,31 sa,31 sd,31 sp|31 hp,31 at,31 df,31 sa,31 sd,31 sp|31 hp,31 at,31 df,31 sa,31 sd,31 sp|31 hp,31 at,31 df,31 sa,31 sd,31 sp|31 hp,31 at,31 df,30 sa,30 sd,30 sp|31 hp,31 at,31 df,31 sa,31 sd,31 sp|31 hp,31 at,31 df,31 sa,31 sd,31 sp	6 hp,252 at,252 sp|6 hp,252 at,252 df|252 at,6 sa,252 sp|6 hp,252 sa,252 sp|6 hp,252 sa,252 sp|6 hp,252 at,252 sp|6 hp,252 at,252 sp	hzla_dynamic_calc_imp_1-3	Asserted	12	exact
791	Leader Winona3	Leader Winona	3	gym_leader	Doubles	Check Bad Move,Try To Faint,Check Viability	7	68	68	FALSE	TRUE	Staraptor:68:Intimidate:Choice Band:Jolly:Double-Edge,Brave Bird,Close Combat,U-turn|Aggron:68:Rock Head:Assault Vest:Adamant:Heavy Slam,Head Smash,Fire Punch,Body Press|Flygon:68:Tinted Lens:Life Orb:Naive:Draco Meteor,Headlong Rush,Dual Wingbeat,Rock Slide|Frosmoth:68:Ice Scales:Heavy-Duty Boots:Timid:Quiver Dance,Bug Buzz,Giga Drain,Ice Beam|Thundurus-Therian:68:Volt Absorb:Focus Sash:Timid:Thunderbolt,Grass Knot,Sludge Wave,Hidden Power|Altaria:68:Natural Cure:Altarianite:Jolly:Dragon Dance,Earthquake,Dragon Claw,Return|Altaria-Mega:68:Pixilate:Altarianite:Jolly:Dragon Dance,Earthquake,Dragon Claw,Return	31 hp,31 at,31 df,31 sa,31 sd,31 sp|31 hp,31 at,31 df,31 sa,31 sd,31 sp|31 hp,31 at,31 df,31 sa,31 sd,31 sp|31 hp,31 at,31 df,31 sa,31 sd,31 sp|31 hp,31 at,31 df,30 sa,30 sd,30 sp|31 hp,31 at,31 df,31 sa,31 sd,31 sp|31 hp,31 at,31 df,31 sa,31 sd,31 sp	6 hp,252 at,252 sp|6 hp,252 at,252 df|252 at,6 sa,252 sp|6 hp,252 sa,252 sp|6 hp,252 sa,252 sp|6 hp,252 at,252 sp|6 hp,252 at,252 sp	hzla_dynamic_calc_imp_1-3	Asserted	12	exact
792	Leader Winona4	Leader Winona	4	gym_leader	Doubles	Check Bad Move,Try To Faint,Check Viability	7	68	68	FALSE	TRUE	Staraptor:68:Intimidate:Choice Band:Jolly:Double-Edge,Brave Bird,Close Combat,U-turn|Aggron:68:Rock Head:Assault Vest:Adamant:Heavy Slam,Head Smash,Fire Punch,Body Press|Flygon:68:Tinted Lens:Life Orb:Naive:Draco Meteor,Headlong Rush,Dual Wingbeat,Rock Slide|Frosmoth:68:Ice Scales:Heavy-Duty Boots:Timid:Quiver Dance,Bug Buzz,Giga Drain,Ice Beam|Thundurus-Therian:68:Volt Absorb:Focus Sash:Timid:Thunderbolt,Grass Knot,Sludge Wave,Hidden Power|Altaria:68:Natural Cure:Altarianite:Jolly:Dragon Dance,Earthquake,Dragon Claw,Return|Altaria-Mega:68:Pixilate:Altarianite:Jolly:Dragon Dance,Earthquake,Dragon Claw,Return	31 hp,31 at,31 df,31 sa,31 sd,31 sp|31 hp,31 at,31 df,31 sa,31 sd,31 sp|31 hp,31 at,31 df,31 sa,31 sd,31 sp|31 hp,31 at,31 df,31 sa,31 sd,31 sp|31 hp,31 at,31 df,30 sa,30 sd,30 sp|31 hp,31 at,31 df,31 sa,31 sd,31 sp|31 hp,31 at,31 df,31 sa,31 sd,31 sp	6 hp,252 at,252 sp|6 hp,252 at,252 df|252 at,6 sa,252 sp|6 hp,252 sa,252 sp|6 hp,252 sa,252 sp|6 hp,252 at,252 sp|6 hp,252 at,252 sp	hzla_dynamic_calc_imp_1-3	Asserted	12	exact
793	Leader Winona5	Leader Winona	5	gym_leader	Doubles	Check Bad Move,Try To Faint,Check Viability	7	68	68	FALSE	TRUE	Staraptor:68:Intimidate:Choice Band:Jolly:Double-Edge,Brave Bird,Close Combat,U-turn|Aggron:68:Rock Head:Assault Vest:Adamant:Heavy Slam,Head Smash,Fire Punch,Body Press|Flygon:68:Tinted Lens:Life Orb:Naive:Draco Meteor,Headlong Rush,Dual Wingbeat,Rock Slide|Frosmoth:68:Ice Scales:Heavy-Duty Boots:Timid:Quiver Dance,Bug Buzz,Giga Drain,Ice Beam|Thundurus-Therian:68:Volt Absorb:Focus Sash:Timid:Thunderbolt,Grass Knot,Sludge Wave,Hidden Power|Altaria:68:Natural Cure:Altarianite:Jolly:Dragon Dance,Earthquake,Dragon Claw,Return|Altaria-Mega:68:Pixilate:Altarianite:Jolly:Dragon Dance,Earthquake,Dragon Claw,Return	31 hp,31 at,31 df,31 sa,31 sd,31 sp|31 hp,31 at,31 df,31 sa,31 sd,31 sp|31 hp,31 at,31 df,31 sa,31 sd,31 sp|31 hp,31 at,31 df,31 sa,31 sd,31 sp|31 hp,31 at,31 df,30 sa,30 sd,30 sp|31 hp,31 at,31 df,31 sa,31 sd,31 sp|31 hp,31 at,31 df,31 sa,31 sd,31 sp	6 hp,252 at,252 sp|6 hp,252 at,252 df|252 at,6 sa,252 sp|6 hp,252 sa,252 sp|6 hp,252 sa,252 sp|6 hp,252 at,252 sp|6 hp,252 at,252 sp	hzla_dynamic_calc_imp_1-3	Asserted	12	exact
794	Leader Tate And Liza2	Leader Tate And Liza	2	gym_leader	Doubles	Check Bad Move,Try To Faint,Check Viability	5	48	50	TRUE	FALSE	Slowpoke:48:UNK:NONE:Hardy:Yawn,Psychic,Calm Mind,Protect|Claydol:49:UNK:NONE:Hardy:Earthquake,Ancient Power,Psychic,Light Screen|Xatu:49:UNK:NONE:Hardy:Psychic,Rest,Confuse Ray,Calm Mind|Lunatone:50:UNK:NONE:Hardy:Earthquake,Psychic,Rest,Calm Mind|Solrock:50:UNK:NONE:Hardy:Sunny Day,Solar Beam,Psychic,Flamethrower	31 hp,31 at,31 df,31 sa,31 sd,31 sp|31 hp,31 at,31 df,31 sa,31 sd,31 sp|31 hp,31 at,31 df,31 sa,31 sd,31 sp|31 hp,31 at,31 df,31 sa,31 sd,31 sp|31 hp,31 at,31 df,31 sa,31 sd,31 sp	0|0|0|0|0	hzla_dynamic_calc_imp_1-3	Asserted	9	bounded
795	Leader Tate And Liza3	Leader Tate And Liza	3	gym_leader	Doubles	Check Bad Move,Try To Faint,Check Viability	6	53	55	TRUE	FALSE	Drowzee:53:UNK:NONE:Hardy:Hypnosis,Dream Eater,Headbutt,Protect|Slowpoke:53:UNK:NONE:Hardy:Yawn,Psychic,Calm Mind,Protect|Claydol:54:UNK:NONE:Hardy:Earthquake,Explosion,Psychic,Light Screen|Xatu:54:UNK:NONE:Hardy:Psychic,Rest,Confuse Ray,Calm Mind|Lunatone:55:UNK:NONE:Hardy:Earthquake,Psychic,Rest,Calm Mind|Solrock:55:UNK:NONE:Hardy:Sunny Day,Solar Beam,Psychic,Flamethrower	31 hp,31 at,31 df,31 sa,31 sd,31 sp|31 hp,31 at,31 df,31 sa,31 sd,31 sp|31 hp,31 at,31 df,31 sa,31 sd,31 sp|31 hp,31 at,31 df,31 sa,31 sd,31 sp|31 hp,31 at,31 df,31 sa,31 sd,31 sp|31 hp,31 at,31 df,31 sa,31 sd,31 sp	0|0|0|0|0|0	hzla_dynamic_calc_imp_1-3	Asserted	9	bounded
796	Leader Tate And Liza4	Leader Tate And Liza	4	gym_leader	Doubles	Check Bad Move,Try To Faint,Check Viability	6	58	60	TRUE	FALSE	Hypno:58:UNK:NONE:Hardy:Hypnosis,Dream Eater,Headbutt,Protect|Claydol:59:UNK:NONE:Hardy:Earthquake,Explosion,Psychic,Light Screen|Slowpoke:58:UNK:NONE:Hardy:Yawn,Psychic,Calm Mind,Protect|Xatu:59:UNK:NONE:Hardy:Psychic,Rest,Confuse Ray,Calm Mind|Lunatone:60:UNK:NONE:Hardy:Earthquake,Psychic,Rest,Calm Mind|Solrock:60:UNK:NONE:Hardy:Sunny Day,Solar Beam,Psychic,Flamethrower	31 hp,31 at,31 df,31 sa,31 sd,31 sp|31 hp,31 at,31 df,31 sa,31 sd,31 sp|31 hp,31 at,31 df,31 sa,31 sd,31 sp|31 hp,31 at,31 df,31 sa,31 sd,31 sp|31 hp,31 at,31 df,31 sa,31 sd,31 sp|31 hp,31 at,31 df,31 sa,31 sd,31 sp	0|0|0|0|0|0	hzla_dynamic_calc_imp_1-3	Asserted	11	bounded
797	Leader Tate And Liza5	Leader Tate And Liza	5	gym_leader	Doubles	Check Bad Move,Try To Faint,Check Viability	6	63	65	TRUE	FALSE	Hypno:63:UNK:NONE:Hardy:Hypnosis,Dream Eater,Headbutt,Protect|Claydol:64:UNK:NONE:Hardy:Earthquake,Explosion,Psychic,Light Screen|Slowking:63:UNK:NONE:Hardy:Yawn,Psychic,Calm Mind,Protect|Xatu:64:UNK:NONE:Hardy:Psychic,Rest,Confuse Ray,Calm Mind|Lunatone:65:UNK:NONE:Hardy:Earthquake,Psychic,Rest,Calm Mind|Solrock:65:UNK:NONE:Hardy:Sunny Day,Solar Beam,Psychic,Flamethrower	31 hp,31 at,31 df,31 sa,31 sd,31 sp|31 hp,31 at,31 df,31 sa,31 sd,31 sp|31 hp,31 at,31 df,31 sa,31 sd,31 sp|31 hp,31 at,31 df,31 sa,31 sd,31 sp|31 hp,31 at,31 df,31 sa,31 sd,31 sp|31 hp,31 at,31 df,31 sa,31 sd,31 sp	0|0|0|0|0|0	hzla_dynamic_calc_imp_1-3	Asserted	12	bounded
798	Leader Juan2	Leader Juan	2	gym_leader	Doubles	Check Bad Move,Try To Faint,Check Viability	7	82	82	TRUE	TRUE	Tapu Fini:82:Misty Surge:Terrain Extender:Timid:Moonblast,Ice Beam,Surf,Flip Turn|Tinkaton:82:Own Tempo:Shuca Berry:Jolly:Gigaton Hammer,Play Rough,Stone Edge,Brick Break|Rapidash-Galar:82:Flash Fire:Life Orb:Jolly:Flare Blitz,Play Rough,Wild Charge,Swords Dance|Ursaluna:82:Guts:Assault Vest:Adamant:Facade,Headlong Rush,Close Combat,Play Rough|Flutter Mane:82:Protosynthesis:Choice Specs:Timid:Energy Ball,Shadow Ball,Moonblast,Psyshock|Diancie:82:Clear Body:Diancite:Timid:Moonblast,Diamond Storm,Calm Mind,Earth Power|Diancie-Mega:82:Magic Bounce:Diancite:Timid:Moonblast,Diamond Storm,Calm Mind,Earth Power	31 hp,31 at,31 df,31 sa,31 sd,31 sp|31 hp,31 at,31 df,31 sa,31 sd,31 sp|31 hp,31 at,31 df,31 sa,31 sd,31 sp|31 hp,31 at,31 df,31 sa,31 sd,31 sp|31 hp,31 at,31 df,31 sa,31 sd,31 sp|31 hp,31 at,31 df,31 sa,31 sd,31 sp|31 hp,31 at,31 df,31 sa,31 sd,31 sp	6 hp,252 sa,252 sp|6 hp,252 at,252 sp|6 hp,252 at,252 sp|6 hp,252 at,252 sp|6 hp,252 sa,252 sp|6 hp,252 sa,252 sp|6 hp,252 sa,252 sp	hzla_dynamic_calc_imp_1-3	Asserted	17	exact
799	Leader Juan3	Leader Juan	3	gym_leader	Doubles	Check Bad Move,Try To Faint,Check Viability	7	82	82	TRUE	TRUE	Tapu Fini:82:Misty Surge:Terrain Extender:Timid:Moonblast,Ice Beam,Surf,Flip Turn|Tinkaton:82:Own Tempo:Shuca Berry:Jolly:Gigaton Hammer,Play Rough,Stone Edge,Brick Break|Rapidash-Galar:82:Flash Fire:Life Orb:Jolly:Flare Blitz,Play Rough,Wild Charge,Swords Dance|Ursaluna:82:Guts:Assault Vest:Adamant:Facade,Headlong Rush,Close Combat,Play Rough|Flutter Mane:82:Protosynthesis:Choice Specs:Timid:Energy Ball,Shadow Ball,Moonblast,Psyshock|Diancie:82:Clear Body:Diancite:Timid:Moonblast,Diamond Storm,Calm Mind,Earth Power|Diancie-Mega:82:Magic Bounce:Diancite:Timid:Moonblast,Diamond Storm,Calm Mind,Earth Power	31 hp,31 at,31 df,31 sa,31 sd,31 sp|31 hp,31 at,31 df,31 sa,31 sd,31 sp|31 hp,31 at,31 df,31 sa,31 sd,31 sp|31 hp,31 at,31 df,31 sa,31 sd,31 sp|31 hp,31 at,31 df,31 sa,31 sd,31 sp|31 hp,31 at,31 df,31 sa,31 sd,31 sp|31 hp,31 at,31 df,31 sa,31 sd,31 sp	6 hp,252 sa,252 sp|6 hp,252 at,252 sp|6 hp,252 at,252 sp|6 hp,252 at,252 sp|6 hp,252 sa,252 sp|6 hp,252 sa,252 sp|6 hp,252 sa,252 sp	hzla_dynamic_calc_imp_1-3	Asserted	17	exact
800	Leader Juan4	Leader Juan	4	gym_leader	Doubles	Check Bad Move,Try To Faint,Check Viability	7	82	82	TRUE	TRUE	Tapu Fini:82:Misty Surge:Terrain Extender:Timid:Moonblast,Ice Beam,Surf,Flip Turn|Tinkaton:82:Own Tempo:Shuca Berry:Jolly:Gigaton Hammer,Play Rough,Stone Edge,Brick Break|Rapidash-Galar:82:Flash Fire:Life Orb:Jolly:Flare Blitz,Play Rough,Wild Charge,Swords Dance|Ursaluna:82:Guts:Assault Vest:Adamant:Facade,Headlong Rush,Close Combat,Play Rough|Flutter Mane:82:Protosynthesis:Choice Specs:Timid:Energy Ball,Shadow Ball,Moonblast,Psyshock|Diancie:82:Clear Body:Diancite:Timid:Moonblast,Diamond Storm,Calm Mind,Earth Power|Diancie-Mega:82:Magic Bounce:Diancite:Timid:Moonblast,Diamond Storm,Calm Mind,Earth Power	31 hp,31 at,31 df,31 sa,31 sd,31 sp|31 hp,31 at,31 df,31 sa,31 sd,31 sp|31 hp,31 at,31 df,31 sa,31 sd,31 sp|31 hp,31 at,31 df,31 sa,31 sd,31 sp|31 hp,31 at,31 df,31 sa,31 sd,31 sp|31 hp,31 at,31 df,31 sa,31 sd,31 sp|31 hp,31 at,31 df,31 sa,31 sd,31 sp	6 hp,252 sa,252 sp|6 hp,252 at,252 sp|6 hp,252 at,252 sp|6 hp,252 at,252 sp|6 hp,252 sa,252 sp|6 hp,252 sa,252 sp|6 hp,252 sa,252 sp	hzla_dynamic_calc_imp_1-3	Asserted	17	exact
801	Leader Juan5	Leader Juan	5	gym_leader	Doubles	Check Bad Move,Try To Faint,Check Viability	7	82	82	TRUE	TRUE	Tapu Fini:82:Misty Surge:Terrain Extender:Timid:Moonblast,Ice Beam,Surf,Flip Turn|Tinkaton:82:Own Tempo:Shuca Berry:Jolly:Gigaton Hammer,Play Rough,Stone Edge,Brick Break|Rapidash-Galar:82:Flash Fire:Life Orb:Jolly:Flare Blitz,Play Rough,Wild Charge,Swords Dance|Ursaluna:82:Guts:Assault Vest:Adamant:Facade,Headlong Rush,Close Combat,Play Rough|Flutter Mane:82:Protosynthesis:Choice Specs:Timid:Energy Ball,Shadow Ball,Moonblast,Psyshock|Diancie:82:Clear Body:Diancite:Timid:Moonblast,Diamond Storm,Calm Mind,Earth Power|Diancie-Mega:82:Magic Bounce:Diancite:Timid:Moonblast,Diamond Storm,Calm Mind,Earth Power	31 hp,31 at,31 df,31 sa,31 sd,31 sp|31 hp,31 at,31 df,31 sa,31 sd,31 sp|31 hp,31 at,31 df,31 sa,31 sd,31 sp|31 hp,31 at,31 df,31 sa,31 sd,31 sp|31 hp,31 at,31 df,31 sa,31 sd,31 sp|31 hp,31 at,31 df,31 sa,31 sd,31 sp|31 hp,31 at,31 df,31 sa,31 sd,31 sp	6 hp,252 sa,252 sp|6 hp,252 at,252 sp|6 hp,252 at,252 sp|6 hp,252 at,252 sp|6 hp,252 sa,252 sp|6 hp,252 sa,252 sp|6 hp,252 sa,252 sp	hzla_dynamic_calc_imp_1-3	Asserted	17	exact
802	Bug Maniac Angelo	Bug Maniac Angelo	1	route	Singles	Check Bad Move,Try To Faint,Check Viability	2	28	28	FALSE	FALSE	Illumise:28:UNK:NONE:Hardy:Moonlight,Wish,Pounce,Encore|Volbeat:28:UNK:NONE:Hardy:Struggle Bug,Moonlight,Helping Hand,Signal Beam	0 hp,0 at,0 df,0 sa,0 sd,0 sp|0 hp,0 at,0 df,0 sa,0 sd,0 sp	0|0	hzla_dynamic_calc_imp_1-3	Asserted	NA	NA
803	Bird Keeper Darius	Bird Keeper Darius	1	route	Singles	Check Bad Move,Try To Faint,Check Viability	1	62	62	FALSE	FALSE	Sigilyph:62:UNK:NONE:Hardy:Air Slash,Psychic,Cosmic Power,Sky Attack	0 hp,0 at,0 df,0 sa,0 sd,0 sp	0	hzla_dynamic_calc_imp_1-3	Asserted	NA	NA
804	Rival Steven	Rival Steven	1	rival	Singles	Check Bad Move,Try To Faint,Check Viability	6	75	78	TRUE	FALSE	Skarmory:77:UNK:NONE:Hardy:Toxic,Aerial Ace,Spikes,Steel Wing|Claydol:75:UNK:NONE:Hardy:Reflect,Light Screen,Ancient Power,Earthquake|Aggron:76:UNK:NONE:Hardy:Thunder,Earthquake,Solar Beam,Dragon Claw|Cradily:76:UNK:NONE:Hardy:Giga Drain,Ancient Power,Ingrain,Confuse Ray|Armaldo:76:UNK:NONE:Hardy:Water Pulse,Ancient Power,Aerial Ace,Slash|Metagross:78:UNK:NONE:Hardy:Earthquake,Psychic,Meteor Mash,Shadow Ball	31 hp,31 at,31 df,31 sa,31 sd,31 sp|31 hp,31 at,31 df,31 sa,31 sd,31 sp|31 hp,31 at,31 df,31 sa,31 sd,31 sp|31 hp,31 at,31 df,31 sa,31 sd,31 sp|31 hp,31 at,31 df,31 sa,31 sd,31 sp|31 hp,31 at,31 df,31 sa,31 sd,31 sp	0|0|0|0|0|0	hzla_dynamic_calc_imp_1-3	Asserted	16	bounded
805	Salon Maiden Anabel	Salon Maiden Anabel	1	route	Singles	Check Bad Move,Try To Faint,Check Viability	1	5	5	FALSE	FALSE	Beldum:5:UNK:NONE:Hardy:Take Down	0 hp,0 at,0 df,0 sa,0 sd,0 sp	0	hzla_dynamic_calc_imp_1-3	Asserted	NA	NA
806	Dome Ace Tucker	Dome Ace Tucker	1	route	Singles	Check Bad Move,Try To Faint,Check Viability	1	5	5	FALSE	FALSE	Beldum:5:UNK:NONE:Hardy:Take Down	0 hp,0 at,0 df,0 sa,0 sd,0 sp	0	hzla_dynamic_calc_imp_1-3	Asserted	NA	NA
807	Palace Maven Spenser	Palace Maven Spenser	1	route	Singles	Check Bad Move,Try To Faint,Check Viability	1	5	5	FALSE	FALSE	Beldum:5:UNK:NONE:Hardy:Take Down	0 hp,0 at,0 df,0 sa,0 sd,0 sp	0	hzla_dynamic_calc_imp_1-3	Asserted	NA	NA
808	Arena Tycoon Greta	Arena Tycoon Greta	1	route	Singles	Check Bad Move,Try To Faint,Check Viability	1	5	5	FALSE	FALSE	Beldum:5:UNK:NONE:Hardy:Take Down	0 hp,0 at,0 df,0 sa,0 sd,0 sp	0	hzla_dynamic_calc_imp_1-3	Asserted	NA	NA
809	Factory Head Noland	Factory Head Noland	1	route	Singles	Check Bad Move,Try To Faint,Check Viability	1	5	5	FALSE	FALSE	Beldum:5:UNK:NONE:Hardy:Take Down	0 hp,0 at,0 df,0 sa,0 sd,0 sp	0	hzla_dynamic_calc_imp_1-3	Asserted	NA	NA
810	Pike Queen Lucy	Pike Queen Lucy	1	route	Singles	Check Bad Move,Try To Faint,Check Viability	1	5	5	FALSE	FALSE	Beldum:5:UNK:NONE:Hardy:Take Down	0 hp,0 at,0 df,0 sa,0 sd,0 sp	0	hzla_dynamic_calc_imp_1-3	Asserted	NA	NA
811	Pyramid King Brandon	Pyramid King Brandon	1	route	Singles	Check Bad Move,Try To Faint,Check Viability	1	5	5	FALSE	FALSE	Beldum:5:UNK:NONE:Hardy:Take Down	0 hp,0 at,0 df,0 sa,0 sd,0 sp	0	hzla_dynamic_calc_imp_1-3	Asserted	NA	NA
812	Ruin Maniac Andres2	Ruin Maniac Andres	2	route	Singles	Check Bad Move	2	55	55	FALSE	FALSE	Gigalith:55:UNK:NONE:Hardy:Stealth Rock,Sandstorm,Stone Edge,Explosion|Excadrill:55:UNK:NONE:Hardy:Rock Slide,Earthquake,Sandstorm,Drill Run	0 hp,0 at,0 df,0 sa,0 sd,0 sp|0 hp,0 at,0 df,0 sa,0 sd,0 sp	0|0	hzla_dynamic_calc_imp_1-3	Asserted	NA	NA
813	Ruin Maniac Andres3	Ruin Maniac Andres	3	route	Singles	Check Bad Move	2	55	55	FALSE	FALSE	Gigalith:55:UNK:NONE:Hardy:Stealth Rock,Sandstorm,Stone Edge,Explosion|Excadrill:55:UNK:NONE:Hardy:Rock Slide,Earthquake,Sandstorm,Drill Run	0 hp,0 at,0 df,0 sa,0 sd,0 sp|0 hp,0 at,0 df,0 sa,0 sd,0 sp	0|0	hzla_dynamic_calc_imp_1-3	Asserted	NA	NA
814	Ruin Maniac Andres4	Ruin Maniac Andres	4	route	Singles	Check Bad Move	2	55	55	FALSE	FALSE	Gigalith:55:UNK:NONE:Hardy:Stealth Rock,Sandstorm,Stone Edge,Explosion|Excadrill:55:UNK:NONE:Hardy:Rock Slide,Earthquake,Sandstorm,Drill Run	0 hp,0 at,0 df,0 sa,0 sd,0 sp|0 hp,0 at,0 df,0 sa,0 sd,0 sp	0|0	hzla_dynamic_calc_imp_1-3	Asserted	NA	NA
815	Ruin Maniac Andres5	Ruin Maniac Andres	5	route	Singles	Check Bad Move	2	55	55	FALSE	FALSE	Gigalith:55:UNK:NONE:Hardy:Stealth Rock,Sandstorm,Stone Edge,Explosion|Excadrill:55:UNK:NONE:Hardy:Rock Slide,Earthquake,Sandstorm,Drill Run	0 hp,0 at,0 df,0 sa,0 sd,0 sp|0 hp,0 at,0 df,0 sa,0 sd,0 sp	0|0	hzla_dynamic_calc_imp_1-3	Asserted	NA	NA
816	Sailor Cory2	Sailor Cory	2	route	Singles	Check Bad Move	2	54	54	FALSE	FALSE	Octillery:54:UNK:NONE:Hardy:Signal Beam,Ice Beam,Bullet Seed,Hydro Pump|Malamar:54:UNK:NONE:Hardy:Slash,Night Slash,Superpower,Psycho Boost	0 hp,0 at,0 df,0 sa,0 sd,0 sp|0 hp,0 at,0 df,0 sa,0 sd,0 sp	0|0	hzla_dynamic_calc_imp_1-3	Asserted	NA	NA
817	Sailor Cory3	Sailor Cory	3	route	Singles	Check Bad Move	2	54	54	FALSE	FALSE	Octillery:54:UNK:NONE:Hardy:Signal Beam,Ice Beam,Bullet Seed,Hydro Pump|Malamar:54:UNK:NONE:Hardy:Slash,Night Slash,Superpower,Psycho Boost	0 hp,0 at,0 df,0 sa,0 sd,0 sp|0 hp,0 at,0 df,0 sa,0 sd,0 sp	0|0	hzla_dynamic_calc_imp_1-3	Asserted	NA	NA
818	Sailor Cory4	Sailor Cory	4	route	Singles	Check Bad Move	2	54	54	FALSE	FALSE	Octillery:54:UNK:NONE:Hardy:Signal Beam,Ice Beam,Bullet Seed,Hydro Pump|Malamar:54:UNK:NONE:Hardy:Slash,Night Slash,Superpower,Psycho Boost	0 hp,0 at,0 df,0 sa,0 sd,0 sp|0 hp,0 at,0 df,0 sa,0 sd,0 sp	0|0	hzla_dynamic_calc_imp_1-3	Asserted	NA	NA
819	Sailor Cory5	Sailor Cory	5	route	Singles	Check Bad Move	2	54	54	FALSE	FALSE	Octillery:54:UNK:NONE:Hardy:Signal Beam,Ice Beam,Bullet Seed,Hydro Pump|Malamar:54:UNK:NONE:Hardy:Slash,Night Slash,Superpower,Psycho Boost	0 hp,0 at,0 df,0 sa,0 sd,0 sp|0 hp,0 at,0 df,0 sa,0 sd,0 sp	0|0	hzla_dynamic_calc_imp_1-3	Asserted	NA	NA
820	Triathlete Pablo2	Triathlete Pablo	2	route	Singles	Check Bad Move	2	62	62	FALSE	FALSE	Octillery:62:UNK:NONE:Hardy:Ice Beam,Bullet Seed,Hydro Pump,Snipe Shot|Greninja:62:UNK:NONE:Hardy:Feint Attack,Substitute,Bounce,Extrasensory	0 hp,0 at,0 df,0 sa,0 sd,0 sp|0 hp,0 at,0 df,0 sa,0 sd,0 sp	0|0	hzla_dynamic_calc_imp_1-3	Asserted	NA	NA
821	Triathlete Pablo3	Triathlete Pablo	3	route	Singles	Check Bad Move	2	62	62	FALSE	FALSE	Octillery:62:UNK:NONE:Hardy:Ice Beam,Bullet Seed,Hydro Pump,Snipe Shot|Greninja:62:UNK:NONE:Hardy:Feint Attack,Substitute,Bounce,Extrasensory	0 hp,0 at,0 df,0 sa,0 sd,0 sp|0 hp,0 at,0 df,0 sa,0 sd,0 sp	0|0	hzla_dynamic_calc_imp_1-3	Asserted	NA	NA
822	Triathlete Pablo4	Triathlete Pablo	4	route	Singles	Check Bad Move	2	62	62	FALSE	FALSE	Octillery:62:UNK:NONE:Hardy:Ice Beam,Bullet Seed,Hydro Pump,Snipe Shot|Greninja:62:UNK:NONE:Hardy:Feint Attack,Substitute,Bounce,Extrasensory	0 hp,0 at,0 df,0 sa,0 sd,0 sp|0 hp,0 at,0 df,0 sa,0 sd,0 sp	0|0	hzla_dynamic_calc_imp_1-3	Asserted	NA	NA
823	Triathlete Pablo5	Triathlete Pablo	5	route	Singles	Check Bad Move	2	62	62	FALSE	FALSE	Octillery:62:UNK:NONE:Hardy:Ice Beam,Bullet Seed,Hydro Pump,Snipe Shot|Greninja:62:UNK:NONE:Hardy:Feint Attack,Substitute,Bounce,Extrasensory	0 hp,0 at,0 df,0 sa,0 sd,0 sp|0 hp,0 at,0 df,0 sa,0 sd,0 sp	0|0	hzla_dynamic_calc_imp_1-3	Asserted	NA	NA
824	Black Belt Koji2	Black Belt Koji	2	route	Singles	Check Bad Move	1	65	65	FALSE	FALSE	Conkeldurr:65:UNK:NONE:Hardy:Hammer Arm,Stone Edge,Focus Punch,Superpower	0 hp,0 at,0 df,0 sa,0 sd,0 sp	0	hzla_dynamic_calc_imp_1-3	Asserted	NA	NA
825	Black Belt Koji3	Black Belt Koji	3	route	Singles	Check Bad Move	1	65	65	FALSE	FALSE	Conkeldurr:65:UNK:NONE:Hardy:Hammer Arm,Stone Edge,Focus Punch,Superpower	0 hp,0 at,0 df,0 sa,0 sd,0 sp	0	hzla_dynamic_calc_imp_1-3	Asserted	NA	NA
826	Black Belt Koji4	Black Belt Koji	4	route	Singles	Check Bad Move	1	65	65	FALSE	FALSE	Conkeldurr:65:UNK:NONE:Hardy:Hammer Arm,Stone Edge,Focus Punch,Superpower	0 hp,0 at,0 df,0 sa,0 sd,0 sp	0	hzla_dynamic_calc_imp_1-3	Asserted	NA	NA
827	Black Belt Koji5	Black Belt Koji	5	route	Singles	Check Bad Move	1	65	65	FALSE	FALSE	Conkeldurr:65:UNK:NONE:Hardy:Hammer Arm,Stone Edge,Focus Punch,Superpower	0 hp,0 at,0 df,0 sa,0 sd,0 sp	0	hzla_dynamic_calc_imp_1-3	Asserted	NA	NA
828	Cooltrainer Cristin2	Cooltrainer Cristin	2	route	Singles	Check Bad Move,Try To Faint,Check Viability	2	64	64	FALSE	FALSE	Exploud:64:UNK:NONE:Hardy:Synchronoise,Boomburst,Overdrive,Hyper Beam|Cinccino:64:UNK:NONE:Hardy:Tickle,Sing,Tail Slap,Tidy Up	0 hp,0 at,0 df,0 sa,0 sd,0 sp|0 hp,0 at,0 df,0 sa,0 sd,0 sp	0|0	hzla_dynamic_calc_imp_1-3	Asserted	NA	NA
829	Cooltrainer Cristin3	Cooltrainer Cristin	3	route	Singles	Check Bad Move,Try To Faint,Check Viability	2	64	64	FALSE	FALSE	Exploud:64:UNK:NONE:Hardy:Synchronoise,Boomburst,Overdrive,Hyper Beam|Cinccino:64:UNK:NONE:Hardy:Tickle,Sing,Tail Slap,Tidy Up	0 hp,0 at,0 df,0 sa,0 sd,0 sp|0 hp,0 at,0 df,0 sa,0 sd,0 sp	0|0	hzla_dynamic_calc_imp_1-3	Asserted	NA	NA
830	Cooltrainer Cristin4	Cooltrainer Cristin	4	route	Singles	Check Bad Move,Try To Faint,Check Viability	2	64	64	FALSE	FALSE	Exploud:64:UNK:NONE:Hardy:Synchronoise,Boomburst,Overdrive,Hyper Beam|Cinccino:64:UNK:NONE:Hardy:Tickle,Sing,Tail Slap,Tidy Up	0 hp,0 at,0 df,0 sa,0 sd,0 sp|0 hp,0 at,0 df,0 sa,0 sd,0 sp	0|0	hzla_dynamic_calc_imp_1-3	Asserted	NA	NA
831	Cooltrainer Cristin5	Cooltrainer Cristin	5	route	Singles	Check Bad Move,Try To Faint,Check Viability	2	64	64	FALSE	FALSE	Exploud:64:UNK:NONE:Hardy:Synchronoise,Boomburst,Overdrive,Hyper Beam|Cinccino:64:UNK:NONE:Hardy:Tickle,Sing,Tail Slap,Tidy Up	0 hp,0 at,0 df,0 sa,0 sd,0 sp|0 hp,0 at,0 df,0 sa,0 sd,0 sp	0|0	hzla_dynamic_calc_imp_1-3	Asserted	NA	NA
832	Guitarist Fernando2	Guitarist Fernando	2	route	Singles	Check Bad Move	2	56	56	FALSE	FALSE	Carbink:56:UNK:NONE:Hardy:Skill Swap,Power Gem,Stone Edge,Moonblast|Dustox:56:UNK:NONE:Hardy:Sludge Bomb,Bug Buzz,Detect,Quiver Dance	0 hp,0 at,0 df,0 sa,0 sd,0 sp|0 hp,0 at,0 df,0 sa,0 sd,0 sp	0|0	hzla_dynamic_calc_imp_1-3	Asserted	NA	NA
833	Guitarist Fernando3	Guitarist Fernando	3	route	Singles	Check Bad Move	2	56	56	FALSE	FALSE	Carbink:56:UNK:NONE:Hardy:Skill Swap,Power Gem,Stone Edge,Moonblast|Dustox:56:UNK:NONE:Hardy:Sludge Bomb,Bug Buzz,Detect,Quiver Dance	0 hp,0 at,0 df,0 sa,0 sd,0 sp|0 hp,0 at,0 df,0 sa,0 sd,0 sp	0|0	hzla_dynamic_calc_imp_1-3	Asserted	NA	NA
834	Guitarist Fernando4	Guitarist Fernando	4	route	Singles	Check Bad Move	2	56	56	FALSE	FALSE	Carbink:56:UNK:NONE:Hardy:Skill Swap,Power Gem,Stone Edge,Moonblast|Dustox:56:UNK:NONE:Hardy:Sludge Bomb,Bug Buzz,Detect,Quiver Dance	0 hp,0 at,0 df,0 sa,0 sd,0 sp|0 hp,0 at,0 df,0 sa,0 sd,0 sp	0|0	hzla_dynamic_calc_imp_1-3	Asserted	NA	NA
835	Guitarist Fernando5	Guitarist Fernando	5	route	Singles	Check Bad Move	2	56	56	FALSE	FALSE	Carbink:56:UNK:NONE:Hardy:Skill Swap,Power Gem,Stone Edge,Moonblast|Dustox:56:UNK:NONE:Hardy:Sludge Bomb,Bug Buzz,Detect,Quiver Dance	0 hp,0 at,0 df,0 sa,0 sd,0 sp|0 hp,0 at,0 df,0 sa,0 sd,0 sp	0|0	hzla_dynamic_calc_imp_1-3	Asserted	NA	NA
836	Hiker Sawyer2	Hiker Sawyer	2	route	Singles	Check Bad Move,Try To Faint,Check Viability	1	21	21	FALSE	FALSE	Geodude:21:UNK:NONE:Hardy:Rollout,Magnitude,Rock Tomb,Smack Down	0 hp,0 at,0 df,0 sa,0 sd,0 sp	0	hzla_dynamic_calc_imp_1-3	Asserted	NA	NA
837	Hiker Sawyer3	Hiker Sawyer	3	route	Singles	Check Bad Move,Try To Faint,Check Viability	1	21	21	FALSE	FALSE	Geodude:21:UNK:NONE:Hardy:Rollout,Magnitude,Rock Tomb,Smack Down	0 hp,0 at,0 df,0 sa,0 sd,0 sp	0	hzla_dynamic_calc_imp_1-3	Asserted	NA	NA
838	Hiker Sawyer4	Hiker Sawyer	4	route	Singles	Check Bad Move,Try To Faint,Check Viability	1	21	21	FALSE	FALSE	Geodude:21:UNK:NONE:Hardy:Rollout,Magnitude,Rock Tomb,Smack Down	0 hp,0 at,0 df,0 sa,0 sd,0 sp	0	hzla_dynamic_calc_imp_1-3	Asserted	NA	NA
839	Hiker Sawyer5	Hiker Sawyer	5	route	Singles	Check Bad Move,Try To Faint,Check Viability	1	21	21	FALSE	FALSE	Geodude:21:UNK:NONE:Hardy:Rollout,Magnitude,Rock Tomb,Smack Down	0 hp,0 at,0 df,0 sa,0 sd,0 sp	0	hzla_dynamic_calc_imp_1-3	Asserted	NA	NA
840	Pkmn Breeder Gabrielle2	Pkmn Breeder Gabrielle	2	route	Singles	Check Bad Move	2	64	64	FALSE	FALSE	Marowak:64:UNK:NONE:Hardy:Stomping Tantrum,Endeavor,Double-Edge,Retaliate|Marowak-Alola:64:UNK:NONE:Hardy:Stomping Tantrum,Endeavor,Flare Blitz,Retaliate	0 hp,0 at,0 df,0 sa,0 sd,0 sp|0 hp,0 at,0 df,0 sa,0 sd,0 sp	0|0	hzla_dynamic_calc_imp_1-3	Asserted	NA	NA
841	Pkmn Breeder Gabrielle3	Pkmn Breeder Gabrielle	3	route	Singles	Check Bad Move	2	64	64	FALSE	FALSE	Marowak:64:UNK:NONE:Hardy:Stomping Tantrum,Endeavor,Double-Edge,Retaliate|Marowak-Alola:64:UNK:NONE:Hardy:Stomping Tantrum,Endeavor,Flare Blitz,Retaliate	0 hp,0 at,0 df,0 sa,0 sd,0 sp|0 hp,0 at,0 df,0 sa,0 sd,0 sp	0|0	hzla_dynamic_calc_imp_1-3	Asserted	NA	NA
842	Pkmn Breeder Gabrielle4	Pkmn Breeder Gabrielle	4	route	Singles	Check Bad Move	2	64	64	FALSE	FALSE	Marowak:64:UNK:NONE:Hardy:Stomping Tantrum,Endeavor,Double-Edge,Retaliate|Marowak-Alola:64:UNK:NONE:Hardy:Stomping Tantrum,Endeavor,Flare Blitz,Retaliate	0 hp,0 at,0 df,0 sa,0 sd,0 sp|0 hp,0 at,0 df,0 sa,0 sd,0 sp	0|0	hzla_dynamic_calc_imp_1-3	Asserted	NA	NA
843	Pkmn Breeder Gabrielle5	Pkmn Breeder Gabrielle	5	route	Singles	Check Bad Move	2	64	64	FALSE	FALSE	Marowak:64:UNK:NONE:Hardy:Stomping Tantrum,Endeavor,Double-Edge,Retaliate|Marowak-Alola:64:UNK:NONE:Hardy:Stomping Tantrum,Endeavor,Flare Blitz,Retaliate	0 hp,0 at,0 df,0 sa,0 sd,0 sp|0 hp,0 at,0 df,0 sa,0 sd,0 sp	0|0	hzla_dynamic_calc_imp_1-3	Asserted	NA	NA
844	Beauty Thalia2	Beauty Thalia	2	route	Singles	Check Bad Move	2	56	56	FALSE	FALSE	Alakazam:56:UNK:NONE:Hardy:Recover,Psychic,Future Sight,Calm Mind|Granbull:56:UNK:NONE:Hardy:Jaw Lock,Raging Bull,Payback,Hammer Arm	0 hp,0 at,0 df,0 sa,0 sd,0 sp|0 hp,0 at,0 df,0 sa,0 sd,0 sp	0|0	hzla_dynamic_calc_imp_1-3	Asserted	NA	NA
845	Beauty Thalia3	Beauty Thalia	3	route	Singles	Check Bad Move	2	56	56	FALSE	FALSE	Alakazam:56:UNK:NONE:Hardy:Recover,Psychic,Future Sight,Calm Mind|Granbull:56:UNK:NONE:Hardy:Jaw Lock,Raging Bull,Payback,Hammer Arm	0 hp,0 at,0 df,0 sa,0 sd,0 sp|0 hp,0 at,0 df,0 sa,0 sd,0 sp	0|0	hzla_dynamic_calc_imp_1-3	Asserted	NA	NA
846	Beauty Thalia4	Beauty Thalia	4	route	Singles	Check Bad Move	2	56	56	FALSE	FALSE	Alakazam:56:UNK:NONE:Hardy:Recover,Psychic,Future Sight,Calm Mind|Granbull:56:UNK:NONE:Hardy:Jaw Lock,Raging Bull,Payback,Hammer Arm	0 hp,0 at,0 df,0 sa,0 sd,0 sp|0 hp,0 at,0 df,0 sa,0 sd,0 sp	0|0	hzla_dynamic_calc_imp_1-3	Asserted	NA	NA
847	Beauty Thalia5	Beauty Thalia	5	route	Singles	Check Bad Move	2	56	56	FALSE	FALSE	Alakazam:56:UNK:NONE:Hardy:Recover,Psychic,Future Sight,Calm Mind|Granbull:56:UNK:NONE:Hardy:Jaw Lock,Raging Bull,Payback,Hammer Arm	0 hp,0 at,0 df,0 sa,0 sd,0 sp|0 hp,0 at,0 df,0 sa,0 sd,0 sp	0|0	hzla_dynamic_calc_imp_1-3	Asserted	NA	NA
848	Psychic Mariela	Psychic Mariela	1	route	Singles	NONE	1	41	41	FALSE	FALSE	Chimecho:41:UNK:NONE:Hardy:Extrasensory,Heal Bell,Uproar,Safeguard	0 hp,0 at,0 df,0 sa,0 sd,0 sp	0	hzla_dynamic_calc_imp_1-3	Asserted	NA	NA
849	Psychic Alvaro	Psychic Alvaro	1	route	Singles	NONE	2	41	41	FALSE	FALSE	Banette:41:UNK:NONE:Hardy:Curse,Shadow Ball,Embargo,Sucker Punch|Kadabra:41:UNK:NONE:Hardy:Energy Ball,Recover,Psychic,Role Play	0 hp,0 at,0 df,0 sa,0 sd,0 sp|0 hp,0 at,0 df,0 sa,0 sd,0 sp	0|0	hzla_dynamic_calc_imp_1-3	Asserted	NA	NA
850	Gentleman Everett	Gentleman Everett	1	route	Singles	NONE	1	41	41	FALSE	FALSE	Wobbuffet:41:UNK:NONE:Hardy:Counter,Mirror Coat,Safeguard,Destiny Bond	0 hp,0 at,0 df,0 sa,0 sd,0 sp	0	hzla_dynamic_calc_imp_1-3	Asserted	NA	NA
851	Lvl -1 Leader Candice	Lvl -1 Leader Candice	1	route	Singles	Check Bad Move,Try To Faint,Check Viability,Smart Switching,Omniscient	4	-1	-2	FALSE	FALSE	Snover:-2:Snow Warning:Occa Berry:Rash:Mega Drain,Icy Wind,Ice Shard,Sleep Powder|Spheal:-1:Thick Fat:Oran Berry:Calm:Icy Wind,Brine,Hidden Power,Signal Beam|Delibird:-1:Refrigerate:Muscle Band:Adamant:Fake Out,Aerial Ace,Ice Shard,Steel Wing|Cetoddle:-1:Slush Rush:Muscle Band:Jolly:Ice Fang,Rock Smash,Bulldoze,Ice Shard	31 hp,31 at,31 df,31 sa,31 sd,31 sp|31 hp,31 at,31 df,30 sa,30 sd,30 sp|31 hp,31 at,31 df,31 sa,31 sd,31 sp|31 hp,31 at,31 df,31 sa,31 sd,31 sp	0|0|0|0	hzla_dynamic_calc_imp_1-3	Asserted	NA	NA
852	Lvl -1* Leader Gardenia	Lvl -1* Leader Gardenia	1	route	Singles	Check Bad Move,Try To Faint,Check Viability,Smart Switching,Omniscient	5	-1	0	FALSE	FALSE	Roserade:0:Natural Cure:Miracle Seed:Timid:Giga Drain,Sludge,Sleep Powder,Hidden Power|Dolliv:-1:Harvest:Sitrus Berry:Calm:Leech Seed,Protect,Mega Drain,Facade|Sudowoodo:-1:Sturdy:Muscle Band:Adamant:Rock Tomb,Bulldoze,Trailblaze,Power-Up Punch|Gloom:-1:Stench:Eviolite:Bold:Mega Drain,Stun Spore,Leech Seed,Synthesis|Gloom:-1:Stench:Eviolite:Bold:Sludge,Poison Powder,Leech Seed,Synthesis	31 hp,30 at,31 df,30 sa,31 sd,30 sp|31 hp,31 at,31 df,31 sa,31 sd,31 sp|31 hp,31 at,31 df,31 sa,31 sd,31 sp|31 hp,31 at,31 df,31 sa,31 sd,31 sp|31 hp,31 at,31 df,31 sa,31 sd,31 sp	0|0|0|0|0	hzla_dynamic_calc_imp_1-3	Asserted	NA	NA
853	RS Protag Brendan Placeholder	RS Protag Brendan Placeholder	1	route	Singles	NONE	1	5	5	FALSE	FALSE	Groudon:5:UNK:NONE:Hardy:Metal Claw,Smack Down,Scary Face	0 hp,0 at,0 df,0 sa,0 sd,0 sp	0	hzla_dynamic_calc_imp_1-3	Asserted	NA	NA
854	RS Protag May Placeholder	RS Protag May Placeholder	1	route	Singles	NONE	1	5	5	FALSE	FALSE	Kyogre:5:UNK:NONE:Hardy:Aqua Ring,Rest,Scary Face	0 hp,0 at,0 df,0 sa,0 sd,0 sp	0	hzla_dynamic_calc_imp_1-3	Asserted	NA	NA
855	Lvl -1 Rival Dawn Route104	Lvl -1 Rival Dawn Route	104	route	Singles	Check Bad Move,Try To Faint,Check Viability,Smart Switching,Omniscient	3	-1	-3	TRUE	FALSE	Buneary:-3:Limber:Oran Berry:Adamant:Fake Out,Quick Attack,Mach Punch|Noibat:-2:Infiltrator:Oran Berry:Timid:Gust,Absorb,Twister|Piplup:-1:Torrent:Oran Berry:Serious:Bubble Beam,Aqua Jet,Baby-Doll Eyes,Peck	31 hp,31 at,31 df,31 sa,31 sd,31 sp|31 hp,31 at,31 df,31 sa,31 sd,31 sp|31 hp,31 at,31 df,31 sa,31 sd,31 sp	0|0|0	hzla_dynamic_calc_imp_1-3	Asserted	NA	NA
856	Lvl -1 Rival Ursula	Lvl -1 Rival Ursula	1	route	Doubles	Check Bad Move,Try To Faint,Check Viability,Smart Switching,Omniscient	4	-1	-1	TRUE	TRUE	Oricorio:-1:Dancer:Charti Berry:Timid:Revelation Dance,Quiver Dance,Air Cutter,Roost|Oricorio-Pa'u:-1:Dancer:Charti Berry:Timid:Revelation Dance,Quiver Dance,Air Cutter,Roost|Oricorio-Sensu:-1:Dancer:Charti Berry:Timid:Revelation Dance,Quiver Dance,Air Cutter,Roost|Oricorio-Pom-Pom:-1:Dancer:Charti Berry:Timid:Revelation Dance,Quiver Dance,Air Cutter,Roost	31 hp,31 at,31 df,31 sa,31 sd,31 sp|31 hp,31 at,31 df,31 sa,31 sd,31 sp|31 hp,31 at,31 df,31 sa,31 sd,31 sp|31 hp,31 at,31 df,31 sa,31 sd,31 sp	6 hp,252 sa,252 sp|6 hp,252 sa,252 sp|6 hp,252 sa,252 sp|6 hp,252 sa,252 sp	hzla_dynamic_calc_imp_1-3	Asserted	NA	NA
857	Rival Cap	Rival Cap	1	rival	Singles	Check Bad Move,Try To Faint,Check Viability,Smart Switching,Omniscient	7	0	0	TRUE	TRUE	Muk-Alola:0:Poison Touch:Air Balloon:Adamant:Knock Off,Poison Jab,Ice Punch,Toxic|Conkeldurr:0:Iron Fist:Punching Glove:Adamant:Drain Punch,Mach Punch,Thunder Punch,Fire Punch|Donphan:0:Sturdy:Custap Berry:Adamant:Earthquake,Knock Off,Rock Slide,Play Rough|Lanturn:0:Volt Absorb:Leftovers:Modest:Scald,Thunder Wave,Confuse Ray,Thunderbolt|Celesteela:0:Beast Boost:Assault Vest:Modest:Air Slash,Flash Cannon,Giga Drain,Flamethrower|Charizard:0:Blaze:Charizardite X:Jolly:Dragon Dance,Dragon Claw,Flare Blitz,Earthquake|Charizard-Mega-X:0:Tough Claws:Charizardite X:Jolly:Dragon Dance,Dragon Claw,Flare Blitz,Earthquake	31 hp,31 at,31 df,31 sa,31 sd,31 sp|31 hp,31 at,31 df,31 sa,31 sd,31 sp|31 hp,31 at,31 df,31 sa,31 sd,31 sp|31 hp,31 at,31 df,31 sa,31 sd,31 sp|31 hp,31 at,31 df,31 sa,31 sd,31 sp|31 hp,31 at,31 df,31 sa,31 sd,31 sp|31 hp,31 at,31 df,31 sa,31 sd,31 sp	6 hp,252 at,252 sp|6 hp,252 at,252 sp|6 hp,252 at,252 sp|6 hp,252 sa,252 sp|6 hp,252 sa,252 sp|6 hp,252 at,252 sp|6 hp,252 at,252 sp	hzla_dynamic_calc_imp_1-3	Asserted	DYNAMIC	player_relative
858	Rival Dawn Lilycove	Rival Dawn Lilycove	1	rival	Singles	Check Bad Move,Try To Faint,Check Viability,Smart Switching,Omniscient	7	71	71	TRUE	TRUE	Lopunny:71:Limber:Life Orb:Jolly:Fake Out,Return,Thunder Punch,Close Combat|Noivern:71:Infiltrator:Choice Specs:Timid:Aeroblast,Dragon Pulse,Boomburst,Dark Pulse|Meowscarada:71:Protean:Expert Belt:Jolly:Knock Off,Flower Trick,Play Rough,U-turn|Chandelure:71:Flash Fire:Charcoal:Timid:Flamethrower,Shadow Ball,Psychic,Will-O-Wisp|Iron Boulder:71:Quark Drive:Booster Energy:Jolly:Sacred Sword,Mighty Cleave,Psycho Cut,Megahorn|Empoleon:71:Torrent:Empoleonite D:Modest:Surf,Flash Cannon,Air Slash,Roost|Empoleon-Mega-D:71:Lightning Rod:Empoleonite D:Modest:Surf,Flash Cannon,Air Slash,Roost	31 hp,31 at,31 df,31 sa,31 sd,31 sp|31 hp,31 at,31 df,31 sa,31 sd,31 sp|31 hp,31 at,31 df,31 sa,31 sd,31 sp|31 hp,31 at,31 df,31 sa,31 sd,31 sp|31 hp,31 at,31 df,31 sa,31 sd,31 sp|31 hp,31 at,31 df,31 sa,31 sd,31 sp|31 hp,31 at,31 df,31 sa,31 sd,31 sp	6 hp,252 at,252 sp|6 hp,252 sa,252 sp|6 hp,252 at,252 sp|6 hp,252 sa,252 sp|6 hp,252 at,252 sp|252 hp,6 sa,252 sd|252 hp,6 sa,252 sd	hzla_dynamic_calc_imp_1-3	Asserted	13	exact
859	Rival Dawn Evergrande	Rival Dawn Evergrande	1	rival	Singles	Check Bad Move,Try To Faint,Check Viability,Smart Switching,Omniscient	7	84	84	TRUE	TRUE	Pheromosa:84:Beast Boost:Focus Sash:Jolly:U-turn,Triple Kick,Poison Jab,Triple Axel|Noivern:84:Infiltrator:Choice Specs:Timid:Aeroblast,Draco Meteor,Boomburst,Dark Pulse|Meowscarada:84:Protean:Expert Belt:Jolly:Knock Off,Flower Trick,Play Rough,Triple Axel|Blacephalon:84:Beast Boost:Life Orb:Timid:Flamethrower,Shadow Ball,Psychic,Mind Blown|Iron Boulder:84:Quark Drive:Booster Energy:Jolly:Sacred Sword,Mighty Cleave,Psycho Cut,Megahorn|Empoleon:84:Torrent:Empoleonite D:Modest:Surf,Flash Cannon,Air Slash,Roost|Empoleon-Mega-D:84:Lightning Rod:Empoleonite D:Modest:Surf,Flash Cannon,Air Slash,Roost	31 hp,31 at,31 df,31 sa,31 sd,31 sp|31 hp,31 at,31 df,31 sa,31 sd,31 sp|31 hp,31 at,31 df,31 sa,31 sd,31 sp|31 hp,31 at,31 df,31 sa,31 sd,31 sp|31 hp,31 at,31 df,31 sa,31 sd,31 sp|31 hp,31 at,31 df,31 sa,31 sd,31 sp|31 hp,31 at,31 df,31 sa,31 sd,31 sp	6 hp,252 at,252 sp|6 hp,252 sa,252 sp|6 hp,252 at,252 sp|6 hp,252 sa,252 sp|6 hp,252 at,252 sp|252 hp,6 sa,252 sd|252 hp,6 sa,252 sd	hzla_dynamic_calc_imp_1-3	Asserted	18	exact
860	Elite Four Cynthia	Elite Four Cynthia	1	elite_four	Singles	Check Bad Move,Try To Faint,Check Viability,Smart Switching,Omniscient	7	85	85	FALSE	TRUE	Spiritomb:85:Intimidate:Assault Vest:Sassy:Dark Hole,Sucker Punch,Dream Eater,Poltergeist|Heatran:85:Flash Fire:Air Balloon:Timid:Flamethrower,Flash Cannon,Power Gem,Will-O-Wisp|Cramorant:85:Gulp Missile:Focus Sash:Timid:Surf,Ice Beam,Air Slash,Roost|Zamazenta-Crowned:85:Dauntless Shield:Rusted Shield:Jolly:Body Press,Iron Defense,Behemoth Bash,Play Rough|Xerneas:85:Fairy Aura:Power Herb:Timid:Moonblast,Psyshock,Hidden Power,Geomancy|Garchomp:85:Sand Veil:Garchompite:Jolly:Scale Shot,Earthquake,Stone Edge,Swords Dance|Garchomp-Mega:85:Sand Force:Garchompite:Jolly:Scale Shot,Earthquake,Stone Edge,Swords Dance	31 hp,31 at,31 df,31 sa,31 sd,31 sp|31 hp,31 at,31 df,31 sa,31 sd,31 sp|31 hp,31 at,31 df,31 sa,31 sd,31 sp|31 hp,31 at,31 df,31 sa,31 sd,31 sp|31 hp,30 at,31 df,30 sa,31 sd,30 sp|31 hp,31 at,31 df,31 sa,31 sd,31 sp|31 hp,31 at,31 df,31 sa,31 sd,31 sp	252 hp,6 sa,252 sd|6 hp,252 sa,252 sp|6 hp,252 sa,252 sp|6 hp,252 at,252 sp|6 hp,252 sa,252 sp|6 hp,252 at,252 sp|6 hp,252 at,252 sp	hzla_dynamic_calc_imp_1-3	Asserted	19	exact
